frame	type	x	y
17	orientation_diff	247.6904296875	291.03050231933594
18	orientation_diff	249.50738906860352	283.0295944213867
36	orientation_diff	496.445858001709	898.0776634216309
37	orientation_diff	495.87313079833984	896.4612274169922
38	orientation_diff	495.8365821838379	896.3431625366211
39	orientation_diff	493.9947929382324	896.2645149230957
40	orientation_diff	496.806697845459	896.0227165222168
41	orientation_diff	496.1441078186035	896.1514167785645
42	orientation_diff	496.41769790649414	897.3265533447266
43	orientation_diff	493.6127281188965	899.1096992492676
44	orientation_diff	494.7385368347168	899.1511344909668
45	orientation_diff	491.28042221069336	896.7929515838623
46	orientation_diff	492.4523582458496	894.1900901794434
47	orientation_diff	489.91515731811523	896.7339210510254
48	orientation_diff	489.1515998840332	895.5431594848633
49	orientation_diff	488.3068428039551	894.7396106719971
50	orientation_diff	487.6903553009033	894.700740814209
51	orientation_diff	489.2665672302246	897.3142414093018
52	orientation_diff	490.75889587402344	896.7476539611816
53	orientation_diff	490.8359565734863	898.9335918426514
54	orientation_diff	487.2273826599121	896.8839225769043
55	orientation_diff	491.1458206176758	892.2981395721436
56	orientation_diff	487.49161529541016	895.6781349182129
57	orientation_diff	489.3666191101074	895.27614402771
58	orientation_diff	489.42091369628906	895.2798404693604
59	orientation_diff	488.47264862060547	895.2900524139404
60	orientation_diff	491.05802726745605	891.387077331543
61	orientation_diff	490.95386505126953	892.1188468933105
62	orientation_diff	492.619197845459	892.1425895690918
63	orientation_diff	488.7375717163086	895.8366394042969
74	orientation_diff	487.90465927124023	885.7242202758789
75	orientation_diff	486.81621170043945	882.89892578125
76	orientation_diff	487.8454475402832	880.9836959838867
77	orientation_diff	486.5615882873535	882.4298210144043
78	orientation_diff	485.12663650512695	880.5074806213379
81	orientation_diff	489.1204147338867	880.3292617797852
82	orientation_diff	487.74182891845703	879.1976280212402
83	orientation_diff	489.70425033569336	877.8436336517334
84	orientation_diff	489.0881996154785	877.0914916992188
85	orientation_diff	489.08628845214844	876.4144763946533
86	orientation_diff	489.2602958679199	874.8431167602539
87	orientation_diff	490.51780700683594	873.4947776794434
88	orientation_diff	491.5686836242676	873.9296932220459
125	orientation_diff	602.7146377563477	588.943400700887
248	orientation_diff	348.6379699707031	154.56093215942383
249	orientation_diff	351.1086082458496	158.6695899963379
250	orientation_diff	356.4767761230469	161.01120376586914
251	orientation_diff	355.2105407714844	172.26687240600586
283	orientation_diff	285.64038848876953	226.99354934692383
288	orientation_diff	590.9611873626709	864.5043487548828
289	orientation_diff	593.0922889709473	848.758602142334
290	orientation_diff	599.3902626037598	836.7255859375
291	position_diff	400.9239273071289	847.3177146911621
293	orientation_diff	403.7526550292969	847.5225868225098
294	position_diff	402.2980613708496	845.7822132110596
295	orientation_diff	406.1074409484863	850.6293296813965
296	orientation_diff	403.7466697692871	845.2694606781006
297	orientation_diff	401.08593368530273	845.107780456543
300	orientation_diff	414.80271911621094	852.2057647705078
301	orientation_diff	413.8826217651367	848.4815788269043
302	orientation_diff	413.977840423584	848.242431640625
303	orientation_diff	415.2299690246582	847.6455402374268
304	orientation_diff	419.08643341064453	851.8982181549072
305	orientation_diff	419.0916213989258	851.0998916625977
306	orientation_diff	415.786922454834	845.8731136322021
307	orientation_diff	415.2474479675293	844.7951488494873
308	orientation_diff	415.9997253417969	845.1818656921387
309	orientation_diff	416.9571723937988	844.6809883117676
310	orientation_diff	418.27832794189453	843.8707885742188
311	orientation_diff	417.7526054382324	841.9224529266357
312	orientation_diff	419.3307304382324	839.5332984924316
313	orientation_diff	413.0052375793457	833.1053009033203
314	orientation_diff	418.25916290283203	836.0874919891357
315	orientation_diff	419.32108306884766	836.0313739776611
316	orientation_diff	421.6370735168457	838.5757598876953
317	orientation_diff	419.94385528564453	836.5682048797607
318	orientation_diff	423.86712137858075	836.1704374949137
319	orientation_diff	421.9054883321126	836.3693211873373
321	orientation_diff	427.0267906188965	837.2288341522217
322	orientation_diff	426.9400291442871	829.4060935974121
442	orientation_diff	312.6569519042969	187.39041137695312
443	orientation_diff	313.3156318664551	187.05448150634766
444	orientation_diff	314.9297752380371	189.03698348999023
445	orientation_diff	311.98999404907227	191.55768203735352
504	orientation_diff	722.9405517578125	805.6930923461914
516	orientation_diff	716.6967391967773	800.5327491760254
517	orientation_diff	714.6359424591064	806.2846431732178
518	orientation_diff	716.2945690155029	800.1223297119141
519	orientation_diff	718.0942535400391	799.8931636810303
520	orientation_diff	712.6796379089355	800.0875663757324
527	orientation_diff	707.7784004211426	789.5422191619873
528	orientation_diff	706.8018569946289	790.4576225280762
529	orientation_diff	707.0573654174805	789.5232753753662
530	orientation_diff	704.1054801940918	795.02219581604
531	orientation_diff	707.9767990112305	789.5775337219238
532	orientation_diff	706.9630355834961	791.8978099822998
533	orientation_diff	705.8253402709961	790.5811920166016
534	orientation_diff	702.3092765808105	794.6760902404785
535	orientation_diff	704.4729995727539	792.8406267166138
536	orientation_diff	703.7517585754395	793.4524478912354
537	orientation_diff	703.030517578125	794.0642690658569
538	orientation_diff	705.1942405700684	792.2288055419922
539	orientation_diff	700.0065231323242	796.1873645782471
540	orientation_diff	699.6008014678955	791.7772693634033
541	orientation_diff	701.0078792572021	789.6573848724365
542	orientation_diff	701.9336891174316	791.7883949279785
543	orientation_diff	696.2036666870117	792.0091667175293
544	orientation_diff	695.5158529281616	791.8463954925537
545	orientation_diff	694.8280391693115	791.6836242675781
546	orientation_diff	692.5688323974609	791.4261436462402
547	orientation_diff	691.6283950805664	788.9214477539062
548	orientation_diff	686.4620056152344	785.9185218811035
549	orientation_diff	681.6848793029785	783.8314895629883
550	orientation_diff	678.977216720581	777.942985534668
591	orientation_diff	270.44095611572266	216.4222755432129
592	orientation_diff	271.03942108154297	216.8396759033203
593	orientation_diff	271.6378860473633	217.25707626342773
594	orientation_diff	272.68749618530273	221.46210479736328
595	orientation_diff	273.19316482543945	221.77348709106445
596	orientation_diff	272.1610565185547	220.342191696167
597	orientation_diff	272.5050926208496	220.8192901611328
598	orientation_diff	272.84912872314453	221.29638862609863
599	orientation_diff	271.81702041625977	219.86509323120117
600	orientation_diff	271.65557861328125	220.7981185913086
601	orientation_diff	269.97013092041016	224.35748291015625
602	orientation_diff	268.6640167236328	225.5003890991211
603	orientation_diff	273.65172958374023	226.32228469848633
604	orientation_diff	274.5402526855469	226.5094985961914
608	orientation_diff	280.2944564819336	231.16552734375
609	orientation_diff	277.45293045043945	231.1476287841797
610	orientation_diff	278.6232109069824	231.62091064453125
611	orientation_diff	282.5748176574707	231.34734725952148
612	orientation_diff	281.0976867675781	234.28039932250977
622	orientation_diff	276.3837585449219	250.37791442871094
624	orientation_diff	282.62684059143066	252.63638305664062
627	orientation_diff	337.99109649658203	266.7999496459961
751	position_diff	280.9683691660563	265.3677444458008
752	wrong_count	nan	nan
753	orientation_diff	258.0924186706543	257.7359390258789
824	position_diff	200.89749908447266	221.37063598632812
825	position_diff	197.53445053100586	223.15099334716797
826	orientation_diff	201.178129196167	220.44067764282227
827	orientation_diff	201.81407737731934	221.15753936767578
830	orientation_diff	200.23330688476562	217.4368782043457
879	position_diff	274.000186920166	215.79833602905273
880	position_diff	277.7024345397949	219.05177116394043
881	position_diff	275.1370429992676	216.10618782043457
882	position_diff	276.0378532409668	214.36638259887695
883	position_diff	279.4612216949463	215.4018898010254
884	position_diff	274.30820083618164	211.81250190734863
885	position_diff	274.98633003234863	212.5698585510254
886	position_diff	274.88151931762695	212.73755264282227
887	position_diff	275.3771057128906	210.6522617340088
888	position_diff	275.52209663391113	209.6760482788086
889	position_diff	275.62450790405273	209.74052238464355
890	position_diff	276.4284381866455	210.28926277160645
891	position_diff	276.56400299072266	210.3802433013916
892	position_diff	276.7180652618408	210.2055320739746
893	position_diff	277.9069366455078	210.54350471496582
894	position_diff	277.4666938781738	211.02488899230957
895	position_diff	278.15471267700195	211.54249000549316
896	position_diff	277.80245208740234	212.3714942932129
897	position_diff	280.3247604370117	215.36381912231445
898	position_diff	289.2767639160156	217.48736190795898
900	position_diff	285.7668762207031	240.24096298217773
902	orientation_diff	324.4536590576172	204.14755821228027
967	orientation_diff	554.5516052246094	887.9503650665283
968	orientation_diff	554.0943794250488	886.8576889038086
969	orientation_diff	556.2332572937012	883.1057281494141
970	orientation_diff	556.0655384063721	881.4175395965576
971	orientation_diff	555.897819519043	879.7293510437012
973	orientation_diff	555.838508605957	878.868974685669
974	orientation_diff	557.6803016662598	878.759916305542
975	orientation_diff	556.7322616577148	875.0669708251953
976	orientation_diff	558.3756866455078	874.1615123748779
977	orientation_diff	555.8011054992676	869.5601348876953
1036	orientation_diff	725.7028045654297	664.2652397155762
1063	orientation_diff	204.76802825927734	559.0311508178711
1064	orientation_diff	190.88191604614258	579.9068069458008
1065	orientation_diff	182.7421588897705	588.431526184082
1066	orientation_diff	180.45540237426758	589.6044120788574
1067	orientation_diff	171.0530776977539	600.3651371002197
1068	orientation_diff	161.41266059875488	605.2770042419434
1069	orientation_diff	148.21737670898438	607.5397548675537
1070	orientation_diff	143.64351272583008	603.5956840515137
1071	orientation_diff	145.04700088500977	595.4402809143066
1075	orientation_diff	173.9247055053711	309.07464599609375
1077	orientation_diff	170.82382202148438	312.4011688232422
1078	orientation_diff	174.78802108764648	313.29602813720703
1079	orientation_diff	177.1324691772461	314.0641059875488
1080	orientation_diff	181.42015075683594	315.51655197143555
1083	orientation_diff	179.2283535003662	327.2137699127197
1086	orientation_diff	180.71413803100586	328.7291488647461
1087	wrong_count	nan	nan
1088	wrong_count	nan	nan
1089	wrong_count	nan	nan
1090	wrong_count	nan	nan
1091	wrong_count	nan	nan
1092	wrong_count	nan	nan
1093	wrong_count	nan	nan
1094	position_diff	489.3074879116482	528.52081934611
1095	orientation_diff	491.67618560791016	524.4152069091797
1096	orientation_diff	492.64002990722656	532.9809341430664
1097	orientation_diff	490.35185623168945	535.2634315490723
1098	orientation_diff	487.35515213012695	535.0054130554199
1099	orientation_diff	486.15993881225586	536.1807708740234
1100	orientation_diff	488.6335220336914	537.3147201538086
1101	orientation_diff	493.9473991394043	538.9413032531738
1102	orientation_diff	497.1009407043457	537.7785091400146
1103	orientation_diff	503.7254447937012	531.9366836547852
1104	orientation_diff	509.4212188720703	525.9803524017334
1105	orientation_diff	522.8799438476562	522.6624031066895
1106	orientation_diff	531.7357139587402	516.1877536773682
1107	orientation_diff	541.5117225646973	506.594575881958
1108	orientation_diff	553.1245613098145	494.1610794067383
1109	orientation_diff	563.2950477600098	478.2511100769043
1110	orientation_diff	570.459659576416	466.80884552001953
1111	orientation_diff	572.6091041564941	466.1890411376953
1112	orientation_diff	573.8162231445312	463.2141342163086
1113	orientation_diff	576.6940765380859	465.49114990234375
1114	orientation_diff	579.5521545410156	477.32653617858887
1115	orientation_diff	583.4624519348145	493.8805961608887
1116	orientation_diff	600.4948806762695	509.1889457702637
1117	orientation_diff	606.5412826538086	516.4809226989746
1118	orientation_diff	605.1209831237793	508.795597076416
1119	position_diff	609.8057187398274	507.13180923461914
1120	orientation_diff	607.4633509318035	507.9637031555176
1137	orientation_diff	875.2303733825684	521.6689910888672
1138	orientation_diff	877.0165557861328	520.0109329223633
1139	orientation_diff	875.4530067443848	519.622127532959
1140	orientation_diff	872.9761238098145	517.0527172088623
1141	orientation_diff	873.9699554443359	518.3643074035645
1142	orientation_diff	873.5741500854492	517.9428215026855
1143	orientation_diff	873.7720527648926	518.153564453125
1144	orientation_diff	873.3762474060059	517.7320785522461
1145	orientation_diff	868.5720596313477	522.6485233306885
1146	orientation_diff	864.6709213256836	521.7809429168701
1147	orientation_diff	862.6816749572754	520.6793823242188
1148	orientation_diff	860.0546684265137	522.9278717041016
1149	orientation_diff	858.393669128418	522.6092224121094
1150	orientation_diff	857.8408241271973	524.3457832336426
1151	orientation_diff	855.5493850708008	521.7768249511719
1152	orientation_diff	854.9740333557129	522.8123435974121
1153	orientation_diff	857.8699607849121	526.2914276123047
1154	orientation_diff	851.4942855834961	524.5512256622314
1155	orientation_diff	848.3390312194824	528.8470916748047
1156	orientation_diff	847.0713068644206	526.2350921630859
1157	orientation_diff	847.7051690419514	527.5410919189453
1158	orientation_diff	846.4374446868896	524.9290924072266
1214	orientation_diff	841.3477096557617	545.4417304992676
1242	orientation_diff	575.4504203796387	874.4977970123291
1243	orientation_diff	576.1721611022949	874.1039810180664
1244	orientation_diff	575.7630233764648	871.9919815063477
1245	orientation_diff	576.7880744934082	867.6359882354736
1246	orientation_diff	572.5031344095866	870.0922247568766
1248	orientation_diff	570.3606643676758	871.3203430175781
1249	orientation_diff	568.9450759887695	869.3890972137451
1254	orientation_diff	567.7638244628906	860.9060382843018
1255	orientation_diff	566.9248294830322	859.6659126281738
1256	orientation_diff	564.9519863128662	855.6757869720459
1257	orientation_diff	565.5646095275879	849.4375743865967
1262	orientation_diff	418.4128761291504	550.3874206542969
1284	orientation_diff	144.78261947631836	323.97028732299805
1285	orientation_diff	144.7349739074707	321.4718437194824
1292	orientation_diff	147.44862365722656	322.34512519836426
1293	orientation_diff	148.38490295410156	322.6255874633789
1294	orientation_diff	149.11830520629883	323.3108367919922
1295	orientation_diff	150.33911514282227	321.311336517334
1296	orientation_diff	155.09088134765625	322.1814880371094
1297	orientation_diff	160.84709930419922	318.3337860107422
1350	orientation_diff	539.7879409790039	146.96984100341797
1351	orientation_diff	536.6748428344727	149.27288055419922
1355	orientation_diff	260.6891441345215	762.1980819702148
1356	orientation_diff	262.26629638671875	760.8984317779541
1357	orientation_diff	263.0296516418457	761.1836471557617
1358	orientation_diff	265.6929130554199	760.7242088317871
1360	orientation_diff	268.67115783691406	754.6225204467773
1365	orientation_diff	491.95400619506836	447.90503692626953
1366	orientation_diff	484.11975479125977	445.6094627380371
1409	orientation_diff	753.5570621490479	768.7000331878662
1486	orientation_diff	764.1313743591309	776.4340858459473
1496	orientation_diff	300.1907730102539	153.22906875610352
1497	orientation_diff	294.26543045043945	158.31417083740234
1498	orientation_diff	293.430233001709	157.6107292175293
1499	orientation_diff	297.87604904174805	158.46051788330078
1500	orientation_diff	297.3723793029785	161.22101593017578
1508	orientation_diff	319.17054748535156	165.19074630737305
1509	orientation_diff	323.0656204223633	166.84386825561523
1538	orientation_diff	212.92652130126953	252.76903915405273
1545	orientation_diff	212.61896133422852	252.9147186279297
1552	orientation_diff	215.3304443359375	263.40500259399414
1555	orientation_diff	214.15933227539062	259.8420867919922
1556	orientation_diff	217.70351028442383	264.51784896850586
1557	orientation_diff	221.15410995483398	265.7691059112549
1558	orientation_diff	220.78761672973633	267.5280227661133
1559	orientation_diff	224.43601608276367	270.9601593017578
1560	orientation_diff	225.6612319946289	272.9097785949707
1563	orientation_diff	226.1997947692871	278.3575744628906
1571	orientation_diff	541.2947540283203	914.6060523986816
1572	orientation_diff	541.4330444335938	915.6118965148926
1575	orientation_diff	543.6844673156738	914.4847164154053
1594	orientation_diff	553.1542320251465	913.6123123168945
1595	orientation_diff	553.0978622436523	915.3911514282227
1596	orientation_diff	553.2735862731934	915.8961563110352
1597	orientation_diff	553.0823059082031	917.9757041931152
1598	orientation_diff	552.8741874694824	915.868839263916
1599	orientation_diff	553.1345634460449	917.4983024597168
1601	orientation_diff	555.532283782959	918.0807838439941
1602	orientation_diff	555.1232490539551	918.3616218566895
1624	orientation_diff	557.5079460144043	913.6006393432617
1625	orientation_diff	558.0551872253418	913.1028518676758
1634	orientation_diff	554.8814315795898	913.1975059509277
1635	orientation_diff	551.310131072998	912.949836730957
1636	orientation_diff	553.0362243652344	912.1742362976074
1637	orientation_diff	552.6331443786621	914.2316665649414
1641	orientation_diff	554.8980827331543	914.7114639282227
1655	orientation_diff	135.8628387451172	556.5934066772461
1658	orientation_diff	138.00534439086914	557.9179420471191
1659	orientation_diff	135.80915069580078	555.312255859375
1660	orientation_diff	139.18891525268555	557.0300827026367
1661	orientation_diff	137.85472869873047	557.1299781799316
1662	orientation_diff	140.8414192199707	557.1385345458984
1663	orientation_diff	144.0284309387207	556.436107635498
1664	orientation_diff	146.2009162902832	555.5259666442871
1665	orientation_diff	149.90395736694336	552.3875312805176
1666	position_diff	230.6679344177246	269.05077743530273
1667	orientation_diff	151.49907302856445	553.3147315979004
1668	orientation_diff	160.06897354125977	549.3251495361328
1669	orientation_diff	497.9921646118164	900.3775978088379
1670	orientation_diff	164.76105117797852	551.5058212280273
1671	orientation_diff	499.5095329284668	898.3265151977539
1672	orientation_diff	175.11272811889648	549.9306793212891
1673	orientation_diff	499.927059173584	894.9133911132812
1674	orientation_diff	179.14120483398438	549.2962493896484
1675	orientation_diff	183.75640487670898	548.8600120544434
1676	orientation_diff	222.81809488932294	296.64137776692706
1677	orientation_diff	500.03692626953125	889.3460083007812
1678	orientation_diff	221.37813568115234	296.93691635131836
1679	orientation_diff	221.01125717163086	304.74914169311523
1680	orientation_diff	499.0269470214844	888.8969078063965
1681	orientation_diff	546.167839050293	901.9786529541016
1682	orientation_diff	224.39566040039062	298.6048583984375
1683	orientation_diff	546.3711891174316	900.4022369384766
1684	orientation_diff	224.64291763305664	300.4699363708496
1685	orientation_diff	225.56575775146484	297.5931930541992
1686	orientation_diff	226.48859786987305	294.7164497375488
1687	orientation_diff	225.1539535522461	301.1671257019043
1688	orientation_diff	227.50635147094727	297.81090927124023
1689	orientation_diff	228.84035110473633	301.9746971130371
1690	orientation_diff	230.77178192138672	302.0271339416504
1691	orientation_diff	549.3339004516602	901.8292770385742
1692	orientation_diff	547.6127853393555	902.9711532592773
1693	orientation_diff	547.7254524230957	903.5338897705078
1694	orientation_diff	547.7471046447754	902.7696800231934
1695	orientation_diff	548.5465965270996	902.1898384094238
1702	orientation_diff	551.6887054443359	899.9814605712891
1707	orientation_diff	208.75750350952148	544.1256103515625
1708	orientation_diff	205.85168075561523	544.6129989624023
1709	orientation_diff	208.21632766723633	550.9312934875488
1710	orientation_diff	207.11063766479492	547.8430938720703
1719	orientation_diff	195.8866844177246	591.170783996582
1720	orientation_diff	194.90215682983398	591.5757369995117
1721	orientation_diff	198.03174591064453	584.4550838470459
1725	orientation_diff	204.45672607421875	576.1221580505371
1726	orientation_diff	206.77697563171387	575.1942253112793
1727	orientation_diff	205.45340156555176	581.2591463724773
1728	orientation_diff	206.1151885986328	578.2266858418782
1729	orientation_diff	204.7916145324707	584.2916069030762
1730	orientation_diff	208.5203094482422	579.0120658874512
1752	orientation_diff	238.45871353149414	283.19491958618164
1753	orientation_diff	239.51787948608398	284.69519424438477
1754	orientation_diff	238.6117057800293	284.6416549682617
1755	orientation_diff	238.90118789672852	284.92816162109375
1756	position_diff	239.71004104614258	283.26037216186523
1757	orientation_diff	234.61938858032227	282.1289176940918
1758	orientation_diff	232.49652862548828	284.2168426513672
1759	orientation_diff	232.45828247070312	282.4097099304199
1760	orientation_diff	232.14835357666016	284.5547523498535
1762	orientation_diff	233.22564697265625	277.66358184814453
1765	orientation_diff	223.90671920776367	281.37007904052734
1781	orientation_diff	543.2739868164062	890.7246627807617
1782	orientation_diff	542.6493339538574	890.8079719543457
1783	orientation_diff	543.1232719421387	888.8899612426758
1785	orientation_diff	541.9498023986816	887.6918983459473
1797	orientation_diff	551.7767868041992	886.8218803405762
1800	orientation_diff	548.7797355651855	882.0785675048828
1801	orientation_diff	554.460563659668	877.9622650146484
1802	orientation_diff	553.9331207275391	877.8061218261719
1803	orientation_diff	554.525390625	874.629638671875
1804	orientation_diff	557.5317573547363	865.5980033874512
1805	orientation_diff	558.9329605102539	859.3818683624268
1806	orientation_diff	556.3132171630859	854.0864028930664
1807	orientation_diff	551.8191909790039	847.378059387207
1860	orientation_diff	160.65979766845703	627.2571983337402
1861	orientation_diff	159.30452346801758	625.7721920013428
1862	orientation_diff	157.89268684387207	624.9258251190186
1863	orientation_diff	157.64054107666016	625.5248622894287
1864	orientation_diff	158.5594367980957	625.2695808410645
1865	orientation_diff	160.3327751159668	623.8297271728516
1866	orientation_diff	159.98844528198242	622.74267578125
1867	orientation_diff	159.60729217529297	623.0246276855469
1868	orientation_diff	160.19019508361816	622.7791213989258
1869	orientation_diff	160.29296684265137	622.6525688171387
1870	orientation_diff	160.38579559326172	621.8345336914062
1871	orientation_diff	160.16479110717773	620.7631530761719
1872	orientation_diff	160.42891693115234	620.0465202331543
1873	orientation_diff	156.01186752319336	622.5463180541992
1874	orientation_diff	156.65300750732422	622.1280632019043
1875	orientation_diff	153.52640533447266	622.5664367675781
1876	orientation_diff	153.98224639892578	622.9754180908203
1877	orientation_diff	158.0631332397461	620.5056304931641
1878	orientation_diff	157.2948989868164	619.3945159912109
1879	orientation_diff	160.4025993347168	618.5581169128418
1880	orientation_diff	155.6034049987793	619.9842262268066
1881	orientation_diff	160.36417388916016	617.8464698791504
1882	orientation_diff	162.4495506286621	616.4376564025879
1883	orientation_diff	155.70994186401367	618.3285179138184
1884	orientation_diff	160.2209930419922	615.2478942871094
1885	orientation_diff	160.54584503173828	613.3986473083496
1887	orientation_diff	164.25963592529297	611.5049438476562
1888	orientation_diff	162.29269790649414	611.3063697814941
1889	orientation_diff	162.8714942932129	612.3578872680664
1890	orientation_diff	167.93173217773438	610.5282135009766
1892	orientation_diff	170.5774383544922	605.7304382324219
1893	orientation_diff	168.09164810180664	603.8417167663574
1894	orientation_diff	170.71558380126953	604.0992965698242
1896	orientation_diff	167.1488494873047	606.560417175293
1897	orientation_diff	167.43419647216797	606.7292213439941
1898	orientation_diff	167.12821578979492	606.7989158630371
1899	orientation_diff	170.49713897705078	606.5774993896484
1900	orientation_diff	176.49317169189453	605.2758026123047
1901	orientation_diff	176.9161262512207	603.9713745117188
1902	orientation_diff	888.9158630371094	555.2903366088867
1903	orientation_diff	175.4346160888672	604.9177322387695
1904	orientation_diff	179.89011764526367	604.7595863342285
1905	orientation_diff	186.05302047729492	606.526439666748
1906	orientation_diff	188.89055252075195	604.8260383605957
1907	orientation_diff	189.82731246948242	599.6687698364258
1908	orientation_diff	883.7110595703125	548.4870948791504
1909	orientation_diff	881.2588195800781	557.2542304992676
1910	orientation_diff	878.7751693725586	555.169267654419
1911	orientation_diff	880.4570236206055	557.3383903503418
1912	orientation_diff	881.0645217895508	556.3336334228516
1913	orientation_diff	877.4469871520996	555.7823143005371
1914	orientation_diff	874.4332008361816	554.7402725219727
1915	orientation_diff	874.9943923950195	553.7610263824463
1916	orientation_diff	175.9373893737793	337.73983001708984
1917	orientation_diff	176.44264221191406	337.5542221069336
1918	orientation_diff	177.28269958496094	338.7384147644043
1919	orientation_diff	176.94918823242188	338.4076385498047
1920	orientation_diff	176.48825454711914	339.68980979919434
1921	orientation_diff	176.53821182250977	338.6560478210449
1922	orientation_diff	178.54905700683594	342.3606929779053
1923	orientation_diff	178.30668258666992	343.6011543273926
1924	orientation_diff	178.0082015991211	344.1868324279785
1925	orientation_diff	181.79454040527344	286.5153617858887
1926	orientation_diff	178.39038467407227	345.17378997802734
1927	orientation_diff	179.36685943603516	347.9009666442871
1928	orientation_diff	179.89212036132812	345.2221374511719
1929	orientation_diff	181.84085083007812	349.2792091369629
1930	orientation_diff	186.28324508666992	290.6793212890625
1931	orientation_diff	189.25291442871094	289.60663986206055
1932	orientation_diff	192.44695281982422	293.924072265625
1933	orientation_diff	196.74420928955078	344.88811111450195
1955	orientation_diff	167.47377014160156	551.5783271789551
1957	orientation_diff	166.36835098266602	543.9489707946777
1965	position_diff	593.9113082885742	864.6422080993652
1976	orientation_diff	383.0921974182129	184.8909797668457
2008	orientation_diff	608.1640701293945	127.46181869506836
2009	orientation_diff	607.2695846557617	128.33192825317383
2010	orientation_diff	608.324878692627	127.93489837646484
2011	orientation_diff	607.2005615234375	127.48482131958008
2012	orientation_diff	607.422306060791	127.7186508178711
2013	orientation_diff	605.1650390625	129.21929931640625
2014	orientation_diff	606.3808403015137	132.8747673034668
2015	orientation_diff	605.9212646484375	130.62332916259766
2016	orientation_diff	600.5648994445801	132.51834869384766
2017	orientation_diff	601.5236415863037	133.05186462402344
2018	orientation_diff	602.3434219360352	133.49086380004883
2019	orientation_diff	607.5839958190918	131.04526138305664
2020	orientation_diff	601.8269004821777	136.5254020690918
2021	orientation_diff	608.355541229248	134.62863540649414
2022	orientation_diff	606.7543563842773	137.75152206420898
2023	orientation_diff	606.6272659301758	138.6670799255371
2024	orientation_diff	612.0852546691895	137.8777847290039
2025	orientation_diff	602.7070732116699	143.11485290527344
2026	orientation_diff	606.8357696533203	139.2966423034668
2027	orientation_diff	608.7937049865723	145.11983108520508
2028	orientation_diff	608.383472442627	145.08857345581055
2029	orientation_diff	608.5751686096191	149.18894958496094
2030	orientation_diff	610.8080406188965	154.86546325683594
2031	orientation_diff	612.5553131103516	160.05694961547852
2042	orientation_diff	605.2207384109497	199.80180835723877
2076	orientation_diff	339.62231063842773	823.4432048797607
2077	orientation_diff	340.59939193725586	822.0394954681396
2078	orientation_diff	344.9206733703613	823.2757396697998
2079	orientation_diff	344.2403926849365	822.7352781295776
2080	orientation_diff	343.5601119995117	822.1948165893555
2081	orientation_diff	343.7147102355957	820.4582824707031
2082	orientation_diff	343.4192199707031	820.814323425293
2117	orientation_diff	117.99160385131836	464.86338806152344
2118	orientation_diff	117.83817672729492	464.37488555908203
2119	orientation_diff	120.46641254425049	467.93340015411377
2120	orientation_diff	119.59033393859863	466.7472286224365
2121	orientation_diff	118.71425533294678	465.5610570907593
2122	orientation_diff	121.34249114990234	469.119571685791
2123	orientation_diff	124.31016540527344	473.15414810180664
2124	orientation_diff	130.30523681640625	476.47138595581055
2125	orientation_diff	133.43634033203125	474.70750999450684
2126	orientation_diff	135.17742156982422	472.2085704803467
2127	orientation_diff	144.45099639892578	473.08568954467773
2129	orientation_diff	147.61407470703125	470.7136421203613
2130	orientation_diff	147.10740280151367	471.11996841430664
2131	orientation_diff	148.20886993408203	470.9726219177246
2132	orientation_diff	151.36669921875	466.3177909851074
2133	orientation_diff	155.03378295898438	464.9685516357422
2134	orientation_diff	158.1476593017578	464.09204483032227
2168	orientation_diff	172.1076889038086	455.71044921875
2172	orientation_diff	529.6803703308105	116.11826705932617
2176	orientation_diff	529.6515235900879	119.30876159667969
2177	orientation_diff	527.3780136108398	120.11207580566406
2178	orientation_diff	527.4160604476929	120.46617317199707
2179	orientation_diff	527.4541072845459	120.82027053833008
2180	orientation_diff	528.2764568328857	122.25605773925781
2181	orientation_diff	530.9543609619141	124.30797958374023
2182	orientation_diff	533.8734645843506	126.09085464477539
2183	orientation_diff	534.6901168823242	126.39539337158203
2184	orientation_diff	530.7658596038818	125.87677383422852
2185	orientation_diff	530.2417583465576	125.1920166015625
2186	orientation_diff	531.0831146240234	125.40622329711914
2187	orientation_diff	533.0815906524658	128.46742630004883
2188	orientation_diff	530.7280044555664	128.4532585144043
2189	orientation_diff	529.3713512420654	130.90783309936523
2190	orientation_diff	528.0146980285645	133.36240768432617
2191	orientation_diff	519.4640998840332	138.4888687133789
2193	orientation_diff	181.35340118408203	519.1303939819336
2194	orientation_diff	184.46810913085938	519.989501953125
2199	orientation_diff	192.0295867919922	519.7664260864258
2280	orientation_diff	239.63267135620117	201.75752639770508
2281	orientation_diff	242.64093780517578	201.09479141235352
2282	orientation_diff	242.25947189331055	201.6002197265625
2283	orientation_diff	243.86444091796875	202.0341453552246
2284	orientation_diff	244.40756607055664	202.51215744018555
2285	orientation_diff	244.8871307373047	203.11331939697266
2286	orientation_diff	245.1816291809082	204.25971603393555
2287	orientation_diff	245.29129791259766	207.49871826171875
2288	orientation_diff	248.87060546875	208.36693954467773
2289	orientation_diff	249.7048683166504	207.27345275878906
2290	orientation_diff	250.07928466796875	210.37213134765625
2291	orientation_diff	250.21027374267578	210.7174301147461
2292	orientation_diff	250.1796875	212.62751388549805
2293	orientation_diff	249.90961837768555	213.91730499267578
2294	orientation_diff	252.17611694335938	214.55437850952148
2295	orientation_diff	253.54335403442383	216.17686080932617
2296	orientation_diff	247.59961700439453	216.80958557128906
2297	orientation_diff	247.92364883422852	217.64792251586914
2298	orientation_diff	254.3377685546875	216.0404167175293
2299	orientation_diff	257.0713481903076	218.57379341125488
2300	orientation_diff	259.80492782592773	221.10717010498047
2301	orientation_diff	261.3031196594238	220.05998611450195
2302	orientation_diff	261.5508155822754	222.03133392333984
2311	orientation_diff	414.7641410827637	122.84129333496094
2312	orientation_diff	418.7323760986328	126.26538467407227
2313	orientation_diff	418.5962677001953	124.96031188964844
2314	orientation_diff	412.5763816833496	129.13139724731445
2315	orientation_diff	410.93432235717773	134.32061767578125
2316	orientation_diff	413.35283279418945	135.83953475952148
2317	orientation_diff	414.4146957397461	134.12548828125
2318	orientation_diff	413.4375991821289	135.7382984161377
2319	orientation_diff	412.4605026245117	137.3511085510254
2320	orientation_diff	411.1332035064697	136.9558506011963
2321	orientation_diff	409.80590438842773	136.5605926513672
2325	orientation_diff	413.3670539855957	140.55169296264648
2326	position_diff	407.3914794921875	163.21965408325195
2327	position_diff	406.42101860046387	164.15358352661133
2328	position_diff	403.4643497467041	166.33867645263672
2329	position_diff	403.7542266845703	167.04718017578125
2330	position_diff	403.96349334716797	167.75824356079102
2331	position_diff	423.00343132019043	157.5838794708252
2332	position_diff	424.60949420928955	160.42257722218832
2333	position_diff	426.2155570983887	163.26127497355142
2334	position_diff	427.8216199874878	166.09997272491455
2335	position_diff	429.4276828765869	168.93867047627768
2336	position_diff	414.76537895202637	183.62753295898438
2344	orientation_diff	471.5787773132324	183.09711074829102
2346	orientation_diff	207.89718627929688	697.7941970825195
2349	orientation_diff	204.78561401367188	688.6544284820557
2353	orientation_diff	207.62933731079102	682.687873840332
2354	orientation_diff	209.4789047241211	675.0610771179199
2355	orientation_diff	212.24395751953125	668.7304077148438
2356	orientation_diff	210.97170639038086	668.1737518310547
2365	orientation_diff	127.46020126342773	491.007173538208
2366	orientation_diff	131.667724609375	489.4425582885742
2367	orientation_diff	129.73270797729492	487.5036964416504
2375	position_diff	163.35880661010742	470.72912216186523
2376	position_diff	161.5707778930664	470.51758766174316
2380	position_diff	165.20810890197754	464.51021575927734
2381	position_diff	160.91552734375	464.51281547546387
2382	position_diff	160.79293823242188	471.64716720581055
2388	orientation_diff	527.2653961181641	874.1785621643066
2389	orientation_diff	528.9521408081055	874.1748962402344
2390	orientation_diff	533.3514633178711	872.8977317810059
2391	orientation_diff	532.3117065429688	872.9131126403809
2392	orientation_diff	530.5176773071289	869.1950435638428
2393	orientation_diff	527.2226295471191	871.5175971984863
2394	orientation_diff	532.6120796203613	870.9716777801514
2395	orientation_diff	534.1561164855957	868.3529663085938
2396	orientation_diff	533.4610061645508	870.0327167510986
2397	orientation_diff	534.4187927246094	868.2870006561279
2400	orientation_diff	539.7772064208984	868.5533542633057
2440	orientation_diff	569.5478782653809	870.2474250793457
2457	orientation_diff	621.4087104797363	137.18427276611328
2526	orientation_diff	595.5702667236328	875.0881195068359
2530	orientation_diff	600.5072441101074	874.8974914550781
2534	orientation_diff	601.765266418457	872.3283023834229
2535	orientation_diff	601.8238334655762	870.5045127868652
2536	orientation_diff	605.1847076416016	864.6286640167236
2735	orientation_diff	121.83672332763672	570.0041999816895
2737	orientation_diff	124.13664627075195	567.8860816955566
2745	orientation_diff	126.16293716430664	564.194637298584
2747	orientation_diff	125.95043182373047	564.213321685791
2748	orientation_diff	123.40702819824219	560.5001411437988
2749	orientation_diff	127.74093246459961	557.6032333374023
2784	orientation_diff	517.1987724304199	905.4951782226562
2785	orientation_diff	514.3882064819336	900.5983848571777
2786	orientation_diff	514.8316955566406	899.1638412475586
2787	orientation_diff	513.2223129272461	897.5796775817871
2788	orientation_diff	512.3366241455078	896.6923027038574
2789	orientation_diff	512.4722709655762	896.7546939849854
2790	orientation_diff	513.1425094604492	896.6602039337158
2791	orientation_diff	514.6222763061523	895.7867946624756
2792	orientation_diff	516.4171714782715	898.3952484130859
2793	orientation_diff	514.7512741088867	893.7970504760742
2794	orientation_diff	516.3859252929688	894.2351093292236
2795	orientation_diff	516.9282646179199	893.3587646484375
2796	orientation_diff	518.9057884216309	894.0052947998047
2797	orientation_diff	518.6490783691406	895.5845527648926
2812	orientation_diff	516.9432983398438	891.6108283996582
2813	orientation_diff	517.9408531188965	890.1699161529541
2814	orientation_diff	521.1324691772461	892.3769226074219
2815	orientation_diff	522.5465812683105	894.1915168762207
2819	orientation_diff	149.26194763183594	373.0256156921387
2821	orientation_diff	526.8187294006348	889.9411087036133
2827	orientation_diff	152.0851936340332	369.33799743652344
2828	orientation_diff	151.53475952148438	367.746826171875
2829	orientation_diff	527.5462875366211	889.6344718933105
2830	orientation_diff	153.1550178527832	365.5947608947754
2836	orientation_diff	190.39915466308594	718.0177917480469
2846	orientation_diff	176.40569686889648	351.7210006713867
2855	orientation_diff	831.461311340332	278.2051811218262
2856	orientation_diff	829.5092811584473	278.17769622802734
2857	orientation_diff	826.6603412628174	276.1654357910156
2858	orientation_diff	825.627513885498	275.2408218383789
2859	orientation_diff	824.8045711517334	275.9620895385742
2860	orientation_diff	825.4142169952393	281.1960029602051
2861	orientation_diff	822.4774780273438	281.91588973999023
2862	orientation_diff	824.364652633667	280.8033866882324
2863	orientation_diff	823.6480503082275	282.98504638671875
2864	orientation_diff	823.5088367462158	280.8734359741211
2865	orientation_diff	819.2878456115723	286.52001190185547
2866	orientation_diff	815.7750587463379	286.1784896850586
2867	orientation_diff	813.0035014152527	286.6455202102661
2868	orientation_diff	813.9273538589478	286.4898433685303
2869	orientation_diff	814.8512063026428	286.33416652679443
2870	orientation_diff	812.0796489715576	286.80119705200195
2871	orientation_diff	812.9315814971924	286.0700263977051
2872	orientation_diff	812.9470310211182	289.47789764404297
2873	orientation_diff	811.5477619171143	286.96733474731445
2874	orientation_diff	808.0395832061768	285.9442901611328
2875	orientation_diff	805.313835144043	285.47106170654297
2876	orientation_diff	798.8352375030518	288.9717140197754
2877	orientation_diff	792.0103549957275	286.7322235107422
2893	orientation_diff	532.1865978240967	129.94586563110352
2899	orientation_diff	530.2801513671875	130.85863494873047
2900	orientation_diff	535.1579322814941	127.03958892822266
2901	orientation_diff	531.4126014709473	126.68260955810547
2904	orientation_diff	528.7783699035645	136.61433029174805
2905	orientation_diff	527.170711517334	141.03377532958984
2932	orientation_diff	516.168514251709	176.55731201171875
2933	orientation_diff	517.2256469726562	176.1712532043457
2934	orientation_diff	516.4954452514648	177.70175552368164
2935	orientation_diff	516.7558212280273	176.94068145751953
2965	orientation_diff	517.3912544250488	173.00046920776367
2969	orientation_diff	513.4308662414551	166.5956268310547
2981	orientation_diff	513.2938041687012	171.96168518066406
2982	orientation_diff	514.0545692443848	177.77001571655273
2983	orientation_diff	515.0070953369141	175.7191162109375
2984	orientation_diff	514.2136840820312	176.50184631347656
2999	orientation_diff	606.0811805725098	923.5467262268066
3000	orientation_diff	612.1751556396484	922.8820686340332
3001	orientation_diff	611.1284065246582	922.8315963745117
3018	orientation_diff	603.3874549865723	919.1659259796143
3033	orientation_diff	529.8119659423828	193.03380966186523
3036	orientation_diff	534.9575119018555	198.9201545715332
3042	orientation_diff	538.9164657592773	195.68138885498047
3043	orientation_diff	540.7706108093262	194.32592010498047
3064	orientation_diff	870.5198860168457	657.2036056518555
3067	orientation_diff	853.6239280700684	304.46781158447266
3068	orientation_diff	853.5038757324219	305.2381134033203
3073	orientation_diff	850.5258178710938	302.17739486694336
3076	orientation_diff	853.2307929992676	304.43387603759766
3078	orientation_diff	854.3410320281982	298.6392936706543
3079	orientation_diff	854.6932067871094	298.9336929321289
3080	position_diff	854.1100597381592	291.1997756958008
3081	orientation_diff	848.7096347808838	295.73204803466797
3082	orientation_diff	851.3590755462646	293.9052505493164
3083	orientation_diff	847.3230819702148	292.7212219238281
3084	orientation_diff	845.2665367126465	294.6028480529785
3085	orientation_diff	841.6508502960205	290.10416412353516
3086	orientation_diff	839.7340202331543	289.04663848876953
3087	orientation_diff	839.8316535949707	288.5549087524414
3088	orientation_diff	837.9526824951172	288.5834770202637
3089	orientation_diff	837.0614147186279	288.40623474121094
3090	orientation_diff	834.670524597168	288.6673049926758
3091	orientation_diff	832.2035980224609	289.5445137023926
3092	orientation_diff	834.1984729766846	290.63297271728516
3093	orientation_diff	830.3291969299316	283.47655868530273
3109	orientation_diff	397.9036407470703	139.75267028808594
3110	orientation_diff	397.62289810180664	142.00081634521484
3114	orientation_diff	397.92387771606445	145.4273223876953
3115	orientation_diff	397.3852348327637	146.56073379516602
3116	orientation_diff	398.3650665283203	145.19136428833008
3117	orientation_diff	397.2582588195801	145.76419067382812
3118	orientation_diff	396.5411186218262	149.37002563476562
3126	orientation_diff	408.063533782959	156.26149368286133
3127	orientation_diff	409.0815200805664	157.87308883666992
3128	orientation_diff	411.24080657958984	158.08208847045898
3129	orientation_diff	409.17496490478516	161.4104881286621
3130	orientation_diff	408.6031951904297	162.79192352294922
3131	orientation_diff	415.37704849243164	163.06691360473633
3132	orientation_diff	420.5606384277344	168.06444549560547
3133	orientation_diff	427.0868835449219	170.87987518310547
3134	orientation_diff	426.8268623352051	175.27429962158203
3142	wrong_count	nan	nan
3148	position_diff	418.4845542907715	868.2678337097168
3152	position_diff	413.02249336242676	868.9195938110352
3153	position_diff	409.30505752563477	866.970645904541
3181	orientation_diff	684.3444595336914	843.5004196166992
3182	orientation_diff	684.655086517334	842.3458099365234
3184	orientation_diff	684.2341232299805	841.5312633514404
3218	orientation_diff	635.2441520690918	919.943920135498
3268	orientation_diff	760.6320190429688	179.73868560791016
3269	orientation_diff	758.7756042480469	179.19912719726562
3270	orientation_diff	759.8836402893066	174.60486221313477
3271	orientation_diff	763.6718597412109	177.0423698425293
3309	orientation_diff	552.6105117797852	895.6472721099854
3310	orientation_diff	551.3741607666016	889.5304756164551
3311	orientation_diff	551.8389587402344	888.6197624206543
3312	orientation_diff	551.8239593505859	889.3406276702881
3313	orientation_diff	550.6429176330566	892.720085144043
3314	orientation_diff	552.589469909668	893.2375831604004
3315	orientation_diff	551.6842079162598	891.2849540710449
3326	orientation_diff	550.1969184875488	887.3318252563477
3327	orientation_diff	549.7509994506836	887.111213684082
3328	orientation_diff	550.8555488586426	887.4516830444336
3329	orientation_diff	240.39045333862305	771.5090656280518
3330	orientation_diff	557.0195274353027	887.3568325042725
3331	orientation_diff	240.34678649902344	771.0175189971924
3332	orientation_diff	240.11006927490234	770.600887298584
3333	orientation_diff	238.75920486450195	769.8945732116699
3334	orientation_diff	239.1239356994629	769.5185356140137
3339	orientation_diff	234.73968505859375	764.8378524780273
3340	orientation_diff	233.63062286376953	764.4440746307373
3341	orientation_diff	232.9308624267578	762.614896774292
3342	orientation_diff	233.0174446105957	760.834135055542
3343	orientation_diff	233.3579216003418	759.3865547180176
3344	orientation_diff	233.75678634643555	756.1816387176514
3345	orientation_diff	233.5694351196289	753.2360153198242
3346	orientation_diff	233.68121337890625	751.0885982513428
3347	orientation_diff	232.32251358032227	749.9554195404053
3348	orientation_diff	231.5291430155436	749.3501491546631
3349	orientation_diff	231.92582829793295	749.6527843475342
3350	orientation_diff	231.1324577331543	749.047513961792
3351	orientation_diff	230.7248306274414	747.1228923797607
3352	orientation_diff	229.09346389770508	748.7697315216064
3353	orientation_diff	229.35144424438477	749.1844806671143
3354	orientation_diff	230.27500915527344	748.3292236328125
3355	orientation_diff	230.69005966186523	752.5866165161133
3356	orientation_diff	229.37018203735352	747.658447265625
3357	orientation_diff	563.8881301879883	891.3426170349121
3358	orientation_diff	567.194995880127	890.4417953491211
3359	orientation_diff	568.3311042785645	892.108964920044
3360	orientation_diff	232.8368148803711	744.002347946167
3361	orientation_diff	231.74712753295898	746.5627155303955
3362	orientation_diff	232.83928298950195	747.0950565338135
3363	orientation_diff	234.99684143066406	750.3977317810059
3364	orientation_diff	234.85654067993164	746.5781517028809
3365	orientation_diff	232.74101638793945	745.416316986084
3366	orientation_diff	232.24980926513672	742.2389163970947
3367	orientation_diff	234.62704849243164	744.8879222869873
3368	orientation_diff	235.94190979003906	745.2523612976074
3369	orientation_diff	237.5826644897461	749.1175193786621
3370	orientation_diff	236.74282836914062	749.3443660736084
3371	orientation_diff	235.12739181518555	750.0703582763672
3372	orientation_diff	235.1731948852539	750.0711441040039
3373	orientation_diff	233.10681915283203	754.1093330383301
3374	orientation_diff	235.07183837890625	753.9175567626953
3375	orientation_diff	238.16973876953125	751.1019248962402
3376	orientation_diff	236.14300918579102	751.7341194152832
3377	orientation_diff	662.3970947265625	915.5531921386719
3379	orientation_diff	663.051887512207	916.7738037109375
3409	orientation_diff	600.8112373352051	901.4648780822754
3410	orientation_diff	653.8908271789551	913.6012153625488
3411	orientation_diff	652.6174354553223	916.26611328125
3412	orientation_diff	599.4321556091309	900.9892120361328
3413	orientation_diff	650.2554779052734	917.585132598877
3414	orientation_diff	650.059383392334	918.2611961364746
3415	orientation_diff	649.2392425537109	918.1833000183105
3417	orientation_diff	652.2468566894531	916.2889175415039
3418	orientation_diff	648.1744766235352	918.8982772827148
3419	orientation_diff	650.0938949584961	916.5261268615723
3420	orientation_diff	646.755786895752	916.6746444702148
3421	orientation_diff	647.0314445495605	915.5761566162109
3422	orientation_diff	646.642333984375	916.5018310546875
3423	orientation_diff	648.4529151916504	914.6248550415039
3424	orientation_diff	651.7867546081543	913.8676605224609
3425	orientation_diff	654.8939590454102	911.9964866638184
3426	orientation_diff	652.1209449768066	912.3116035461426
3427	orientation_diff	652.3168029785156	911.8282623291016
3429	orientation_diff	648.0809860229492	913.1836318969727
3430	orientation_diff	662.5521125793457	157.9746208190918
3431	position_diff	647.1999736199012	911.4290897662823
3432	position_diff	678.7864227294922	890.2812442779541
3433	orientation_diff	656.9086799621582	161.7801628112793
3434	position_diff	676.7980804443359	890.6927795410156
3435	position_diff	678.3137855529785	890.0098133087158
3436	position_diff	678.1029930114746	890.1833229064941
3437	position_diff	679.0623321533203	890.4485988616943
3438	position_diff	678.1409130096436	889.7215385437012
3439	position_diff	677.6420059204102	889.5941276550293
3440	position_diff	674.8041496276855	893.0281467437744
3441	position_diff	676.5509262084961	893.2642250061035
3442	position_diff	673.4641799926758	893.3200283050537
3445	orientation_diff	655.0600337982178	905.6446774800619
3450	orientation_diff	650.2927017211914	917.9035339355469
3451	orientation_diff	652.5759201049805	917.8243637084961
3453	orientation_diff	654.1392669677734	916.0131683349609
3454	orientation_diff	655.4021072387695	914.9817886352539
3455	orientation_diff	653.4802703857422	910.6086578369141
3456	orientation_diff	654.7240104675293	911.2494354248047
3457	orientation_diff	656.1131820678711	911.251579284668
3580	orientation_diff	630.6992454528809	106.34335327148438
3581	orientation_diff	624.8152313232422	107.74013900756836
3606	position_diff	511.87422943115234	894.0754928588867
3607	position_diff	509.63953399658203	892.3779754638672
3608	position_diff	508.3549461364746	891.6144027709961
3609	position_diff	507.8619613647461	890.3182754516602
3610	position_diff	506.39844512939453	890.6476135253906
3611	position_diff	508.8180809020996	891.0662155151367
3612	position_diff	510.52965927124023	890.5014610290527
3613	position_diff	509.1551055908203	891.2392234802246
3614	position_diff	509.30900955200195	891.5947189331055
3615	orientation_diff	512.9324035644531	889.928768157959
3616	position_diff	513.5887413024902	890.3801383972168
3617	position_diff	512.5672607421875	886.8495674133301
3618	orientation_diff	513.7819290161133	886.5507049560547
3619	orientation_diff	512.0877265930176	883.2005767822266
3620	orientation_diff	515.6248092651367	881.2932929992676
3622	orientation_diff	522.0949478149414	876.1542930603027
3623	orientation_diff	522.3334121704102	872.6766357421875
3624	orientation_diff	525.6335411071777	872.7799263000488
3625	orientation_diff	527.5257339477539	869.2267074584961
3626	orientation_diff	523.3796997070312	871.4009475708008
3627	orientation_diff	524.6866912841797	868.4976844787598
3628	orientation_diff	525.4543075561523	867.2753944396973
3629	orientation_diff	522.476936340332	871.6265068054199
3630	orientation_diff	152.01683044433594	624.1164035797119
3631	orientation_diff	521.9296531677246	871.2274379730225
3632	orientation_diff	153.64462661743164	624.4782600402832
3633	orientation_diff	154.2762222290039	625.0966148376465
3634	orientation_diff	154.76151657104492	625.0337944030762
3635	orientation_diff	154.96186447143555	624.5479507446289
3636	orientation_diff	155.2913818359375	624.3670825958252
3637	orientation_diff	155.56882095336914	626.9256439208984
3638	orientation_diff	154.9091567993164	625.916576385498
3639	orientation_diff	153.6612548828125	623.5873794555664
3640	orientation_diff	152.7620620727539	623.6228885650635
3641	orientation_diff	525.3153877258301	866.479658126831
3642	orientation_diff	525.5840187072754	866.3869819641113
3643	orientation_diff	528.4158248901367	870.4204349517822
3644	position_diff	531.2662506103516	873.8228874206543
3645	orientation_diff	531.293327331543	873.5527420043945
3646	position_diff	529.7454032897949	876.4068641662598
3647	orientation_diff	152.97142028808594	623.0373992919922
3648	orientation_diff	532.6582298278809	864.552490234375
3649	orientation_diff	154.04893112182617	619.6234283447266
3650	orientation_diff	538.3543243408203	863.9865226745605
3651	orientation_diff	156.3625831604004	611.7126617431641
3652	orientation_diff	542.565860748291	863.1931457519531
3653	orientation_diff	161.74954223632812	608.6587664286296
3654	orientation_diff	161.0955047607422	608.9644673665364
3655	orientation_diff	162.40357971191406	608.3530654907227
3656	orientation_diff	162.66787338256836	608.6676025390625
3657	orientation_diff	162.82582092285156	608.4410915374756
3658	orientation_diff	164.17078018188477	609.2124252319336
3659	orientation_diff	165.79307556152344	610.695915222168
3660	orientation_diff	166.62793731689453	612.1272315979004
3661	orientation_diff	166.67848587036133	615.7835960388184
3695	orientation_diff	481.77237701416016	893.1699638366699
3696	orientation_diff	481.6642837524414	896.7192077636719
3697	orientation_diff	480.8097038269043	893.061393737793
3698	orientation_diff	481.47937774658203	893.3871059417725
3699	orientation_diff	483.00300216674805	893.5317344665527
3700	orientation_diff	482.68689346313477	892.1862640380859
3703	orientation_diff	576.3058471679688	243.46149826049805
3853	orientation_diff	499.9129753112793	220.62882232666016
3856	orientation_diff	494.44328689575195	221.46834182739258
3857	position_diff	491.3907699584961	223.16794204711914
3858	position_diff	494.6812934875488	222.66092681884766
3859	orientation_diff	497.2611427307129	220.60053634643555
3860	orientation_diff	499.21224212646484	219.2744255065918
3862	position_diff	492.27297592163086	219.90135955810547
3865	position_diff	490.7801513671875	224.56489181518555
3866	position_diff	490.3218765258789	222.94442749023438
3867	position_diff	489.8045997619629	222.25214767456055
3868	position_diff	488.1814556121826	220.50724411010742
3869	position_diff	486.3156490325928	219.6298942565918
3870	position_diff	485.49624824523926	220.8246784210205
3871	position_diff	486.3268508911133	219.3629093170166
3872	position_diff	483.95128631591797	219.20031356811523
3873	position_diff	483.7053337097168	217.10109901428223
3874	position_diff	482.99261474609375	217.8282241821289
3875	position_diff	486.06530570983887	221.62678146362305
3878	position_diff	484.5080451965332	220.58520317077637
3879	position_diff	483.8952922821045	218.77996253967285
3880	position_diff	485.0007781982422	220.96503829956055
3886	position_diff	480.6706790924072	216.56579399108887
3887	position_diff	480.2835445404053	216.40276336669922
3888	position_diff	479.7390995025635	217.05675888061523
3889	position_diff	481.7788276672363	219.75556182861328
3890	position_diff	476.3574523925781	216.96762084960938
3891	position_diff	476.2989444732666	218.51906967163086
3892	position_diff	475.18548583984375	221.22499465942383
3893	position_diff	475.7358207702637	219.74668502807617
3894	position_diff	475.42366790771484	219.14190673828125
3895	position_diff	475.16197204589844	219.36234283447266
3896	position_diff	474.4736557006836	221.4350700378418
3897	position_diff	470.01551628112793	223.87139129638672
3902	position_diff	483.7579574584961	226.3338737487793
3903	position_diff	476.2499256134033	223.29283142089844
3904	position_diff	477.76424407958984	226.5076446533203
3905	position_diff	482.6199035644531	227.6002082824707
3998	orientation_diff	383.4332847595215	337.368465423584
4016	orientation_diff	878.5875244140625	622.961841583252
4024	orientation_diff	876.0042572021484	627.99658203125
4025	orientation_diff	874.6536445617676	628.8816223144531
4026	orientation_diff	874.7702560424805	628.7866859436035
4027	orientation_diff	873.219841003418	629.5522270202637
4028	orientation_diff	872.5739345550537	626.7414894104004
4029	orientation_diff	874.6130123138428	629.6215934753418
4030	orientation_diff	872.8568458557129	630.6517868041992
4031	orientation_diff	872.1666030883789	628.671293258667
4032	orientation_diff	871.2157649993896	628.4758453369141
4177	orientation_diff	153.8819122314453	457.3745346069336
4184	orientation_diff	157.4869499206543	459.3810920715332
4185	orientation_diff	157.6452178955078	457.2926483154297
4190	orientation_diff	532.4581604003906	915.0511894226074
4200	orientation_diff	921.8208560943604	555.2687454223633
4201	orientation_diff	919.2550392150879	551.5000419616699
4202	orientation_diff	918.6107444763184	553.3782997131348
4203	orientation_diff	917.5623912811279	558.3503913879395
4204	orientation_diff	917.3980941772461	558.4477272033691
4205	orientation_diff	914.8177318572998	561.29296875
4206	orientation_diff	911.6738948822021	556.7485656738281
4207	orientation_diff	912.2072277069092	559.6304969787598
4208	orientation_diff	913.2626838684082	562.3885345458984
4209	orientation_diff	910.2859172821045	566.7948417663574
4210	orientation_diff	537.4566040039062	908.7114486694336
4211	orientation_diff	540.6320838928223	907.1895790100098
4212	orientation_diff	906.3347854614258	566.0508422851562
4213	orientation_diff	905.3390121459961	566.1363906860352
4214	orientation_diff	905.4950180053711	567.2910232543945
4215	orientation_diff	905.5323028564453	566.7129402160645
4216	orientation_diff	905.1644229888916	567.3197174072266
4217	orientation_diff	541.510498046875	901.0593566894531
4218	orientation_diff	903.0371322631836	567.1773490905762
4219	orientation_diff	903.5062408447266	567.6433982849121
4220	orientation_diff	901.8954753875732	568.4966583251953
4221	orientation_diff	902.0205402374268	568.7517127990723
4222	orientation_diff	902.459981918335	569.0931777954102
4223	orientation_diff	902.919132232666	571.4014472961426
4224	orientation_diff	902.1752109527588	574.1099815368652
4225	orientation_diff	899.6913909912109	576.2526016235352
4226	orientation_diff	903.2487211227417	576.7904624938965
4227	position_diff	554.34130859375	890.7760601043701
4228	orientation_diff	900.8771677017212	576.4318885803223
4229	orientation_diff	904.434497833252	576.9697494506836
4230	orientation_diff	547.6682605743408	897.3570976257324
4231	orientation_diff	548.5676918029785	900.9188613891602
4232	orientation_diff	552.3772678375244	899.1777648925781
4233	orientation_diff	552.6893901824951	898.756763458252
4234	orientation_diff	547.5958251953125	898.2109184265137
4235	orientation_diff	546.561695098877	898.9044990539551
4236	orientation_diff	545.9378547668457	898.8418502807617
4240	orientation_diff	552.0387191772461	890.5833053588867
4242	orientation_diff	550.9720268249512	893.2022972106934
4243	orientation_diff	910.7661800384521	589.6633491516113
4244	orientation_diff	913.9344520568848	588.3908824920654
4246	orientation_diff	913.6653505961101	590.3150024414062
4259	orientation_diff	913.3149185180664	595.4201908111572
4294	orientation_diff	824.78466796875	366.1656150817871
4295	orientation_diff	824.8614025115967	364.7689628601074
4296	orientation_diff	824.7904949188232	361.67602157592773
4297	orientation_diff	822.7233276367188	366.6051330566406
4298	orientation_diff	821.0906143188477	360.1767463684082
4299	orientation_diff	818.8879528045654	358.8939094543457
4300	orientation_diff	814.3393154144287	368.94078063964844
4301	orientation_diff	813.1160221099854	368.51622772216797
4302	orientation_diff	817.3553352355957	369.21341705322266
4303	orientation_diff	814.4205932617188	366.7813949584961
4304	orientation_diff	813.3576030731201	362.2794494628906
4305	orientation_diff	815.4521255493164	359.8883857727051
4306	orientation_diff	815.7011070251465	352.9923858642578
4316	orientation_diff	918.8196868896484	645.7225532531738
4321	orientation_diff	898.4841651916504	643.1459579467773
4434	orientation_diff	412.7283172607422	142.9840965270996
4435	orientation_diff	412.17059326171875	141.5856819152832
4436	orientation_diff	411.80710220336914	142.98631286621094
4438	orientation_diff	411.85722732543945	150.40620040893555
4440	orientation_diff	411.9104804992676	148.09819412231445
4448	orientation_diff	417.266300201416	144.58031463623047
4450	orientation_diff	423.3550224304199	143.69375610351562
4451	orientation_diff	422.4583625793457	141.08585357666016
4508	orientation_diff	567.4295845031738	918.9997634887695
4509	orientation_diff	567.3933067321777	919.2019424438477
4510	orientation_diff	568.1377410888672	919.2661743164062
4511	orientation_diff	569.3507423400879	917.7774467468262
4512	orientation_diff	571.4470252990723	916.3093070983887
4513	orientation_diff	571.6068840026855	914.5852203369141
4514	orientation_diff	570.7426109313965	914.7613410949707
4515	orientation_diff	571.8317718505859	913.160026550293
4522	orientation_diff	578.1851348876953	912.167407989502
4523	orientation_diff	577.7264366149902	913.3185081481934
4524	orientation_diff	576.9730415344238	911.7776794433594
4525	orientation_diff	575.9177665710449	913.7586860656738
4526	orientation_diff	576.2496109008789	913.8892364501953
4527	orientation_diff	577.1498641967773	913.9114036560059
4543	orientation_diff	584.0708160400391	915.664852142334
4544	orientation_diff	584.1182556152344	915.6711463928223
4545	orientation_diff	584.2568664550781	916.0158195495605
4641	orientation_diff	193.99016952514648	704.2674503326416
4643	orientation_diff	195.35499954223633	707.1176929473877
4647	orientation_diff	197.91073989868164	708.777660369873
4765	orientation_diff	192.83841705322266	672.3219108581543
4766	orientation_diff	192.54192733764648	672.5040473937988
4767	orientation_diff	195.44807815551758	674.3083305358887
4768	orientation_diff	193.54054260253906	672.0042114257812
4769	orientation_diff	190.80627822875977	676.2272796630859
4770	orientation_diff	188.2708511352539	678.6007194519043
4771	orientation_diff	280.9638671875	233.4249038696289
4772	orientation_diff	281.56822204589844	233.82782363891602
4773	orientation_diff	282.5768508911133	234.90034866333008
4774	orientation_diff	284.53954696655273	235.8584327697754
4775	orientation_diff	284.2781639099121	235.15515899658203
4776	orientation_diff	282.8943862915039	234.78013610839844
4777	orientation_diff	283.0306816101074	233.84238815307617
4778	orientation_diff	287.05712509155273	233.9223861694336
4779	orientation_diff	290.4735870361328	233.18788528442383
4780	orientation_diff	287.7245864868164	237.96622848510742
4782	orientation_diff	290.81593322753906	237.56224060058594
4783	orientation_diff	292.6944885253906	238.23979949951172
4784	orientation_diff	293.09204864501953	239.53791046142578
4785	orientation_diff	291.00617599487305	241.59115600585938
4786	orientation_diff	293.5501022338867	240.70724487304688
4787	orientation_diff	293.38433837890625	240.28900527954102
4788	orientation_diff	295.11581802368164	236.3245849609375
4789	orientation_diff	296.9989700317383	234.4939727783203
4790	orientation_diff	296.11258697509766	236.07394409179688
4791	orientation_diff	294.46305592854816	241.03077443440756
4792	orientation_diff	295.28782145182294	238.5523592631022
4793	orientation_diff	293.63829040527344	243.5091896057129
4794	orientation_diff	298.48484802246094	241.27794647216797
4795	orientation_diff	294.5562744140625	245.49781799316406
4796	orientation_diff	296.6185646057129	244.3898162841797
4797	orientation_diff	296.31958389282227	245.0199203491211
4798	orientation_diff	299.1037712097168	239.4571762084961
4799	orientation_diff	297.6334800720215	244.01739120483398
4800	orientation_diff	297.10391998291016	244.70146942138672
4801	orientation_diff	298.7867202758789	246.6310577392578
4802	orientation_diff	298.30236053466797	247.6068000793457
4803	orientation_diff	302.0620346069336	248.45330810546875
4804	orientation_diff	301.96399688720703	248.69303131103516
4805	orientation_diff	300.60935974121094	248.23603439331055
4806	orientation_diff	306.43775939941406	248.66682052612305
4807	orientation_diff	306.0789337158203	248.78325653076172
4808	orientation_diff	309.2613296508789	248.8079605102539
4809	orientation_diff	308.11054611206055	248.7038459777832
4810	orientation_diff	308.6348419189453	248.3067512512207
4811	orientation_diff	309.61901473999023	249.48074340820312
4812	orientation_diff	308.9117851257324	252.11217498779297
4813	orientation_diff	307.59179306030273	254.9759750366211
4824	orientation_diff	453.4304885864258	133.15972137451172
4825	orientation_diff	453.0893135070801	132.7042579650879
4826	orientation_diff	454.0149612426758	132.79389572143555
4827	orientation_diff	452.0041809082031	132.9975814819336
4828	orientation_diff	455.13482666015625	132.63375091552734
4829	orientation_diff	453.07226943969727	133.49614715576172
4830	orientation_diff	451.3866844177246	135.34444427490234
4831	orientation_diff	452.5594062805176	135.25852584838867
4832	orientation_diff	453.73212814331055	135.172607421875
4833	orientation_diff	453.0815010070801	137.44281387329102
4834	orientation_diff	452.7461004257202	138.31597518920898
4835	orientation_diff	452.85790061950684	138.02492141723633
4836	orientation_diff	452.96970081329346	137.73386764526367
4837	orientation_diff	452.6343002319336	138.60702896118164
4838	orientation_diff	453.2027225494385	139.78488540649414
4839	orientation_diff	453.77114486694336	140.96274185180664
4840	orientation_diff	454.6787872314453	142.87427520751953
4841	orientation_diff	455.0906295776367	144.24861526489258
4842	orientation_diff	455.8329620361328	144.84881591796875
4843	orientation_diff	457.617130279541	145.2327537536621
4844	orientation_diff	457.35068130493164	146.28641510009766
4845	orientation_diff	459.5338363647461	146.33106994628906
4846	orientation_diff	458.80781173706055	146.5961570739746
4847	orientation_diff	466.315532207489	150.34705257415771
4848	orientation_diff	463.8129587173462	149.09675407409668
4849	orientation_diff	461.31038522720337	147.84645557403564
4850	orientation_diff	468.81810569763184	151.59735107421875
4851	orientation_diff	469.3443946838379	150.99083709716797
4852	orientation_diff	469.1011047363281	153.00511169433594
4948	orientation_diff	606.568904876709	147.6238555908203
4949	orientation_diff	606.7925262451172	146.33509826660156
4950	orientation_diff	600.2742080688477	147.1546630859375
4951	orientation_diff	601.5454273223877	147.40077590942383
4952	orientation_diff	604.8183689117432	148.35122680664062
4953	orientation_diff	605.0351448059082	149.91785430908203
4954	orientation_diff	605.1437644958496	153.0215606689453
4955	orientation_diff	606.9018058776855	154.26686096191406
4956	orientation_diff	602.5162506103516	155.6434211730957
4957	orientation_diff	605.8660011291504	156.88594818115234
4958	orientation_diff	605.942138671875	156.70444869995117
4959	orientation_diff	603.3257637023926	157.80445861816406
4960	orientation_diff	601.243127822876	159.61074447631836
4961	orientation_diff	602.198673248291	159.7695655822754
4962	orientation_diff	601.6799449920654	162.03783416748047
4963	orientation_diff	602.8051815032959	160.83100128173828
4964	orientation_diff	602.9719123840332	162.31423950195312
4965	orientation_diff	628.7796897888184	893.5022201538086
4966	orientation_diff	629.3736572265625	893.1271781921387
4967	orientation_diff	629.8646850585938	892.3249912261963
4968	orientation_diff	630.0642471313477	891.2330436706543
4969	orientation_diff	630.4065017700195	890.1080265045166
4970	orientation_diff	630.2559471130371	889.518590927124
4971	orientation_diff	632.5518455505371	889.9074363708496
4972	orientation_diff	631.6148338317871	886.582010269165
4973	orientation_diff	631.2894821166992	886.6857738494873
4974	orientation_diff	631.1191177368164	885.5276546478271
4975	orientation_diff	630.4529914855957	882.6563663482666
4976	orientation_diff	631.3100471496582	881.489200592041
4977	orientation_diff	631.3782920837402	879.8775901794434
4988	orientation_diff	628.9485549926758	872.9375038146973
4989	orientation_diff	629.5864219665527	871.7214698791504
4990	orientation_diff	627.4503784179688	870.4680881500244
5027	orientation_diff	622.7798881530762	881.979133605957
5041	orientation_diff	621.5354843139648	888.1072883605957
5043	orientation_diff	620.6608009338379	888.0364379882812
5044	orientation_diff	622.684196472168	892.325511932373
5045	orientation_diff	621.5137214660645	888.541862487793
5116	orientation_diff	640.2151794433594	890.5603561401367
5153	orientation_diff	657.1637840270996	894.8387031555176
5232	orientation_diff	159.52243423461914	451.1977119445801
5233	orientation_diff	148.01960372924805	457.4042625427246
5234	orientation_diff	149.18574142456055	458.47882080078125
5235	orientation_diff	148.2204065322876	461.3397607803345
5236	orientation_diff	148.5421848297119	460.3861141204834
5237	orientation_diff	148.86396312713623	459.4324674606323
5238	orientation_diff	147.89862823486328	462.29340744018555
5258	orientation_diff	421.6327362060547	140.83909225463867
5259	orientation_diff	424.62120056152344	141.44754791259766
5260	orientation_diff	423.19485092163086	142.7268943786621
5261	orientation_diff	424.8056221008301	143.2939567565918
5262	orientation_diff	423.53315353393555	145.75482177734375
5269	orientation_diff	426.67360496520996	147.85537719726562
5270	orientation_diff	427.7002258300781	148.76680755615234
5271	orientation_diff	428.56121253967285	150.02731704711914
5272	orientation_diff	428.39339447021484	150.40505981445312
5273	orientation_diff	431.40995025634766	151.63938522338867
5274	orientation_diff	429.586332321167	152.28012084960938
5275	orientation_diff	430.70450592041016	151.63936614990234
5276	orientation_diff	432.4795112609863	152.4909553527832
5277	orientation_diff	430.4588146209717	154.15433502197266
5278	orientation_diff	430.79217529296875	156.26895904541016
5279	orientation_diff	429.86731338500977	156.05056762695312
5280	orientation_diff	429.61449813842773	161.95774841308594
5281	orientation_diff	428.43174743652344	161.1551284790039
5282	orientation_diff	430.87355613708496	161.34441757202148
5283	orientation_diff	430.43989181518555	160.64979553222656
5284	orientation_diff	435.36973571777344	160.12873077392578
5305	orientation_diff	156.17290878295898	444.36600494384766
5306	orientation_diff	156.08187103271484	447.18017959594727
5307	orientation_diff	159.55476760864258	444.3122253417969
5308	orientation_diff	161.43788146972656	446.2694206237793
5309	orientation_diff	499.01169204711914	126.1883316040039
5310	orientation_diff	498.1922912597656	127.86186981201172
5311	orientation_diff	497.64295196533203	126.20254135131836
5312	orientation_diff	495.46571350097656	130.35755920410156
5313	orientation_diff	496.0115451812744	130.6703643798828
5314	orientation_diff	496.55737686157227	130.98316955566406
5315	orientation_diff	496.38215255737305	132.0820655822754
5316	orientation_diff	167.02116107940674	443.5280704498291
5328	orientation_diff	489.1563911437988	133.9967803955078
5329	orientation_diff	488.9456100463867	134.9067611694336
5330	orientation_diff	488.0902862548828	138.96598434448242
5331	orientation_diff	486.17294692993164	142.6831283569336
5332	orientation_diff	484.33667755126953	147.31383514404297
5333	orientation_diff	482.5004081726074	151.94454193115234
5460	position_diff	651.2250938415527	850.7394027709961
5463	position_diff	655.0026435852051	846.4906806945801
5465	orientation_diff	645.7037582397461	842.7837142944336
5474	orientation_diff	636.6762161254883	835.4817504882812
5475	orientation_diff	637.6532783508301	833.4277076721191
5476	orientation_diff	639.2139167785645	833.1066246032715
5477	position_diff	640.0488166809082	827.9152183532715
5478	orientation_diff	640.3962821960449	831.4129333496094
5479	orientation_diff	639.0998153686523	832.445951461792
5480	orientation_diff	640.5361404418945	830.541181564331
5482	orientation_diff	634.017635345459	832.0479125976562
5483	orientation_diff	633.6585006713867	829.5647430419922
5484	orientation_diff	634.0500068664551	831.0933723449707
5485	orientation_diff	633.3942985534668	828.3653163909912
5486	orientation_diff	635.0711517333984	826.3635749816895
5487	orientation_diff	630.5483169555664	831.310230255127
5488	orientation_diff	632.0451889038086	829.0204162597656
5489	orientation_diff	628.8933067321777	833.7819328308105
5490	orientation_diff	626.1629295349121	832.8484840393066
5491	orientation_diff	628.6499900817871	827.8559532165527
5492	orientation_diff	628.247989654541	827.0688018798828
5493	orientation_diff	627.7337036132812	826.611364364624
5494	orientation_diff	625.756160736084	829.1470966339111
5495	orientation_diff	629.0234565734863	825.083797454834
5496	orientation_diff	627.1709938049316	823.8271102905273
5497	orientation_diff	628.2824363708496	822.5736045837402
5498	orientation_diff	628.6026573181152	822.2821407318115
5499	orientation_diff	627.6533546447754	820.4275722503662
5501	orientation_diff	630.475227355957	820.4510593414307
5502	orientation_diff	631.2433891296387	820.2178554534912
5511	orientation_diff	629.0792465209961	807.4020843505859
5512	orientation_diff	628.376636505127	807.0002841949463
5513	orientation_diff	627.3919639587402	807.4665603637695
5514	orientation_diff	626.6174468994141	807.0681285858154
5538	orientation_diff	160.73910903930664	418.0612030029297
5539	orientation_diff	163.41593551635742	424.24328422546387
5540	orientation_diff	161.99082279205322	426.4370322227478
5541	orientation_diff	162.4658603668213	425.7057828903198
5542	orientation_diff	162.94089794158936	424.97453355789185
5543	orientation_diff	161.51578521728516	427.1682815551758
5544	orientation_diff	161.85276794433594	424.0130805969238
5546	orientation_diff	160.20912170410156	422.17551040649414
5586	orientation_diff	570.9916877746582	101.52131271362305
5593	orientation_diff	562.2795391082764	114.18456268310547
5594	orientation_diff	565.4418678283691	116.19453811645508
5595	orientation_diff	565.1191291809082	118.08837890625
5596	orientation_diff	562.4450016021729	117.44186782836914
5627	orientation_diff	284.84654998779297	801.6008796691895
5636	orientation_diff	280.6444206237793	774.8312187194824
5638	orientation_diff	276.9463653564453	778.3125762939453
5746	orientation_diff	337.6360511779785	656.6510047912598
5747	orientation_diff	313.56993675231934	650.685302734375
5748	orientation_diff	295.3727264404297	654.0200653076172
5756	orientation_diff	369.1747512817383	880.8644771575928
5757	orientation_diff	370.2844467163086	881.5548095703125
5759	orientation_diff	368.37314224243164	882.1999130249023
5760	orientation_diff	373.25871658325195	881.895830154419
5761	orientation_diff	372.1772804260254	877.1954727172852
5763	orientation_diff	377.79032135009766	868.4902267456055
5764	orientation_diff	377.89831161499023	871.9819583892822
5765	orientation_diff	379.37854766845703	870.9880027770996
5766	orientation_diff	380.3241271972656	868.490888595581
5767	orientation_diff	382.4329833984375	873.3393745422363
5768	orientation_diff	384.76234436035156	872.5731029510498
5769	orientation_diff	382.0128631591797	869.430871963501
5774	orientation_diff	277.5569190979004	641.7793426513672
5775	orientation_diff	276.33434677124023	642.3852005004883
5777	orientation_diff	385.7959671020508	870.8291435241699
5778	orientation_diff	384.6703758239746	868.5637474060059
5779	orientation_diff	384.05960845947266	866.8843727111816
5780	orientation_diff	386.40087509155273	866.7055034637451
5781	orientation_diff	387.1863594055176	866.246639251709
5782	orientation_diff	386.8605270385742	864.9935817718506
5783	orientation_diff	387.2747688293457	864.1867351531982
5784	orientation_diff	387.53862380981445	860.5979995727539
5785	orientation_diff	387.4506721496582	861.7942447662354
5786	orientation_diff	387.36272048950195	862.9904899597168
5787	orientation_diff	387.6265754699707	859.4017543792725
5788	orientation_diff	388.5543556213379	855.1471519470215
5789	orientation_diff	389.0541165669759	854.8903908199734
5790	orientation_diff	389.55387751261395	854.6336296929253
5791	orientation_diff	390.05363845825195	854.3768685658773
5792	orientation_diff	390.55339940388996	854.1201074388292
5793	orientation_diff	391.053160349528	853.8633463117811
5794	orientation_diff	391.552921295166	853.606585184733
5795	orientation_diff	392.052682240804	853.349824057685
5796	orientation_diff	392.5524431864421	853.093062930637
5797	orientation_diff	393.0522041320801	852.8363018035889
5798	orientation_diff	393.5519650777181	852.5795406765408
5799	orientation_diff	394.05172602335614	852.3227795494927
5800	orientation_diff	394.55148696899414	852.0660184224447
5801	orientation_diff	395.05124791463214	851.8092572953966
5802	orientation_diff	395.5510088602702	851.5524961683485
5803	orientation_diff	396.0507698059082	851.2957350413004
5804	orientation_diff	396.5505307515462	851.0389739142524
5805	orientation_diff	397.05029169718426	850.7822127872043
5806	orientation_diff	397.55005264282227	850.5254516601562
5807	orientation_diff	398.04981358846027	850.2686905331082
5808	orientation_diff	398.5495745340983	850.0119294060601
5809	orientation_diff	399.0493354797363	849.7551682790121
5810	orientation_diff	399.54909642537433	849.498407151964
5811	orientation_diff	400.0488573710124	849.2416460249159
5812	orientation_diff	400.5486183166504	848.9848848978678
5813	orientation_diff	401.0483792622884	848.7281237708198
5814	orientation_diff	401.54814020792645	848.4713626437717
5815	orientation_diff	402.04790115356445	848.2146015167236
5816	orientation_diff	403.3029975891113	845.1513600349426
5817	orientation_diff	402.8846321105957	846.1724405288696
5818	orientation_diff	402.4662666320801	847.1935210227966
5819	orientation_diff	403.72136306762695	844.1302795410156
5820	orientation_diff	666.1180324554443	155.58385467529297
5821	orientation_diff	666.1918296813965	155.1120147705078
5822	orientation_diff	667.6739311218262	158.15363311767578
5823	orientation_diff	665.5219764709473	159.00960159301758
5824	orientation_diff	666.0933685302734	159.3845100402832
5825	orientation_diff	666.406608581543	159.88896942138672
5826	orientation_diff	667.0039463043213	160.66540145874023
5827	orientation_diff	667.0244808197021	160.6858253479004
5828	orientation_diff	665.7520790100098	160.1415023803711
5829	orientation_diff	667.5385475158691	159.35848236083984
5831	orientation_diff	661.6980400085449	160.6071548461914
5832	orientation_diff	668.2188758850098	156.78945922851562
5833	orientation_diff	662.5728988647461	156.2222785949707
5834	orientation_diff	666.9772109985352	157.93094635009766
5835	orientation_diff	664.9336338043213	159.4043312072754
5836	orientation_diff	662.8900566101074	160.87771606445312
5837	orientation_diff	662.3529605865479	160.0458755493164
5838	orientation_diff	662.7316303253174	159.18773651123047
5839	orientation_diff	664.281982421875	163.06338500976562
5841	orientation_diff	660.3615951538086	172.30059051513672
5842	orientation_diff	661.0543518066406	175.7087860107422
5843	orientation_diff	661.7471084594727	179.11698150634766
5891	orientation_diff	728.7757797241211	823.9058227539062
5892	orientation_diff	728.2345600128174	821.9693412780762
5893	orientation_diff	727.18581199646	820.2645721435547
5894	orientation_diff	727.3776512145996	821.7359733581543
5895	orientation_diff	731.2904930114746	819.4586753845215
5904	orientation_diff	298.1825141906738	472.48358154296875
5905	orientation_diff	296.7201671600342	449.7716541290283
5906	orientation_diff	282.77209854125977	434.3420162200928
5909	orientation_diff	271.6842231750488	394.3837585449219
5910	orientation_diff	273.6126594543457	385.5239601135254
5911	orientation_diff	280.46825408935547	379.3351593017578
5912	orientation_diff	278.1075553894043	378.3913688659668
5913	position_diff	278.98220443725586	378.52405166625977
5914	orientation_diff	146.94598388671875	579.1609230041504
5915	orientation_diff	153.37528228759766	579.3832359313965
5916	orientation_diff	152.37216186523438	580.2653770446777
5917	orientation_diff	153.72539138793945	581.3572063446045
5918	orientation_diff	154.4527359008789	580.4831562042236
5919	orientation_diff	157.89265823364258	580.2358417510986
5920	orientation_diff	161.02080917358398	578.6664619445801
5921	orientation_diff	165.48889541625977	576.3542251586914
5922	orientation_diff	168.2812156677246	576.864013671875
5923	orientation_diff	177.3117904663086	571.3768043518066
5924	orientation_diff	455.5232810974121	826.7967891693115
5925	orientation_diff	453.48492431640625	825.4183921813965
5926	orientation_diff	446.5770072937012	830.051477432251
5928	orientation_diff	442.1978645324707	830.0760917663574
5929	orientation_diff	442.15156173706055	831.4682121276855
5930	orientation_diff	439.0280876159668	835.5620079040527
5931	orientation_diff	438.9200801849365	835.6104393005371
5950	orientation_diff	595.8293571472168	869.1699714660645
5951	orientation_diff	598.0551605224609	877.4090270996094
5952	orientation_diff	597.7940673828125	876.5663642883301
5953	orientation_diff	596.0519943237305	872.9054183959961
5954	orientation_diff	598.574146270752	870.1738204956055
5955	orientation_diff	595.8314094543457	874.3755912780762
5956	orientation_diff	598.6829719543457	872.4133415222168
5957	orientation_diff	598.7318801879883	874.354061126709
5958	orientation_diff	600.9259872436523	872.7211837768555
5959	orientation_diff	599.2933044433594	874.7836494445801
5960	orientation_diff	601.4647560119629	875.1573867797852
5962	orientation_diff	602.0482559204102	872.9989814758301
5971	orientation_diff	604.9083404541016	878.1480712890625
5972	orientation_diff	608.386402130127	876.8133277893066
5973	orientation_diff	605.6232719421387	877.5490913391113
5977	orientation_diff	601.8858680725098	874.3356113433838
5978	orientation_diff	602.0816898345947	873.336127281189
5979	orientation_diff	602.2775115966797	872.3366432189941
5987	orientation_diff	597.7046699523926	873.7754211425781
5994	orientation_diff	597.3498573303223	881.8060035705566
5995	orientation_diff	600.4466171264648	879.2207012176514
6147	position_diff	491.33340072631836	876.1595420837402
6148	position_diff	491.718318939209	875.7825012207031
6149	position_diff	493.5337333679199	874.7649383544922
6150	position_diff	492.7432518005371	873.9020042419434
6151	orientation_diff	900.822021484375	485.0528373718262
6152	orientation_diff	899.1461639404297	488.9352684020996
6153	position_diff	494.64227294921875	869.4284744262695
6154	orientation_diff	897.83154296875	483.733943939209
6155	orientation_diff	895.7289581298828	491.56715393066406
6156	orientation_diff	900.2332077026367	486.46723556518555
6157	position_diff	900.3820209503174	481.1887550354004
6158	orientation_diff	897.9876823425293	487.6090774536133
6159	orientation_diff	895.0046329498291	484.894287109375
6160	orientation_diff	891.4188003540039	485.40819931030273
6161	orientation_diff	886.9137859344482	489.0849494934082
6162	orientation_diff	493.80982971191406	852.2211952209473
6163	orientation_diff	493.52042388916016	852.4988021850586
6164	orientation_diff	495.7367362976074	851.4584884643555
6165	orientation_diff	496.6337585449219	851.5470104217529
6166	orientation_diff	495.1171875	846.3295841217041
6167	orientation_diff	491.7653007507324	845.5158596038818
6168	orientation_diff	489.8102226257324	847.4047889709473
6169	orientation_diff	492.61188888549805	844.3423156738281
6170	orientation_diff	490.9927291870117	844.0835571289062
6171	orientation_diff	490.7055244445801	841.087776184082
6172	orientation_diff	488.32691955566406	842.3926296234131
6173	orientation_diff	486.6704273223877	844.4971160888672
6174	orientation_diff	491.36358642578125	847.586109161377
6175	orientation_diff	488.2822265625	844.9583854675293
6176	orientation_diff	484.3452796936035	839.4383201599121
6177	orientation_diff	483.5505027770996	835.6950511932373
6178	orientation_diff	483.93591690063477	831.3123989105225
6179	orientation_diff	486.47522354125977	829.1877403259277
6205	orientation_diff	627.9931526184082	131.44598770141602
6206	orientation_diff	624.8025932312012	130.46264266967773
6207	orientation_diff	623.9144477844238	128.66891479492188
6208	orientation_diff	622.4288330078125	131.03673553466797
6222	orientation_diff	556.6933631896973	153.44051361083984
6223	orientation_diff	559.8563194274902	153.33977127075195
6224	orientation_diff	560.1283187866211	153.7514419555664
6225	orientation_diff	559.152889251709	154.00885009765625
6226	orientation_diff	560.3419799804688	153.94041442871094
6227	orientation_diff	561.4685516357422	154.17368698120117
6228	orientation_diff	561.2167778015137	155.63544082641602
6230	orientation_diff	560.9679527282715	158.38758850097656
6231	orientation_diff	563.9324340820312	157.40173721313477
6232	orientation_diff	559.5912971496582	154.44769287109375
6233	orientation_diff	557.7760467529297	156.65936660766602
6239	orientation_diff	530.3427124023438	875.2590026855469
6241	orientation_diff	530.646728515625	870.9473114013672
6242	orientation_diff	528.3625373840332	872.2565956115723
6243	orientation_diff	527.7669143676758	873.8083457946777
6244	orientation_diff	529.9774208068848	872.6736907958984
6245	orientation_diff	531.442008972168	871.6620178222656
6246	orientation_diff	533.8906097412109	865.5200347900391
6247	orientation_diff	531.7684020996094	866.0049133300781
6248	orientation_diff	532.3051090240479	864.9378051757812
6249	orientation_diff	533.6370811462402	863.826000213623
6250	orientation_diff	532.1976566314697	863.7683601379395
6251	orientation_diff	530.1776142120361	864.3925971984863
6252	orientation_diff	529.8812942504883	864.1562099456787
6253	orientation_diff	534.5774955749512	863.7377223968506
6254	orientation_diff	532.5740203857422	861.6344661712646
6255	orientation_diff	531.3365936279297	859.9767475128174
6256	orientation_diff	535.8184051513672	859.1602993011475
6257	orientation_diff	533.3354110717773	857.7997779846191
6258	orientation_diff	534.7058143615723	854.0318508148193
6259	orientation_diff	537.0943412780762	854.8339385986328
6260	orientation_diff	539.0024604797363	855.3336658477783
6261	orientation_diff	536.644603729248	851.5677947998047
6262	orientation_diff	534.3519706726074	850.4819374084473
6263	orientation_diff	536.2814025878906	845.9518165588379
6264	orientation_diff	480.9793230692545	838.409236907959
6265	orientation_diff	533.6241874694824	849.6794090270996
6266	position_diff	483.59973907470703	833.0486907958984
6267	position_diff	484.32710456848145	832.5423164367676
6268	position_diff	486.4832458496094	830.8358459472656
6269	orientation_diff	533.275143623352	841.0042200088501
6270	position_diff	487.9773483276367	830.5725917816162
6271	position_diff	488.5376777648926	831.7899360656738
6272	position_diff	487.12232208251953	827.8751926422119
6274	orientation_diff	507.4841003417969	782.4961051940918
6275	orientation_diff	509.01369285583496	786.0869979858398
6276	orientation_diff	496.08970069885254	768.3058948516846
6277	orientation_diff	475.85450744628906	749.8111305236816
6278	orientation_diff	458.30531311035156	734.7316818237305
6279	orientation_diff	425.58137130737305	714.3776741027832
6280	orientation_diff	404.8712844848633	704.7363433837891
6281	orientation_diff	392.5653877258301	711.7582397460938
6282	orientation_diff	381.5642280578613	717.163257598877
6283	orientation_diff	372.8982048034668	719.2094097137451
6284	orientation_diff	367.14385986328125	729.8955364227295
6285	orientation_diff	361.70437812805176	732.7010078430176
6286	orientation_diff	365.5200786590576	733.2320175170898
6287	orientation_diff	369.4073371887207	733.4485492706299
6288	orientation_diff	372.36592864990234	734.646484375
6289	orientation_diff	374.4129981994629	735.1107139587402
6290	orientation_diff	373.6137351989746	735.3199501037598
6291	orientation_diff	374.7921257019043	736.8055534362793
6292	orientation_diff	375.1695365905762	738.8488006591797
6293	orientation_diff	375.86667251586914	740.7780647277832
6294	orientation_diff	375.9753189086914	741.7647819519043
6295	orientation_diff	375.77306365966797	742.014627456665
6296	orientation_diff	375.777400970459	742.1391315460205
6297	orientation_diff	375.81826400756836	742.4780406951904
6298	orientation_diff	375.9251518249512	742.6425666809082
6299	orientation_diff	375.6920738220215	742.7958602905273
6300	orientation_diff	375.6128692626953	742.8849773406982
6301	orientation_diff	375.51599502563477	742.890546798706
6302	orientation_diff	375.4912872314453	742.9580211639404
6303	orientation_diff	375.38306427001953	742.9819049835205
6304	orientation_diff	375.33704376220703	742.9940299987793
6305	orientation_diff	375.3270072937012	742.9817848205566
6306	orientation_diff	375.2307891845703	742.9382953643799
6307	orientation_diff	375.0979309082031	742.9227619171143
6308	orientation_diff	375.0483932495117	742.8436145782471
6309	orientation_diff	375.11058807373047	742.7954235076904
6310	orientation_diff	375.11025619506836	742.8200035095215
6311	orientation_diff	375.08740997314453	742.7573776245117
6312	orientation_diff	374.9226303100586	742.9518432617188
6313	orientation_diff	375.00395584106445	742.842435836792
6314	orientation_diff	374.9315757751465	742.9208526611328
6315	orientation_diff	374.9173126220703	742.9723320007324
6316	orientation_diff	374.8702735900879	742.8958129882812
6317	orientation_diff	374.9654121398926	742.8376388549805
6318	orientation_diff	374.90099716186523	742.841386795044
6319	orientation_diff	374.99421310424805	742.7403678894043
6320	orientation_diff	374.8964042663574	742.9350566864014
6321	orientation_diff	374.95916748046875	742.8254909515381
6322	orientation_diff	374.9776725769043	742.8980140686035
6323	orientation_diff	374.93510818481445	742.8963623046875
6324	orientation_diff	375.0768928527832	742.632303237915
6325	orientation_diff	375.05005264282227	742.8267288208008
6326	orientation_diff	375.03079986572266	742.8185024261475
6327	orientation_diff	375.09421157836914	742.7311630249023
6328	orientation_diff	374.88548278808594	742.8828620910645
6329	orientation_diff	328.7185363769531	815.2118015289307
6330	orientation_diff	329.5741996765137	815.1096458435059
6331	orientation_diff	330.8927307128906	814.582052230835
6332	orientation_diff	331.4173049926758	815.6182155609131
6333	orientation_diff	413.7930145263672	775.907585144043
6334	orientation_diff	416.54351806640625	779.0687866210938
6335	orientation_diff	419.2770824432373	779.2149925231934
6336	orientation_diff	419.5439701080322	778.9771118164062
6337	orientation_diff	419.92372703552246	778.936824798584
6338	orientation_diff	419.7590923309326	779.5572395324707
6339	orientation_diff	419.88154792785645	780.3685722351074
6340	orientation_diff	331.5905303955078	812.0502872467041
6341	orientation_diff	420.4190196990967	780.9302291870117
6342	orientation_diff	420.81798934936523	780.8737545013428
6343	orientation_diff	420.9999694824219	781.1186943054199
6344	orientation_diff	421.04240798950195	781.1243286132812
6345	orientation_diff	421.1027412414551	781.2558822631836
6346	orientation_diff	421.172887802124	781.216869354248
6347	orientation_diff	421.37742614746094	781.2353858947754
6348	orientation_diff	421.3964099884033	781.1576881408691
6349	orientation_diff	421.40149307250977	781.1432762145996
6350	orientation_diff	421.3595943450928	781.2208938598633
6351	orientation_diff	421.28525161743164	781.248592376709
6352	orientation_diff	421.2911911010742	781.1594505310059
6353	orientation_diff	421.2935256958008	781.1596603393555
6354	orientation_diff	421.3882122039795	781.121410369873
6355	orientation_diff	421.4379997253418	780.9755363464355
6356	orientation_diff	421.43488121032715	781.0856170654297
6357	orientation_diff	421.4426918029785	781.0415840148926
6358	orientation_diff	421.4827995300293	780.8239059448242
6359	orientation_diff	412.1532917022705	774.8097629547119
6360	orientation_diff	386.2237071990967	756.9331111907959
6361	orientation_diff	367.6770210266113	741.3388442993164
6367	orientation_diff	361.2564506530762	729.4445304870605
6404	orientation_diff	312.14766693115234	742.7983589172363
6405	orientation_diff	318.85090255737305	738.0392417907715
6406	orientation_diff	322.7761650085449	734.3629264831543
6407	orientation_diff	320.01227951049805	737.1318244934082
6408	orientation_diff	308.13008880615234	743.5197677612305
6409	orientation_diff	303.98239517211914	744.9767036437988
6410	orientation_diff	300.4234161376953	746.6907081604004
6411	orientation_diff	297.0285415649414	747.878173828125
6412	orientation_diff	461.4696464538574	715.6745719909668
6429	orientation_diff	346.7671546936035	870.898021697998
6508	orientation_diff	282.96716690063477	805.1407318115234
6509	orientation_diff	281.62263107299805	803.5868225097656
6510	orientation_diff	283.18164825439453	802.1929550170898
6511	orientation_diff	283.88775634765625	800.1657752990723
6512	orientation_diff	284.23554039001465	799.518871307373
6513	orientation_diff	284.58332443237305	798.8719673156738
6514	orientation_diff	287.4270706176758	796.7724227905273
6515	orientation_diff	296.13768005371094	794.0641193389893
6516	orientation_diff	294.4027214050293	793.922737121582
6517	orientation_diff	292.23144912719727	793.5305633544922
6518	orientation_diff	293.4266815185547	792.8776664733887
6519	orientation_diff	290.186767578125	793.4555969238281
6520	orientation_diff	292.232852935791	795.9414939880371
6521	orientation_diff	292.21346282958984	792.3494186401367
6524	position_diff	319.2242851257324	784.6763572692871
6526	orientation_diff	312.88203048706055	788.010498046875
6622	orientation_diff	423.22851181030273	130.59172821044922
6623	orientation_diff	421.6272163391113	130.13555526733398
6624	orientation_diff	421.7468910217285	134.23817825317383
6625	orientation_diff	421.61582946777344	133.2532081604004
6626	orientation_diff	425.8518829345703	135.29616165161133
6627	orientation_diff	424.6311264038086	135.5918312072754
6628	orientation_diff	428.03462982177734	135.58922576904297
6631	orientation_diff	208.64006805419922	721.8305969238281
6632	orientation_diff	209.70295333862305	724.465015411377
6633	orientation_diff	211.2531967163086	722.342752456665
6634	orientation_diff	210.67261123657227	723.0342044830322
6635	orientation_diff	211.59750366210938	722.5132884979248
6636	orientation_diff	213.15385818481445	722.9723472595215
6637	orientation_diff	214.5703239440918	721.9855194091797
6638	orientation_diff	214.03598022460938	721.8860149383545
6639	orientation_diff	215.20306396484375	720.686674118042
6640	orientation_diff	215.5975799560547	719.8406505584717
6641	orientation_diff	217.1774787902832	721.2343311309814
6642	orientation_diff	217.73111724853516	721.2960109710693
6643	orientation_diff	219.00183868408203	721.1547317504883
6646	orientation_diff	430.83334732055664	143.08624267578125
6652	orientation_diff	432.6183891296387	149.83497619628906
6674	orientation_diff	193.11494827270508	296.5241241455078
6717	orientation_diff	246.07892608642578	234.6872215270996
6718	orientation_diff	247.64691162109375	236.2734718322754
6721	orientation_diff	245.6328239440918	238.67388916015625
6722	orientation_diff	246.67229843139648	240.563232421875
6723	orientation_diff	250.63580322265625	237.94164276123047
6725	orientation_diff	249.12387466430664	237.81211471557617
6727	orientation_diff	249.5676612854004	237.5580883026123
6728	orientation_diff	253.26140594482422	239.11916732788086
6729	orientation_diff	255.00281143188477	242.26617050170898
6735	orientation_diff	788.6002731323242	779.4742774963379
6736	orientation_diff	787.828950881958	779.6039009094238
6737	orientation_diff	786.6801624298096	777.9030303955078
6738	orientation_diff	778.5132236480713	784.3888282775879
6739	orientation_diff	777.3373546600342	783.4053421020508
6741	orientation_diff	784.5964393615723	777.5686073303223
6742	orientation_diff	785.5832004547119	776.4530563354492
6743	orientation_diff	783.6997356414795	776.5869483947754
6744	orientation_diff	784.5173225402832	775.7325057983398
6745	orientation_diff	784.9292984008789	775.5646286010742
6746	orientation_diff	784.859468460083	777.4560432434082
6747	orientation_diff	790.2634010314941	771.268627166748
6748	orientation_diff	788.7138824462891	771.4930305480957
6749	orientation_diff	786.2535400390625	770.8081321716309
6750	orientation_diff	784.6252174377441	774.239143371582
6751	orientation_diff	784.9355411529541	774.9711399078369
6752	orientation_diff	784.482744216919	773.1166572570801
6753	orientation_diff	784.6415348052979	772.5406227111816
6804	orientation_diff	611.0221366882324	883.294548034668
6805	orientation_diff	609.8371677398682	884.3532047271729
6806	orientation_diff	609.167667388916	884.4986782073975
6807	orientation_diff	610.2752952575684	884.3070850372314
6808	orientation_diff	610.0218086242676	885.3274059295654
6809	orientation_diff	608.9911460876465	884.4206962585449
6810	orientation_diff	607.0197830200195	882.5131435394287
6811	orientation_diff	604.0678520202637	878.9797286987305
6812	orientation_diff	603.4131507873535	878.2207336425781
6813	orientation_diff	605.2196807861328	876.6335697174072
6814	orientation_diff	604.5561752319336	878.455883026123
6815	orientation_diff	604.343936920166	878.6289482116699
6816	orientation_diff	603.4184722900391	876.4874496459961
6817	orientation_diff	601.6485748291016	873.2490062713623
6818	orientation_diff	598.5854072570801	864.324779510498
6829	orientation_diff	565.9497871398926	873.4504432678223
6918	orientation_diff	202.5807113647461	310.7731704711914
6919	orientation_diff	202.12530517578125	313.91658782958984
6920	orientation_diff	201.3824462890625	313.1047248840332
6921	orientation_diff	206.90590922037762	318.2237180074056
6922	orientation_diff	204.14417775472003	315.6642214457194
6923	orientation_diff	209.66764068603516	320.7832145690918
6936	orientation_diff	618.9441528320312	893.0593109130859
6937	orientation_diff	617.7490425109863	890.9123229980469
6938	orientation_diff	618.9221134185791	891.7143287658691
6939	orientation_diff	622.9619083404541	891.8344917297363
6940	orientation_diff	622.6461544036865	891.8692779541016
6941	orientation_diff	618.0644092559814	889.8700160980225
6942	orientation_diff	619.5378761291504	886.7220249176025
6943	orientation_diff	616.5384063720703	887.9390830993652
6944	orientation_diff	616.4012718200684	888.4301700592041
6945	orientation_diff	616.2641372680664	888.921257019043
6946	orientation_diff	372.68830490112305	844.1881828308105
6947	orientation_diff	369.2139701843262	843.7462997436523
6948	orientation_diff	369.7595977783203	841.2258567810059
6949	orientation_diff	368.7681350708008	839.6249008178711
6950	orientation_diff	370.0712547302246	833.4176254272461
6965	orientation_diff	614.4825477600098	883.8164310455322
6966	orientation_diff	616.3540229797363	887.6865329742432
7027	orientation_diff	272.0066032409668	213.3726577758789
7028	orientation_diff	270.8988800048828	215.45880889892578
7039	orientation_diff	280.4642028808594	236.4132308959961
7045	orientation_diff	286.0853271484375	241.9853172302246
7127	orientation_diff	477.9229164123535	868.3133430480957
7128	orientation_diff	480.7842798233032	864.4919834136963
7129	orientation_diff	479.8304920196533	865.7657699584961
7130	orientation_diff	478.8767042160034	867.0395565032959
7131	orientation_diff	481.7380676269531	863.2181968688965
7132	orientation_diff	477.1941509246826	864.9861927032471
7133	orientation_diff	476.48478507995605	866.8957195281982
7134	orientation_diff	477.9880828857422	866.3902549743652
7135	orientation_diff	483.3521728515625	861.7180976867676
7136	orientation_diff	480.20692253112793	861.7202491760254
7137	orientation_diff	485.11345291137695	858.66770362854
7138	orientation_diff	483.38045501708984	859.1816558837891
7139	orientation_diff	483.17367935180664	856.9822731018066
7140	orientation_diff	483.53943252563477	857.2685871124268
7141	orientation_diff	483.3770160675049	857.4399261474609
7142	orientation_diff	484.8086242675781	855.4843444824219
7143	orientation_diff	485.38987731933594	853.7624740600586
7144	orientation_diff	485.0075492858887	854.7831001281738
7145	orientation_diff	484.8331832885742	847.1235771179199
7146	orientation_diff	479.9895210266113	844.5844192504883
7180	orientation_diff	157.20924758911133	662.516206741333
7182	orientation_diff	157.2733154296875	661.4840507507324
7183	orientation_diff	157.33127212524414	660.3547859191895
7184	orientation_diff	160.46358489990234	660.1748886108398
7185	orientation_diff	159.0658950805664	660.6375408172607
7186	orientation_diff	159.8827247619629	657.8556499481201
7187	orientation_diff	161.2257843017578	658.5275859832764
7188	orientation_diff	161.53060150146484	652.561824798584
7189	orientation_diff	163.04127502441406	651.3189125061035
7193	orientation_diff	166.84379196166992	641.0994453430176
7194	orientation_diff	172.0033187866211	644.2888488769531
7195	orientation_diff	173.1874237060547	646.8377227783203
7196	orientation_diff	175.3303451538086	645.299072265625
7197	orientation_diff	175.4082145690918	636.9191131591797
7198	orientation_diff	176.6841220855713	639.4240131378174
7199	orientation_diff	176.25881958007812	638.5890464782715
7200	orientation_diff	175.83351707458496	637.7540798187256
7201	orientation_diff	177.10942459106445	640.2589797973633
7202	orientation_diff	177.75079727172852	644.7149391174316
7203	orientation_diff	179.2156982421875	645.4729995727539
7204	orientation_diff	180.27064895629883	645.2921695709229
7205	orientation_diff	183.0484619140625	644.7270565032959
7206	orientation_diff	183.75395965576172	643.6339836120605
7207	orientation_diff	185.26256942749023	642.5987205505371
7208	orientation_diff	185.19647979736328	645.2711353302002
7209	orientation_diff	187.9983024597168	642.5692253112793
7210	orientation_diff	188.6862335205078	646.1216068267822
7211	orientation_diff	190.92980575561523	645.8797721862793
7212	orientation_diff	192.5660514831543	641.9317302703857
7213	orientation_diff	195.89389038085938	642.3087120056152
7214	orientation_diff	196.20589447021484	636.6048736572266
7281	orientation_diff	193.38881301879883	699.9969215393066
7282	orientation_diff	194.76143646240234	701.0340461730957
7283	orientation_diff	200.13293838500977	696.5851173400879
7284	orientation_diff	208.02583694458008	695.5723114013672
7285	orientation_diff	205.5667266845703	698.2379207611084
7286	orientation_diff	206.69482803344727	695.5780248641968
7287	orientation_diff	207.82292938232422	692.9181289672852
7288	orientation_diff	210.76166534423828	696.6816101074219
7289	orientation_diff	211.15537643432617	691.8817691802979
7290	orientation_diff	210.2480926513672	693.6764545440674
7291	orientation_diff	209.34061431884766	693.7458057403564
7292	orientation_diff	492.7636260986328	793.5372314453125
7293	orientation_diff	493.4176025390625	795.1229476928711
7294	orientation_diff	492.1020812988281	794.3387451171875
7295	orientation_diff	490.7363929748535	792.5453224182129
7296	orientation_diff	492.1514415740967	792.1037635803223
7297	orientation_diff	490.8998165130615	791.4715995788574
7298	orientation_diff	491.3585968017578	793.583812713623
7299	orientation_diff	490.801607131958	794.6843719482422
7300	orientation_diff	491.0473213195801	794.729606628418
7301	position_diff	221.3043077175434	657.4348688492408
7302	orientation_diff	493.81371688842773	793.9004402160645
7303	orientation_diff	492.41619873046875	792.6616668701172
7304	orientation_diff	494.12158966064453	790.6835441589355
7306	orientation_diff	492.4183712005615	785.3826484680176
7307	position_diff	216.0433931350708	658.212543964386
7308	orientation_diff	493.1458206176758	788.3548583984375
7309	orientation_diff	496.2477035522461	783.1023368835449
7310	orientation_diff	495.37281227111816	783.4958763122559
7311	orientation_diff	492.48897409439087	783.7088794708252
7312	orientation_diff	493.4502534866333	783.6378784179688
7313	orientation_diff	494.41153287887573	783.5668773651123
7314	orientation_diff	491.52769470214844	783.7798805236816
7315	orientation_diff	490.13779067993164	786.6469192504883
7316	orientation_diff	491.7302360534668	784.1285018920898
7317	orientation_diff	489.8310317993164	788.3248481750488
7318	orientation_diff	489.6160469055176	786.1807746887207
7319	orientation_diff	488.5281524658203	785.4722023010254
7320	orientation_diff	487.6521759033203	783.3024749755859
7321	orientation_diff	486.01190185546875	784.7828941345215
7323	orientation_diff	482.5978012084961	790.1065673828125
7326	orientation_diff	153.3540916442871	612.9564323425293
7327	orientation_diff	156.59127044677734	611.6869812011719
7329	orientation_diff	158.26914596557617	606.9812698364258
7330	orientation_diff	161.0284080505371	612.6068916320801
7331	orientation_diff	157.5086441040039	612.7888641357422
7332	orientation_diff	156.36460876464844	605.3563041687012
7333	orientation_diff	158.83819961547852	599.2639503479004
7341	orientation_diff	510.39512634277344	118.85751342773438
7342	orientation_diff	512.6302108764648	119.91094207763672
7343	orientation_diff	508.0353317260742	121.22578430175781
7346	orientation_diff	513.1598434448242	122.44794082641602
7347	orientation_diff	512.9468841552734	119.91953659057617
7348	orientation_diff	514.2740707397461	120.42597198486328
7349	orientation_diff	512.9174194335938	126.26990127563477
7350	orientation_diff	512.6560211181641	128.59144592285156
7352	orientation_diff	507.9398078918457	120.43183898925781
7356	orientation_diff	510.27123260498047	128.6934471130371
7373	orientation_diff	118.54993057250977	495.1326675415039
7374	orientation_diff	119.15055084228516	491.9598731994629
7376	orientation_diff	117.30991744995117	490.0931930541992
7377	orientation_diff	119.04920959472656	491.66297912597656
7385	orientation_diff	134.91736221313477	489.85897064208984
7388	orientation_diff	138.25270080566406	490.04434967041016
7389	orientation_diff	139.5675392150879	489.4943389892578
7390	orientation_diff	143.73439407348633	493.32214736938477
7391	orientation_diff	143.60282135009766	498.3771781921387
7392	orientation_diff	146.39366149902344	500.2615280151367
7393	orientation_diff	148.8391456604004	497.57605743408203
7414	orientation_diff	189.19373321533203	521.8353462219238
7444	orientation_diff	687.249210357666	918.9941825866699
7445	orientation_diff	685.9616584777832	919.0549240112305
7446	orientation_diff	686.1680641174316	918.7930107116699
7447	orientation_diff	684.2044792175293	917.9430503845215
7448	orientation_diff	685.8019371032715	918.2295570373535
7463	orientation_diff	322.1843376159668	792.9737892150879
7480	orientation_diff	326.0675239562988	784.7335777282715
7481	orientation_diff	329.80944061279297	780.3054065704346
7482	orientation_diff	322.9651985168457	774.5364646911621
7483	orientation_diff	324.9646797180176	772.7110595703125
7484	orientation_diff	325.5589065551758	773.8848457336426
7485	orientation_diff	326.4653625488281	770.3174362182617
7486	orientation_diff	323.8210144042969	767.213565826416
7487	orientation_diff	323.2440299987793	764.7320251464844
7489	orientation_diff	320.33750915527344	765.9696464538574
7501	orientation_diff	214.8820343017578	249.34925651550293
7502	orientation_diff	217.30493927001953	254.51058769226074
7503	orientation_diff	221.39800643920898	256.2762393951416
7504	orientation_diff	220.24103546142578	256.5144863128662
7505	orientation_diff	217.0084991455078	259.85010147094727
7507	orientation_diff	615.4926605224609	137.8059425354004
7508	orientation_diff	219.97905349731445	254.88458633422852
7511	orientation_diff	617.4650077819824	138.9125862121582
7518	orientation_diff	810.6591339111328	257.69898986816406
7519	orientation_diff	811.2982330322266	256.49652099609375
7520	orientation_diff	117.50104522705078	584.9767150878906
7521	orientation_diff	119.01314544677734	582.8291091918945
7522	orientation_diff	119.08246231079102	586.2699317932129
7523	orientation_diff	118.41678237915039	585.2894706726074
7524	orientation_diff	119.35565185546875	585.0274620056152
7525	orientation_diff	119.27762222290039	584.8854141235352
7526	orientation_diff	806.9479827880859	255.54431533813477
7527	orientation_diff	117.79233932495117	586.3160820007324
7528	orientation_diff	808.6704845428467	255.02800369262695
7529	orientation_diff	609.100284576416	141.5852928161621
7530	orientation_diff	604.8940143585205	147.3348731994629
7531	orientation_diff	122.60637664794922	588.7512626647949
7532	orientation_diff	607.6981945037842	143.5018196105957
7533	orientation_diff	123.88787460327148	584.4292144775391
7534	orientation_diff	123.94958114624023	584.1353626251221
7535	orientation_diff	124.22886657714844	583.6378974914551
7536	orientation_diff	125.06962585449219	584.3319244384766
7537	orientation_diff	123.77374649047852	589.2948989868164
7538	orientation_diff	123.31764221191406	586.9169082641602
7539	orientation_diff	123.491574605306	583.4409688313802
7540	orientation_diff	123.40460840861003	585.1789385477701
7541	orientation_diff	123.57854080200195	581.7029991149902
7542	orientation_diff	122.71573638916016	584.129222869873
7543	orientation_diff	124.66065979003906	583.5533599853516
7544	orientation_diff	123.7729606628418	581.4862480163574
7545	orientation_diff	122.16498565673828	582.683521270752
7546	orientation_diff	122.19174575805664	579.8253860473633
7547	orientation_diff	122.72626495361328	578.853084564209
7548	orientation_diff	123.26078414916992	577.8807830810547
7549	orientation_diff	121.85541534423828	576.1584281921387
7550	orientation_diff	155.4668426513672	619.3665084838867
7551	orientation_diff	157.80354690551758	630.65576171875
7552	orientation_diff	157.36230087280273	629.3909683227539
7555	orientation_diff	129.76608276367188	576.0871315002441
7558	orientation_diff	161.44482421875	621.4213066101074
7560	orientation_diff	164.14955139160156	613.7870578765869
7561	orientation_diff	170.09272003173828	609.8099098205566
7562	orientation_diff	175.08213424682617	604.5712509155273
7563	orientation_diff	176.50844955444336	600.4621963500977
7564	orientation_diff	124.73580932617188	578.7085456848145
7575	orientation_diff	121.46946334838867	586.0811462402344
7576	orientation_diff	121.19256973266602	587.41796875
7577	orientation_diff	122.79857635498047	588.6661376953125
7579	orientation_diff	123.6989974975586	590.3229446411133
7582	orientation_diff	121.27375793457031	591.6078186035156
7583	orientation_diff	120.85153579711914	595.4827461242676
7684	position_diff	208.10699462890625	526.9802322387695
7686	orientation_diff	230.37642669677734	491.2189064025879
7712	orientation_diff	557.156421661377	310.1115036010742
7713	orientation_diff	554.1180877685547	345.83802795410156
7810	orientation_diff	127.57300186157227	455.9821128845215
7811	orientation_diff	127.52620315551758	457.03620529174805
7812	orientation_diff	127.78255081176758	457.1697425842285
7813	orientation_diff	127.49311065673828	456.9763641357422
7814	orientation_diff	127.59137344360352	454.8830146789551
7815	orientation_diff	127.97394561767578	457.5407428741455
7816	orientation_diff	127.20730209350586	460.0868377685547
7817	orientation_diff	128.75758743286133	461.7311248779297
7818	orientation_diff	128.9798240661621	462.8396415710449
7819	orientation_diff	129.28065872192383	464.9058609008789
7820	orientation_diff	130.8114356994629	467.15626525878906
7821	orientation_diff	132.64278411865234	467.6487922668457
7822	orientation_diff	133.3051872253418	468.95703125
7823	orientation_diff	135.31593704223633	469.48838996887207
7824	orientation_diff	135.9204330444336	470.9587707519531
7825	orientation_diff	136.28668594360352	469.0001907348633
7826	orientation_diff	136.53821182250977	467.0814552307129
7827	orientation_diff	141.65390396118164	465.687801361084
7828	orientation_diff	143.3764877319336	470.5945587158203
7829	orientation_diff	143.72616958618164	472.9724998474121
7830	orientation_diff	144.09152221679688	472.9282569885254
7831	orientation_diff	150.14984512329102	475.241455078125
7834	orientation_diff	162.97345733642578	482.6518898010254
7862	orientation_diff	221.1551399230957	581.024299621582
7886	orientation_diff	902.187816619873	554.2037048339844
7887	orientation_diff	903.9235782623291	556.1385116577148
7888	orientation_diff	903.4145851135254	557.5897674560547
7889	orientation_diff	900.4142532348633	556.177173614502
7890	orientation_diff	900.1482086181641	556.6976928710938
7891	orientation_diff	897.325963973999	552.2198219299316
7892	orientation_diff	895.4053249359131	551.9714279174805
7895	orientation_diff	894.3133354187012	558.4434585571289
7896	orientation_diff	890.3814334869385	557.6614990234375
8016	orientation_diff	145.80056762695312	369.8987274169922
8017	orientation_diff	147.3577423095703	368.91571044921875
8018	orientation_diff	149.5681381225586	372.19812774658203
8019	orientation_diff	155.2327423095703	375.0956382751465
8020	orientation_diff	160.08970642089844	381.35901260375977
8024	orientation_diff	921.6860046386719	461.14372634887695
8033	orientation_diff	153.18012619018555	402.08714294433594
8035	orientation_diff	915.7519359588623	462.94593811035156
8036	orientation_diff	914.8270072937012	463.77634048461914
8214	position_diff	742.2142295837402	824.9153518676758
8215	orientation_diff	732.2782821655273	832.3174571990967
8216	orientation_diff	732.9982643127441	831.5227603912354
8217	orientation_diff	731.8431282043457	831.2707214355469
8218	orientation_diff	732.375545501709	830.8032207489014
8219	orientation_diff	734.2133102416992	830.4187488555908
8220	orientation_diff	732.299934387207	829.4091529846191
8221	orientation_diff	732.9477043151855	829.3408470153809
8222	orientation_diff	729.6013526916504	830.8126792907715
8223	orientation_diff	729.0083503723145	831.0194396972656
8224	orientation_diff	725.9911155700684	828.5382690429688
8225	orientation_diff	727.7989044189453	824.3422260284424
8226	orientation_diff	729.2919082641602	826.4494724273682
8227	orientation_diff	728.2783679962158	825.7424011230469
8228	orientation_diff	729.0991630554199	825.5078678131104
8229	orientation_diff	726.9939880371094	825.3554840087891
8230	orientation_diff	725.9055519104004	825.8921794891357
8231	orientation_diff	728.9722480773926	823.5764598846436
8232	position_diff	730.8730964660645	817.5072231292725
8233	position_diff	729.9854068756104	816.6409969329834
8234	position_diff	730.0157890319824	816.9517498016357
8235	orientation_diff	724.9815349578857	817.6880760192871
8236	orientation_diff	722.7947978973389	817.3249702453613
8237	orientation_diff	723.7259387969971	818.6258659362793
8238	orientation_diff	722.6290397644043	815.6179866790771
8239	orientation_diff	720.976095199585	817.2989807128906
8240	orientation_diff	720.4388446807861	815.169017791748
8241	orientation_diff	718.0583305358887	815.87744140625
8242	orientation_diff	718.0498638153076	816.5425071716309
8243	orientation_diff	712.7708206176758	820.1355590820312
8244	orientation_diff	713.6851043701172	819.0459251403809
8245	orientation_diff	711.7205924987793	820.3248023986816
8246	orientation_diff	711.0225372314453	819.0236167907715
8285	orientation_diff	681.5814437866211	805.9153442382812
8290	orientation_diff	181.74005126953125	712.10107421875
8291	orientation_diff	180.04283142089844	715.0024108886719
8294	orientation_diff	185.99964141845703	705.3375988006592
8325	orientation_diff	327.2567329406738	840.0480499267578
8326	orientation_diff	323.9812698364258	838.9134178161621
8328	orientation_diff	327.1049270629883	842.5854988098145
8329	orientation_diff	328.5135917663574	842.2878036499023
8330	orientation_diff	331.21557235717773	838.4955425262451
8331	orientation_diff	335.4063777923584	839.2770471572876
8332	orientation_diff	339.59718322753906	840.0585517883301
8333	orientation_diff	335.7672004699707	836.4473400115967
8334	orientation_diff	335.5620460510254	836.0635147094727
8335	orientation_diff	336.8395309448242	833.7146415710449
8336	orientation_diff	336.7280616760254	832.1481075286865
8337	orientation_diff	340.0939598083496	834.8586311340332
8338	orientation_diff	341.2002601623535	833.4955863952637
8339	orientation_diff	344.75418281555176	831.392819404602
8340	orientation_diff	348.30810546875	829.2900524139404
8341	orientation_diff	349.7236557006836	821.8081665039062
8342	orientation_diff	351.75344467163086	820.5387153625488
8343	orientation_diff	356.5240478515625	823.1585121154785
8347	orientation_diff	536.613037109375	109.28601455688477
8348	orientation_diff	534.0006561279297	108.98049926757812
8349	orientation_diff	538.5540809631348	107.63811111450195
8350	orientation_diff	535.6597518920898	108.06912231445312
8351	orientation_diff	535.7613182067871	109.4482192993164
8352	orientation_diff	531.1097564697266	111.76703643798828
8353	orientation_diff	531.484733581543	109.6180648803711
8354	orientation_diff	529.0357780456543	114.22757720947266
8355	orientation_diff	529.9885482788086	119.66850280761719
8356	orientation_diff	532.4284973144531	120.27374649047852
8357	orientation_diff	532.1465110778809	121.65843200683594
8358	orientation_diff	537.0920600891113	131.23378372192383
8361	orientation_diff	165.11394119262695	675.0213737487793
8362	orientation_diff	165.1916618347168	672.1655235290527
8366	orientation_diff	168.02212524414062	671.0317611694336
8367	orientation_diff	168.01562118530273	671.0775604248047
8368	orientation_diff	169.0955467224121	671.2730197906494
8369	orientation_diff	168.68618774414062	673.5375156402588
8370	orientation_diff	167.703369140625	670.5847187042236
8371	orientation_diff	168.5937385559082	670.1125335693359
8372	orientation_diff	169.77288818359375	673.073450088501
8373	orientation_diff	171.30160522460938	669.5878022511799
8374	orientation_diff	170.53724670410156	671.3306261698406
8375	orientation_diff	172.0659637451172	667.8449783325195
8376	orientation_diff	173.00689697265625	668.7452735900879
8377	orientation_diff	173.91703033447266	667.4903831481934
8378	orientation_diff	174.95715713500977	666.0748481750488
8379	orientation_diff	173.90155029296875	665.5730628967285
8380	orientation_diff	175.34664154052734	664.3210639953613
8381	orientation_diff	174.6414451599121	662.223201751709
8382	orientation_diff	175.43330764770508	658.927116394043
8383	orientation_diff	177.55288696289062	657.9925155639648
8397	orientation_diff	142.51287460327148	415.3881721496582
8398	orientation_diff	141.70751571655273	415.80043029785156
8399	orientation_diff	140.71653366088867	416.5199508666992
8400	orientation_diff	141.43482971191406	417.0603218078613
8401	orientation_diff	142.4913101196289	417.2294006347656
8402	orientation_diff	142.0151252746582	417.8720245361328
8413	orientation_diff	148.68970108032227	424.30477142333984
8420	orientation_diff	625.8638801574707	358.7290802001953
8421	orientation_diff	655.4498825073242	363.1921272277832
8575	orientation_diff	156.70069122314453	571.585750579834
8576	orientation_diff	157.0638313293457	569.6920394897461
8577	orientation_diff	157.08055114746094	569.0750389099121
8578	orientation_diff	159.23803329467773	568.8624801635742
8579	orientation_diff	159.79419708251953	570.7734527587891
8580	orientation_diff	160.70029067993164	569.6198959350586
8581	orientation_diff	160.7315788269043	570.9979648590088
8582	orientation_diff	160.64702987670898	571.6663970947266
8583	orientation_diff	161.46491241455078	572.2334289550781
8584	orientation_diff	167.03241729736328	569.4828624725342
8585	orientation_diff	168.3599739074707	570.6604137420654
8586	orientation_diff	170.81185913085938	568.6463203430176
8587	orientation_diff	168.97246170043945	571.5843887329102
8588	orientation_diff	173.75959396362305	565.5225486755371
8589	orientation_diff	584.7318496704102	161.78855514526367
8590	orientation_diff	582.6289710998535	162.75596237182617
8591	orientation_diff	582.7641296386719	163.95745468139648
8592	orientation_diff	125.92780303955078	462.0406608581543
8593	orientation_diff	125.14530563354492	462.8802604675293
8596	orientation_diff	576.2830352783203	165.87625122070312
8597	orientation_diff	129.35004043579102	454.5588722229004
8598	orientation_diff	133.85033798217773	463.08293533325195
8599	orientation_diff	134.89149856567383	463.44886016845703
8600	orientation_diff	134.38164520263672	465.26256370544434
8601	orientation_diff	134.96608352661133	460.87581634521484
8602	orientation_diff	574.7391586303711	167.77664184570312
8603	orientation_diff	574.5378761291504	168.12700653076172
8604	orientation_diff	569.6521873474121	169.65911102294922
8605	orientation_diff	571.2066650390625	171.32750701904297
8606	orientation_diff	575.1369895935059	169.44853973388672
8607	orientation_diff	574.0720062255859	170.96138763427734
8608	orientation_diff	573.5502395629883	170.12147903442383
8609	orientation_diff	567.9212760925293	176.6375846862793
8610	orientation_diff	150.3863410949707	465.28395080566406
8611	orientation_diff	154.19160079956055	469.5149116516113
8612	orientation_diff	153.24933624267578	470.01483154296875
8613	orientation_diff	154.04129791259766	471.64192962646484
8614	orientation_diff	154.99511337280273	472.9923839569092
8615	orientation_diff	160.2917709350586	472.30085372924805
8616	orientation_diff	165.21291732788086	472.9040832519531
8617	orientation_diff	570.9642562866211	176.38207626342773
8618	orientation_diff	567.929271697998	176.93971633911133
8619	orientation_diff	561.8883857727051	180.58028411865234
8672	orientation_diff	251.3508758544922	190.51998901367188
8673	orientation_diff	250.72371292114258	194.50974655151367
8674	orientation_diff	254.05264282226562	190.89633178710938
8675	orientation_diff	253.82767868041992	190.9588565826416
8676	orientation_diff	253.19567489624023	193.22559356689453
8740	orientation_diff	267.06535720825195	164.83248138427734
8798	orientation_diff	624.3350563049316	128.47254943847656
8799	orientation_diff	623.6848449707031	128.62511825561523
8800	orientation_diff	621.2040252685547	129.07661819458008
8801	orientation_diff	623.0587348937988	131.04498291015625
8802	orientation_diff	620.1271057128906	133.6664581298828
8803	orientation_diff	617.9578399658203	136.8895378112793
8804	orientation_diff	622.1905746459961	134.95187759399414
8805	orientation_diff	617.2853946685791	133.15398788452148
8806	orientation_diff	618.4251327514648	134.84717559814453
8807	orientation_diff	621.3845520019531	133.9698371887207
8808	orientation_diff	617.1340217590332	132.0724868774414
8809	orientation_diff	620.461841583252	135.98516082763672
8813	orientation_diff	621.715690612793	136.712890625
8814	orientation_diff	617.275598526001	138.94883728027344
8834	orientation_diff	124.12045288085938	544.6048545837402
8835	orientation_diff	125.67082214355469	546.5736808776855
8843	orientation_diff	132.7679672241211	553.5105934143066
8844	orientation_diff	132.1779022216797	549.8781051635742
8845	orientation_diff	133.21442413330078	550.0335235595703
8846	orientation_diff	134.9942512512207	544.2278823852539
8847	orientation_diff	137.50283813476562	549.0221672058105
8848	orientation_diff	139.27903366088867	547.0818519592285
8849	orientation_diff	142.0275421142578	549.0092582702637
8850	orientation_diff	142.20964431762695	546.5418586730957
8851	orientation_diff	143.25231552124023	544.0790634155273
8852	orientation_diff	141.96463775634766	544.4336242675781
8853	orientation_diff	143.92029190063477	543.359468460083
8854	orientation_diff	148.02315139770508	543.8145065307617
8855	orientation_diff	150.62835311889648	541.6347885131836
8856	orientation_diff	152.4953269958496	541.8075675964355
8857	orientation_diff	153.93070602416992	542.3386306762695
8858	orientation_diff	159.2819061279297	539.2557106018066
8859	orientation_diff	161.7284927368164	534.6914596557617
8871	orientation_diff	890.1435317993164	489.59432220458984
8872	orientation_diff	888.4369735717773	487.94317626953125
8874	orientation_diff	886.9991836547852	491.57745361328125
8875	orientation_diff	881.6282024383545	494.9083003997803
8876	orientation_diff	874.8722343444824	493.82995223999023
8877	orientation_diff	871.9629974365234	489.51468658447266
8878	orientation_diff	875.1590709686279	490.6676254272461
8879	orientation_diff	874.1386260986328	485.7405891418457
8880	orientation_diff	878.2270736694336	489.505428314209
8881	orientation_diff	876.2845916748047	484.46155548095703
8882	orientation_diff	876.4118766784668	486.6485137939453
8883	orientation_diff	875.627986907959	485.3099250793457
8885	orientation_diff	473.91870498657227	121.83383178710938
8886	orientation_diff	478.0715980529785	123.477783203125
8887	orientation_diff	477.40212059020996	123.03317260742188
8888	orientation_diff	478.90682220458984	122.82792282104492
8889	orientation_diff	476.7675132751465	124.61012268066406
8890	orientation_diff	476.2709770202637	125.29911422729492
8891	orientation_diff	475.5528678894043	125.43871688842773
8892	orientation_diff	474.2198944091797	126.1489028930664
8893	orientation_diff	471.17394638061523	127.45356750488281
8894	orientation_diff	469.27717781066895	130.86775970458984
8895	orientation_diff	468.23652267456055	132.9276580810547
8896	orientation_diff	466.97803497314453	131.507568359375
8897	orientation_diff	470.3219680786133	130.21210479736328
8898	orientation_diff	472.9728813171387	132.36029434204102
8899	orientation_diff	471.4656677246094	135.4684600830078
8900	orientation_diff	475.89737701416016	135.26032638549805
8904	orientation_diff	140.14281845092773	389.810977935791
8909	orientation_diff	146.82433700561523	383.33948135375977
8913	orientation_diff	154.90376663208008	383.5985641479492
8915	orientation_diff	166.7216911315918	391.1253890991211
8916	orientation_diff	170.0013313293457	398.0840759277344
9020	orientation_diff	897.7627754211426	470.38177490234375
9029	orientation_diff	890.068510055542	474.21406173706055
9031	orientation_diff	884.8794479370117	483.42803478240967
9034	orientation_diff	884.1239986419678	484.2466850280762
9036	orientation_diff	883.5630779266357	486.7047805786133
9039	orientation_diff	884.3002700805664	482.68708419799805
9040	orientation_diff	883.6598014831543	484.8697204589844
9041	orientation_diff	881.2957515716553	484.21497344970703
9152	position_diff	132.5765495300293	390.17753982543945
9153	orientation_diff	134.0757942199707	389.299560546875
9196	orientation_diff	153.86068216959634	358.96642239888513
9198	orientation_diff	154.52227401733398	357.8599166870117
9199	orientation_diff	154.1227912902832	358.5641803741455
9200	orientation_diff	154.08389282226562	361.2498893737793
9201	orientation_diff	155.0461483001709	358.0007839202881
9202	orientation_diff	156.00840377807617	354.7516784667969
9211	orientation_diff	628.1458358764648	110.15877151489258
9212	orientation_diff	630.1466674804688	110.1850471496582
9213	orientation_diff	630.5115509033203	112.75432586669922
9214	orientation_diff	631.7823333740234	109.58561325073242
9215	orientation_diff	630.8895683288574	109.49283218383789
9216	orientation_diff	631.1049041748047	108.12989044189453
9217	orientation_diff	630.8476638793945	110.17110061645508
9218	orientation_diff	630.9071311950684	109.55767059326172
9219	orientation_diff	631.8307189941406	109.84678268432617
9220	orientation_diff	632.8008995056152	111.07211685180664
9221	orientation_diff	635.2711524963379	109.00396728515625
9222	orientation_diff	635.0613136291504	108.9605484008789
9246	orientation_diff	638.6904945373535	109.2916030883789
9247	orientation_diff	638.3896236419678	112.17341995239258
9248	orientation_diff	636.9666481018066	111.74151229858398
9253	orientation_diff	638.1421909332275	111.99116897583008
9254	orientation_diff	639.5328884124756	112.74616241455078
9255	orientation_diff	639.8444671630859	115.34188079833984
9256	orientation_diff	639.7532653808594	114.31191635131836
9257	orientation_diff	638.8149108886719	114.8294448852539
9260	orientation_diff	638.4325103759766	115.36870574951172
9524	orientation_diff	392.9757537841797	174.25725555419922
9525	orientation_diff	391.60032653808594	173.2724151611328
9526	orientation_diff	385.5166206359863	177.2102813720703
9528	orientation_diff	387.7310104370117	180.84926986694336
9529	orientation_diff	384.7739601135254	184.7895622253418
9530	orientation_diff	389.62138748168945	185.72661590576172
9531	orientation_diff	386.2158203125	187.53562927246094
9532	orientation_diff	388.14832305908203	189.3172378540039
9533	orientation_diff	384.0035171508789	189.17877960205078
9534	orientation_diff	381.022253036499	194.71768951416016
9535	orientation_diff	379.03951263427734	192.78598022460938
9536	orientation_diff	383.3744201660156	189.0949363708496
9537	orientation_diff	379.60708236694336	185.98712158203125
9538	orientation_diff	381.59996795654297	182.06801986694336
9539	orientation_diff	385.99216079711914	180.66513442993164
9540	orientation_diff	387.25804901123047	182.04051971435547
9541	orientation_diff	382.0740165710449	183.10656356811523
9542	orientation_diff	383.6084403991699	185.16082191467285
9543	orientation_diff	385.1428642272949	187.21508026123047
9545	orientation_diff	379.4859199523926	189.3720932006836
9547	orientation_diff	376.23918533325195	191.5754737854004
9550	orientation_diff	372.9386177062988	192.57941818237305
9551	orientation_diff	371.4581108093262	193.15273094177246
9638	orientation_diff	533.5459823608398	103.97895431518555
9639	orientation_diff	532.1975708007812	105.20755386352539
9640	orientation_diff	534.1407470703125	105.03215026855469
9641	orientation_diff	533.9564456939697	106.33843231201172
9642	orientation_diff	538.6473541259766	101.60981750488281
9645	orientation_diff	533.7591285705566	107.72924041748047
9652	orientation_diff	538.2685890197754	116.71414947509766
9653	orientation_diff	538.9816284179688	117.36381149291992
9654	orientation_diff	538.1427459716797	118.0230484008789
9655	orientation_diff	537.8076133728027	116.69292831420898
9656	orientation_diff	535.6833648681641	118.55833053588867
9657	orientation_diff	535.3245162963867	121.46954345703125
9658	orientation_diff	535.4103088378906	123.88287734985352
9659	orientation_diff	535.5915908813477	124.51479911804199
9660	orientation_diff	535.7728729248047	125.14672088623047
9661	orientation_diff	536.8690223693848	126.47998809814453
9662	orientation_diff	537.3606185913086	128.23062896728516
9663	orientation_diff	535.1551704406738	134.98809623718262
9664	orientation_diff	535.4858016967773	132.43669891357422
9665	orientation_diff	535.6652069091797	126.90927124023438
9666	orientation_diff	534.2529411315918	128.78470611572266
9667	orientation_diff	534.1046180725098	135.49884414672852
9668	orientation_diff	535.1810264587402	131.82667922973633
9669	orientation_diff	536.3602867126465	130.65774536132812
9671	position_diff	532.8984985351562	128.79409790039062
9672	orientation_diff	528.2062740325928	138.4273796081543
9734	orientation_diff	296.7134017944336	197.64358520507812
9766	orientation_diff	295.97021865844727	184.8435935974121
9768	orientation_diff	293.6298739115397	187.33994801839194
9769	position_diff	599.051456451416	128.80342483520508
9770	orientation_diff	293.7068099975586	186.7279510498047
9779	orientation_diff	593.6484489440918	139.8585662841797
9783	position_diff	593.4092788696289	134.25994873046875
9785	position_diff	594.9641151428223	137.43669891357422
9786	orientation_diff	590.6796035766602	140.80256271362305
9789	position_diff	588.0580062866211	139.47956085205078
9793	orientation_diff	568.0684928894043	145.49279403686523
9794	orientation_diff	567.9586715698242	147.40688705444336
9795	orientation_diff	565.2358589172363	147.6981315612793
9796	orientation_diff	559.7509765625	151.04971313476562
9797	orientation_diff	557.2331352233887	157.70127487182617
9848	orientation_diff	488.4722099304199	123.42087936401367
9849	orientation_diff	488.30985832214355	125.57587242126465
9850	orientation_diff	488.1475067138672	127.73086547851562
9851	orientation_diff	487.7242202758789	130.5817108154297
9852	orientation_diff	491.9151916503906	130.53616333007812
9853	orientation_diff	493.96239471435547	130.61934280395508
10031	orientation_diff	421.72267150878906	251.35674667358398
10032	orientation_diff	445.6789436340332	268.8367691040039
10033	orientation_diff	464.88057454427087	272.33596293131507
10034	position_diff	455.279759089152	270.58636601765954
10077	orientation_diff	579.3167190551758	131.1006736755371
10078	orientation_diff	579.0995025634766	129.51060485839844
10079	orientation_diff	581.5645980834961	129.56127548217773
10080	orientation_diff	579.485424041748	130.99327850341797
10083	orientation_diff	582.1913299560547	130.84559631347656
10085	orientation_diff	778.8666553497314	771.2017478942871
10086	orientation_diff	774.357027053833	775.6853408813477
10087	orientation_diff	578.9513854980469	133.97035598754883
10088	orientation_diff	581.8546328544617	138.20703315734863
10089	orientation_diff	580.8868837356567	136.79480743408203
10090	orientation_diff	579.9191346168518	135.38258171081543
10091	orientation_diff	582.8223819732666	139.61925888061523
10092	orientation_diff	583.4403476715088	140.63309478759766
10093	orientation_diff	583.6197452545166	140.37014770507812
10094	orientation_diff	584.0153560638428	141.28416442871094
10095	orientation_diff	581.0813674926758	141.84800720214844
10096	orientation_diff	582.2044067382812	141.2284812927246
10097	orientation_diff	584.0629653930664	141.07415771484375
10098	orientation_diff	584.3613586425781	140.8078956604004
10099	orientation_diff	758.6821670532227	777.7285346984863
10100	orientation_diff	754.3253326416016	781.2552909851074
10101	orientation_diff	753.0640754699707	781.5198707580566
10102	orientation_diff	754.8886756896973	778.5029678344727
10103	orientation_diff	587.4750862121582	131.71413803100586
10105	orientation_diff	299.57927322387695	807.3493232727051
10107	orientation_diff	298.59712982177734	803.7888679504395
10108	orientation_diff	301.1967353820801	801.036003112793
10109	orientation_diff	304.00412368774414	799.5443153381348
10110	orientation_diff	306.1956901550293	803.4949951171875
10111	orientation_diff	308.20422744750977	801.1460952758789
10112	orientation_diff	307.19995880126953	802.3205451965332
10113	orientation_diff	309.20849609375	799.9716453552246
10114	orientation_diff	308.07561111450195	800.060733795166
10115	orientation_diff	308.28300857543945	800.9222793579102
10116	orientation_diff	313.659610748291	806.3799819946289
10117	orientation_diff	310.79928970336914	800.6141910552979
10118	orientation_diff	311.21367263793945	799.6024360656738
10119	orientation_diff	312.1787338256836	797.8510131835938
10120	orientation_diff	314.9320602416992	798.6673393249512
10121	orientation_diff	318.0114631652832	800.6775970458984
10122	orientation_diff	316.7506446838379	799.8751258850098
10123	orientation_diff	319.2948303222656	798.5731658935547
10124	orientation_diff	316.4088325500488	800.2043685913086
10125	orientation_diff	317.90117263793945	798.1500282287598
10126	orientation_diff	321.11945724487305	798.2706642150879
10175	orientation_diff	157.25003051757812	486.54519271850586
10176	orientation_diff	156.15300750732422	488.3778953552246
10177	orientation_diff	159.5601348876953	492.4281120300293
10178	orientation_diff	160.5502052307129	492.86481857299805
10179	orientation_diff	160.88625717163086	492.4871597290039
10180	orientation_diff	161.6018829345703	492.8365783691406
10181	orientation_diff	163.01931381225586	493.08934020996094
10182	orientation_diff	164.12099838256836	491.95836639404297
10183	orientation_diff	165.25593185424805	493.88464736938477
10184	orientation_diff	165.02072525024414	494.30403900146484
10185	orientation_diff	167.4749755859375	493.6069679260254
10186	orientation_diff	168.28121948242188	494.39870262145996
10187	orientation_diff	169.10103607177734	494.37242126464844
10210	orientation_diff	290.3175163269043	199.87116622924805
10211	orientation_diff	290.4987449645996	200.21181106567383
10215	orientation_diff	292.7549705505371	201.67349243164062
10216	orientation_diff	291.0763359069824	204.49567031860352
10217	orientation_diff	292.745418548584	197.49060821533203
10218	orientation_diff	289.3317108154297	201.49500274658203
10219	orientation_diff	294.1122055053711	199.19182586669922
10220	orientation_diff	293.29906845092773	199.92694091796875
10222	orientation_diff	850.129150390625	695.0627403259277
10223	position_diff	369.71477127075195	402.33927726745605
10224	position_diff	351.89884185791016	395.29405212402344
10225	orientation_diff	849.1272506713867	695.2214031219482
10226	orientation_diff	846.1323547363281	700.3314437866211
10227	orientation_diff	845.5064010620117	701.388988494873
10228	orientation_diff	845.2793846130371	701.6565475463867
10229	orientation_diff	845.1028175354004	700.5329685211182
10230	orientation_diff	842.8020973205566	701.1353492736816
10231	orientation_diff	841.9276885986328	701.4287281036377
10232	orientation_diff	839.3446521759033	704.583065032959
10233	orientation_diff	840.8572540283203	706.7587299346924
10234	orientation_diff	839.6925468444824	705.5707702636719
10235	orientation_diff	841.3227787017822	703.6062774658203
10236	orientation_diff	152.517183303833	532.9580726623535
10237	orientation_diff	157.1258773803711	531.5589027404785
10238	orientation_diff	163.13556098937988	531.1744842529297
10239	orientation_diff	167.12107276916504	530.2006378173828
10240	orientation_diff	167.49134826660156	531.0127029418945
10241	orientation_diff	167.45258903503418	531.5427856445312
10242	orientation_diff	167.75255393981934	532.1284446716309
10243	orientation_diff	168.78833770751953	532.1777954101562
10244	orientation_diff	169.85222244262695	532.3353157043457
10245	orientation_diff	170.39001083374023	532.3724212646484
10246	orientation_diff	170.79547500610352	532.4394130706787
10247	orientation_diff	171.1448097229004	532.9185638427734
10248	orientation_diff	171.4892578125	533.2953186035156
10249	orientation_diff	171.59439849853516	533.6186828613281
10250	orientation_diff	171.5920009613037	533.8287887573242
10251	orientation_diff	171.45287132263184	533.9036865234375
10252	orientation_diff	171.39201736450195	534.1435279846191
10253	orientation_diff	171.17498397827148	533.9849281311035
10254	orientation_diff	171.19164276123047	534.1273002624512
10255	orientation_diff	171.17708206176758	534.2681579589844
10256	orientation_diff	171.00945663452148	534.1507034301758
10257	orientation_diff	170.87923622131348	534.2048110961914
10258	orientation_diff	170.83062362670898	534.2121276855469
10259	orientation_diff	170.92486190795898	534.4975204467773
10260	orientation_diff	170.76567840576172	534.3729133605957
10261	orientation_diff	170.7473487854004	534.3515434265137
10262	orientation_diff	170.70354080200195	534.4319305419922
10263	orientation_diff	170.7546730041504	534.5625190734863
10264	orientation_diff	170.73213577270508	534.2713851928711
10265	orientation_diff	170.85313034057617	534.6380310058594
10266	orientation_diff	170.6501693725586	534.4985885620117
10267	orientation_diff	170.82236862182617	534.5777244567871
10268	orientation_diff	170.83931350708008	534.5879211425781
10269	orientation_diff	170.68839263916016	534.5477447509766
10270	orientation_diff	170.8558006286621	534.5447883605957
10271	orientation_diff	170.78110122680664	534.486686706543
10272	orientation_diff	170.72002029418945	534.5287666320801
10273	orientation_diff	170.7049789428711	534.517162322998
10274	orientation_diff	170.68787384033203	534.4418563842773
10275	orientation_diff	170.7896385192871	534.7961845397949
10276	orientation_diff	170.57278060913086	534.4833297729492
10277	orientation_diff	170.60886764526367	534.4329795837402
10278	orientation_diff	170.76751708984375	534.6279640197754
10279	orientation_diff	170.7385025024414	534.5755157470703
10280	orientation_diff	170.69220352172852	534.5257186889648
10281	orientation_diff	170.69883346557617	534.610424041748
10282	orientation_diff	170.78578186035156	534.5650901794434
10283	orientation_diff	170.8064422607422	534.7420692443848
10284	orientation_diff	170.6856346130371	534.6365051269531
10285	orientation_diff	170.68747329711914	534.6013069152832
10286	orientation_diff	170.64764785766602	534.6249809265137
10287	orientation_diff	170.75053787231445	534.5206680297852
10288	orientation_diff	170.6657600402832	534.6869964599609
10289	orientation_diff	170.64176177978516	534.6435966491699
10290	orientation_diff	170.54570770263672	534.6811790466309
10291	orientation_diff	170.659912109375	534.7625350952148
10292	orientation_diff	170.55536651611328	534.6475296020508
10293	orientation_diff	170.4597053527832	534.6851005554199
10294	orientation_diff	170.56171798706055	534.6594696044922
10295	orientation_diff	170.28877639770508	534.5571365356445
10296	orientation_diff	170.46728134155273	534.5857410430908
10297	orientation_diff	170.4843635559082	534.5577068328857
10298	orientation_diff	170.45946884155273	534.5216255187988
10299	orientation_diff	170.51316833496094	534.575761795044
10300	orientation_diff	170.47296142578125	534.4625968933105
10301	orientation_diff	170.48741912841797	534.6085357666016
10302	orientation_diff	170.48355865478516	534.5371208190918
10303	orientation_diff	170.39443588256836	534.5076599121094
10304	orientation_diff	170.46089553833008	534.6278076171875
10305	orientation_diff	170.28664779663086	534.5663089752197
10306	orientation_diff	170.38324737548828	534.6969375610352
10307	orientation_diff	170.2478256225586	534.7226371765137
10308	orientation_diff	170.25810623168945	534.7871208190918
10309	orientation_diff	170.05043029785156	535.1840972900391
10310	orientation_diff	169.79091262817383	535.8115310668945
10311	orientation_diff	159.22693252563477	551.973165512085
10312	orientation_diff	157.38505935668945	575.5922584533691
10330	orientation_diff	512.6420516967773	386.71958923339844
10331	orientation_diff	520.8794746398926	382.7567329406738
10391	orientation_diff	133.2869987487793	564.9896087646484
10394	orientation_diff	140.73834228515625	563.0988159179688
10395	orientation_diff	142.37746810913086	559.4190311431885
10396	orientation_diff	142.27221298217773	559.8322277069092
10397	orientation_diff	142.70252227783203	561.5686492919922
10398	orientation_diff	146.69421768188477	562.9436550140381
10399	orientation_diff	147.33746337890625	565.005428314209
10400	orientation_diff	147.43896865844727	564.2367362976074
10401	orientation_diff	150.5247917175293	565.2829780578613
10402	orientation_diff	154.1757698059082	565.7143173217773
10403	orientation_diff	156.85609817504883	566.8407516479492
10404	orientation_diff	159.7384033203125	567.3707695007324
10428	orientation_diff	176.5894660949707	703.9495010375977
10429	orientation_diff	174.9281997680664	703.7290840148926
10430	orientation_diff	174.63521575927734	702.0250549316406
10431	orientation_diff	175.71480178833008	696.7131481170654
10432	orientation_diff	176.01460647583008	696.7252044677734
10433	orientation_diff	176.56545639038086	695.3306617736816
10434	orientation_diff	177.46367645263672	695.051383972168
10435	orientation_diff	177.42847442626953	694.8416976928711
10436	orientation_diff	177.89942169189453	694.1520462036133
10437	orientation_diff	178.39073944091797	692.9203205108643
10438	orientation_diff	179.50537872314453	691.8352146148682
10439	orientation_diff	180.2632293701172	691.9425411224365
10440	orientation_diff	181.67027282714844	690.5252361297607
10441	orientation_diff	184.07122039794922	690.8452014923096
10442	orientation_diff	185.804838180542	690.0638647079468
10443	orientation_diff	187.53845596313477	689.282527923584
10444	orientation_diff	189.7959747314453	688.9177780151367
10446	orientation_diff	196.84414672851562	683.91015625
10447	orientation_diff	200.51524353027344	683.3504295349121
10448	orientation_diff	199.47369766235352	682.2735214233398
10480	orientation_diff	196.87528228759766	302.70389556884766
10481	orientation_diff	199.75738525390625	302.3998489379883
10483	orientation_diff	200.39208984375	301.64015197753906
10484	orientation_diff	198.79208374023438	299.9859390258789
10485	orientation_diff	200.60155868530273	301.5300178527832
10486	orientation_diff	201.4764289855957	303.67589569091797
10487	orientation_diff	203.22211456298828	302.8321533203125
10488	orientation_diff	206.4635705947876	304.86652660369873
10490	orientation_diff	204.3025999069214	303.5102777481079
10491	orientation_diff	207.5440559387207	305.54465103149414
10493	orientation_diff	212.80780410766602	306.2124786376953
10495	orientation_diff	212.98504257202148	312.9160614013672
10496	orientation_diff	215.3658676147461	310.87313079833984
10497	orientation_diff	214.46221923828125	309.72604751586914
10498	orientation_diff	216.08547592163086	310.9542694091797
10499	orientation_diff	218.59384536743164	309.63890838623047
10541	orientation_diff	252.83897018432617	222.52230072021484
10542	orientation_diff	251.12575149536133	222.09978103637695
10543	orientation_diff	251.60642623901367	222.07516860961914
10544	orientation_diff	253.58904647827148	225.57588577270508
10545	orientation_diff	252.69889450073242	225.30619049072266
10546	orientation_diff	251.94887924194336	226.5499382019043
10547	orientation_diff	251.1674461364746	225.63999557495117
10548	orientation_diff	256.1517391204834	228.01386260986328
10549	orientation_diff	258.2512855529785	230.9852066040039
10550	orientation_diff	259.81236267089844	230.33513259887695
10551	orientation_diff	259.73516845703125	236.00038528442383
10553	orientation_diff	264.9876365661621	242.2402687072754
10554	orientation_diff	263.850154876709	243.06587600708008
10555	orientation_diff	263.0249214172363	245.50410079956055
10556	orientation_diff	261.30480194091797	251.94501113891602
10558	orientation_diff	259.8101348876953	257.9384346008301
10563	orientation_diff	156.58609008789062	613.8639945983887
10565	orientation_diff	157.03531646728516	614.4931659698486
10571	orientation_diff	746.7253761291504	598.6650390625
10572	orientation_diff	750.6456871032715	578.2687454223633
10575	orientation_diff	169.81074905395508	598.7964401245117
10579	orientation_diff	174.96786499023438	595.4251289367676
10604	orientation_diff	602.2885055541992	167.42464065551758
10632	orientation_diff	646.516414642334	624.4806823730469
10707	orientation_diff	857.661018371582	622.4415016174316
10708	orientation_diff	856.6775741577148	629.4810409545898
10728	orientation_diff	832.446361541748	682.5410804748535
10729	position_diff	815.8823204040527	685.2859287261963
10730	position_diff	821.4036674499512	684.370979309082
10731	position_diff	826.9250144958496	683.4560298919678
10738	orientation_diff	758.6072044372559	761.7154521942139
10739	orientation_diff	759.6241264343262	760.2540245056152
10740	position_diff	761.4910354614258	761.920316696167
10741	position_diff	761.2307586669922	762.6771221160889
10742	position_diff	760.5740547180176	762.547285079956
10743	orientation_diff	758.7289543151855	762.1008071899414
10744	position_diff	759.5521221160889	763.1919250488281
10745	position_diff	758.3413372039795	762.6228485107422
10746	orientation_diff	754.0065002441406	760.5886878967285
10747	orientation_diff	749.7857437133789	760.5875473022461
10748	orientation_diff	141.15279006958008	526.9864845275879
10749	orientation_diff	144.36573791503906	527.4990253448486
10750	orientation_diff	147.05562591552734	528.6630306243896
10751	orientation_diff	150.7847785949707	525.2759704589844
10752	orientation_diff	151.43408966064453	529.1940803527832
10753	orientation_diff	149.5888214111328	533.1244163513184
10754	orientation_diff	154.46229553222656	529.1825275421143
10755	orientation_diff	154.99552536010742	529.5129890441895
10756	orientation_diff	158.47695541381836	529.0983200073242
10757	orientation_diff	160.5776252746582	527.7949447631836
10758	orientation_diff	161.57665634155273	527.9774799346924
10759	orientation_diff	742.343147277832	757.192850112915
10760	orientation_diff	742.123592376709	755.9910011291504
10761	position_diff	744.651762008667	756.3562870025635
10762	orientation_diff	740.4267845153809	754.6085014343262
10763	orientation_diff	734.453649520874	755.2982749938965
10764	orientation_diff	733.0321051279705	754.1140505472819
10765	orientation_diff	733.7428773244221	754.7061627705892
10766	orientation_diff	732.3213329315186	753.5219383239746
10767	orientation_diff	732.081169128418	751.9493350982666
10768	orientation_diff	731.2899341583252	752.8113212585449
10769	orientation_diff	730.1209602355957	753.1930236816406
10770	orientation_diff	728.8524284362793	754.2547874450684
10771	orientation_diff	723.6064262390137	756.54345703125
10773	orientation_diff	725.6619033813477	755.7277717590332
10774	orientation_diff	724.543134689331	755.5135841369629
10775	orientation_diff	720.5069541931152	754.197883605957
10777	orientation_diff	721.012149810791	753.8503227233887
10778	orientation_diff	721.9780502319336	746.754077911377
10782	orientation_diff	764.1240997314453	713.241325378418
10783	position_diff	755.8709597587585	702.1991271972656
10784	position_diff	758.6220064163208	705.8798599243164
10785	position_diff	761.373053073883	709.5605926513672
10802	orientation_diff	151.83903121948242	355.42613220214844
10803	orientation_diff	148.77874755859375	357.81371688842773
10804	orientation_diff	150.16373443603516	358.19911193847656
10813	orientation_diff	155.73235702514648	363.2616958618164
10814	orientation_diff	153.4652328491211	363.9478530883789
10816	orientation_diff	155.64257049560547	365.12847900390625
10817	orientation_diff	155.96346282958984	365.78594970703125
10819	orientation_diff	158.48665237426758	366.83731842041016
10820	orientation_diff	161.12329864501953	365.72065353393555
10821	orientation_diff	163.18058395385742	367.8221435546875
10822	orientation_diff	161.26472091674805	366.1590919494629
10823	orientation_diff	155.25852966308594	369.6362648010254
10824	orientation_diff	160.7913818359375	371.3421440124512
10825	orientation_diff	161.9154281616211	368.7731819152832
10826	orientation_diff	165.6625213623047	372.8839645385742
10827	orientation_diff	165.83330535888672	372.32240295410156
10828	orientation_diff	166.9515609741211	374.85378646850586
10830	orientation_diff	172.52215957641602	379.14594650268555
10833	orientation_diff	238.90164947509766	237.60595703125
10834	orientation_diff	239.67786026000977	236.20479202270508
10835	orientation_diff	239.27054977416992	234.0301742553711
10836	orientation_diff	242.0432065327962	232.3893814086914
10837	orientation_diff	240.6568781534831	233.20977783203125
10838	orientation_diff	243.42953491210938	231.56898498535156
10839	position_diff	262.8251762390137	233.18704986572266
10840	wrong_count	nan	nan
10841	wrong_count	nan	nan
10842	wrong_count	nan	nan
10843	wrong_count	nan	nan
10844	wrong_count	nan	nan
10845	wrong_count	nan	nan
10846	wrong_count	nan	nan
10847	wrong_count	nan	nan
10848	wrong_count	nan	nan
10849	wrong_count	nan	nan
10850	wrong_count	nan	nan
10851	wrong_count	nan	nan
10852	wrong_count	nan	nan
10853	wrong_count	nan	nan
10854	wrong_count	nan	nan
10855	wrong_count	nan	nan
10856	wrong_count	nan	nan
10857	wrong_count	nan	nan
10858	wrong_count	nan	nan
10859	wrong_count	nan	nan
10860	wrong_count	nan	nan
10861	wrong_count	nan	nan
10862	wrong_count	nan	nan
10863	wrong_count	nan	nan
10864	wrong_count	nan	nan
10865	wrong_count	nan	nan
10866	wrong_count	nan	nan
10867	position_diff	266.98182106018066	278.2886085510254
10868	position_diff	268.62652587890625	276.9248580932617
10869	position_diff	267.9600353240967	278.46157455444336
10896	orientation_diff	852.4204139709473	667.2474975585938
10897	orientation_diff	853.4544448852539	670.2167358398438
10900	orientation_diff	853.284309387207	671.3815841674805
10904	orientation_diff	848.2815399169922	675.0914535522461
10905	orientation_diff	849.0550308227539	672.0822296142578
10906	orientation_diff	848.535572052002	671.6812477111816
10908	orientation_diff	846.4905796051025	673.8017387390137
10909	orientation_diff	439.87761306762695	123.24594497680664
10910	orientation_diff	442.93190002441406	120.31319046020508
10911	orientation_diff	443.9407539367676	122.85487365722656
10912	orientation_diff	838.5735416412354	671.8375625610352
10914	orientation_diff	441.16942596435547	125.44048309326172
10920	orientation_diff	444.422513961792	129.53505325317383
10923	orientation_diff	827.0959396362305	665.9633827209473
10931	orientation_diff	449.02035331726074	159.34153175354004
10932	orientation_diff	759.2723579406738	685.3208045959473
10933	orientation_diff	757.1953430175781	675.2585487365723
10938	orientation_diff	752.3824501037598	627.9099388122559
10944	orientation_diff	799.8221588134766	588.7472267150879
10945	orientation_diff	804.3248481750488	590.7190017700195
10946	orientation_diff	810.2027721405029	582.7268543243408
10947	orientation_diff	816.080696105957	574.7347068786621
10948	orientation_diff	820.2543106079102	569.9708404541016
10949	orientation_diff	820.9718227386475	570.2609176635742
10950	orientation_diff	820.5044422149658	570.4656963348389
10951	orientation_diff	820.2956485748291	570.5719795227051
10952	orientation_diff	819.9226512908936	570.6360607147217
10953	orientation_diff	819.2770347595215	570.6495361328125
10954	orientation_diff	820.0570487976074	570.8361549377441
10955	orientation_diff	819.9978122711182	570.9056854248047
10956	orientation_diff	819.935956954956	571.053840637207
10957	orientation_diff	819.8971195220947	571.1928672790527
10958	orientation_diff	819.8745918273926	571.3945274353027
10959	orientation_diff	820.0217361450195	571.3631439208984
10960	orientation_diff	820.0179328918457	571.5182952880859
10961	orientation_diff	819.9844093322754	571.5990791320801
10962	orientation_diff	819.9769916534424	571.7818565368652
10963	orientation_diff	819.9873657226562	571.9176330566406
10964	orientation_diff	819.9924964904785	571.962474822998
10965	orientation_diff	819.9855880737305	572.0876159667969
10966	orientation_diff	820.0527400970459	572.0772895812988
10967	orientation_diff	820.1135520935059	572.2611351013184
10968	orientation_diff	820.2337245941162	572.4395790100098
10969	orientation_diff	820.127592086792	572.5940322875977
10970	orientation_diff	820.132402420044	572.8055610656738
10971	orientation_diff	820.0681419372559	572.8526611328125
10972	orientation_diff	820.1077117919922	572.8331069946289
10973	orientation_diff	820.0862159729004	572.8313827514648
10974	orientation_diff	820.0668449401855	572.8148231506348
10975	orientation_diff	820.0325736999512	572.902027130127
10976	orientation_diff	819.9992046356201	572.9950714111328
10977	orientation_diff	819.8981456756592	573.0099754333496
10978	orientation_diff	819.8797016143799	573.0428047180176
10979	orientation_diff	819.846851348877	573.1701354980469
10980	orientation_diff	819.7853584289551	573.3219299316406
10981	orientation_diff	819.6169662475586	573.4800720214844
10982	orientation_diff	819.3328342437744	573.3715438842773
10983	orientation_diff	819.0132064819336	573.6224555969238
10984	orientation_diff	818.5477867126465	574.3969612121582
10985	orientation_diff	818.5960807800293	574.7835083007812
10986	orientation_diff	818.1089515686035	574.6509017944336
10987	orientation_diff	817.6600036621094	574.7360610961914
10988	orientation_diff	816.8124580383301	574.9727363586426
10989	orientation_diff	816.2779121398926	575.3259315490723
10990	orientation_diff	815.402400970459	575.5997886657715
10991	orientation_diff	814.6890316009521	576.1086502075195
10992	orientation_diff	813.9209804534912	576.2638626098633
10993	orientation_diff	813.1472854614258	577.14599609375
10994	orientation_diff	812.5642147064209	577.4259643554688
10995	orientation_diff	811.8643970489502	577.722599029541
10996	orientation_diff	811.3268795013428	577.788501739502
10997	orientation_diff	810.8215103149414	578.1038093566895
10998	orientation_diff	810.4601726531982	578.2880363464355
10999	orientation_diff	810.0638961791992	578.3714332580566
11000	orientation_diff	809.593412399292	578.633171081543
11001	orientation_diff	808.8371448516846	578.6770324707031
11002	orientation_diff	808.6297626495361	579.0055236816406
11003	orientation_diff	808.4455642700195	579.1194152832031
11004	orientation_diff	808.0056915283203	579.4059104919434
11005	orientation_diff	807.766637802124	579.5299949645996
11006	orientation_diff	807.4411964416504	579.3789176940918
11007	orientation_diff	807.5535697937012	579.4786529541016
11008	orientation_diff	807.673059463501	579.6347846984863
11009	orientation_diff	807.605297088623	579.6852188110352
11010	position_diff	319.13597869873047	174.3190460205078
11011	orientation_diff	807.5729904174805	579.8380088806152
11012	orientation_diff	807.5500049591064	579.7410659790039
11013	orientation_diff	807.5014362335205	579.7058563232422
11014	orientation_diff	807.5910758972168	580.0436630249023
11015	orientation_diff	807.5509338378906	579.9805755615234
11016	orientation_diff	807.5636672973633	580.0577163696289
11017	orientation_diff	807.545862197876	579.9801826477051
11018	position_diff	312.2780303955078	180.18293380737305
11019	orientation_diff	807.5551853179932	579.9921951293945
11020	orientation_diff	807.5941715240479	579.9762115478516
11021	orientation_diff	807.5682773590088	579.9664039611816
11022	orientation_diff	807.4900341033936	579.9861526489258
11023	orientation_diff	807.5393543243408	579.9245758056641
11024	orientation_diff	309.7215385437012	194.07812881469727
11025	orientation_diff	807.5187892913818	580.0445175170898
11026	orientation_diff	807.5723400115967	580.0111122131348
11027	orientation_diff	807.5293006896973	580.0075988769531
11028	orientation_diff	807.6203842163086	579.9155654907227
11029	orientation_diff	807.4167995452881	580.055103302002
11030	orientation_diff	807.4883213043213	580.0623359680176
11031	orientation_diff	807.605432510376	579.9410743713379
11032	orientation_diff	807.371072769165	580.0239677429199
11033	orientation_diff	807.5707817077637	579.9932899475098
11034	orientation_diff	807.5402603149414	580.0023727416992
11035	orientation_diff	807.5399055480957	579.9479331970215
11036	orientation_diff	807.3042850494385	579.9698867797852
11037	orientation_diff	807.3553791046143	580.0016860961914
11038	orientation_diff	807.4043922424316	580.019401550293
11039	orientation_diff	807.5567417144775	579.9694862365723
11040	orientation_diff	807.472146987915	579.8483200073242
11041	orientation_diff	807.4983310699463	580.0886192321777
11042	orientation_diff	807.5854320526123	580.1748733520508
11043	orientation_diff	807.5661792755127	580.071475982666
11044	orientation_diff	807.4622077941895	580.0729026794434
11045	orientation_diff	807.5447998046875	580.105411529541
11046	orientation_diff	807.4777717590332	579.8678245544434
11047	orientation_diff	807.6850700378418	580.096321105957
11048	orientation_diff	807.7826137542725	580.1204414367676
11049	orientation_diff	808.000394821167	580.1025428771973
11050	orientation_diff	808.6495018005371	580.1642227172852
11051	orientation_diff	808.8135814666748	579.9525260925293
11052	orientation_diff	809.0311088562012	579.9470481872559
11053	orientation_diff	809.5944156646729	579.7022399902344
11054	orientation_diff	809.8051414489746	579.4871826171875
11055	orientation_diff	809.8944110870361	579.5455093383789
11056	orientation_diff	809.8390083312988	579.7718048095703
11057	orientation_diff	809.9034194946289	579.8654136657715
11058	orientation_diff	809.8756141662598	579.8619956970215
11059	orientation_diff	809.815975189209	579.8298988342285
11060	orientation_diff	809.8348712921143	579.9969444274902
11061	orientation_diff	809.8096733093262	579.9201049804688
11062	orientation_diff	809.8285121917725	579.9141616821289
11063	orientation_diff	810.0622215270996	579.8459663391113
11064	orientation_diff	809.8863315582275	579.8867607116699
11065	orientation_diff	809.8821926116943	580.0055122375488
11066	orientation_diff	809.9760990142822	580.104175567627
11067	orientation_diff	809.9808712005615	579.9711151123047
11068	orientation_diff	809.8550968170166	579.9409675598145
11069	orientation_diff	809.8524360656738	579.8263511657715
11070	orientation_diff	809.9188594818115	579.9685859680176
11071	orientation_diff	809.9668674468994	580.0437126159668
11072	orientation_diff	809.9013652801514	579.8325881958008
11073	orientation_diff	809.8761196136475	579.9695739746094
11074	position_diff	557.0107536315918	131.72307586669922
11075	orientation_diff	809.8698768615723	579.9051780700684
11076	orientation_diff	809.9000797271729	580.040225982666
11077	orientation_diff	809.9244956970215	579.9246101379395
11078	orientation_diff	809.9365196228027	580.0209732055664
11079	orientation_diff	809.9036254882812	579.8815994262695
11080	orientation_diff	809.8698120117188	579.8754463195801
11081	orientation_diff	809.8815650939941	579.9367523193359
11082	orientation_diff	810.0001487731934	580.0005302429199
11083	orientation_diff	809.9163360595703	579.9926490783691
11084	orientation_diff	809.9055194854736	579.9839286804199
11085	orientation_diff	809.8493595123291	579.8646354675293
11086	orientation_diff	809.9344635009766	580.0040702819824
11087	orientation_diff	809.8729820251465	579.8904266357422
11088	orientation_diff	809.9659671783447	580.0265808105469
11089	orientation_diff	809.8989200592041	579.9504623413086
11090	orientation_diff	809.8942832946777	579.9052200317383
11091	orientation_diff	809.8902473449707	579.9965515136719
11092	orientation_diff	809.9364700317383	579.9534072875977
11093	orientation_diff	810.1827812194824	579.9685325622559
11094	orientation_diff	811.0693130493164	580.1007423400879
11095	orientation_diff	812.3757801055908	580.603832244873
11096	orientation_diff	814.4263515472412	581.2652206420898
11097	orientation_diff	816.8109226226807	581.4345016479492
11098	orientation_diff	818.820333480835	581.4970932006836
11099	orientation_diff	820.298957824707	580.8265762329102
11100	orientation_diff	823.1885948181152	580.4837760925293
11101	orientation_diff	825.6540451049805	580.6633949279785
11102	orientation_diff	827.8738403320312	581.3383827209473
11103	orientation_diff	830.2098999023438	581.9161510467529
11104	orientation_diff	831.6507797241211	583.0910263061523
11105	orientation_diff	833.8046989440918	583.7709312438965
11106	orientation_diff	835.7732849121094	584.0270328521729
11107	orientation_diff	837.2451362609863	584.3115844726562
11108	orientation_diff	838.7374649047852	584.8401222229004
11109	orientation_diff	840.7331123352051	585.2689437866211
11110	orientation_diff	842.205587387085	585.5743408203125
11111	orientation_diff	843.4328765869141	585.5657558441162
11112	orientation_diff	844.1318702697754	586.0128307342529
11113	orientation_diff	845.3009757995605	586.1863059997559
11114	orientation_diff	846.3348236083984	586.641773223877
11115	orientation_diff	847.3294258117676	586.8580017089844
11116	orientation_diff	848.3823928833008	587.2196731567383
11117	orientation_diff	849.3212242126465	587.4690761566162
11118	orientation_diff	849.9782638549805	587.7728862762451
11119	orientation_diff	851.2457466125488	588.1848621368408
11120	orientation_diff	852.1868095397949	588.765754699707
11121	orientation_diff	852.765172958374	589.2664260864258
11122	orientation_diff	853.8438720703125	589.6042709350586
11123	orientation_diff	854.5388088226318	589.9469299316406
11124	orientation_diff	855.2105693817139	590.1892719268799
11125	orientation_diff	855.9009475708008	590.4143238067627
11126	orientation_diff	856.4146690368652	590.6724796295166
11127	orientation_diff	856.7018585205078	591.1979179382324
11128	orientation_diff	857.2774620056152	591.2957878112793
11129	orientation_diff	857.6285209655762	591.5237312316895
11130	orientation_diff	858.1366653442383	591.7614479064941
11131	orientation_diff	858.6681022644043	591.903003692627
11132	orientation_diff	859.0229682922363	592.2175483703613
11133	orientation_diff	859.4570922851562	592.5396766662598
11134	orientation_diff	859.8498058319092	592.7927207946777
11135	orientation_diff	860.5730648040771	593.005729675293
11136	orientation_diff	861.0043334960938	593.2891845703125
11137	orientation_diff	861.1623554229736	593.3264999389648
11138	orientation_diff	861.3384189605713	593.349781036377
11139	orientation_diff	861.6167640686035	593.3081970214844
11140	orientation_diff	861.9555377960205	593.287540435791
11141	orientation_diff	862.1312007904053	592.9267921447754
11142	orientation_diff	862.5883598327637	592.3327789306641
11143	orientation_diff	862.9962158203125	591.5231628417969
11144	orientation_diff	862.968090057373	590.5645484924316
11145	orientation_diff	863.2726860046387	590.0325317382812
11146	orientation_diff	863.6503715515137	589.4716415405273
11147	orientation_diff	863.9033737182617	589.6996917724609
11148	orientation_diff	864.4648494720459	589.5269660949707
11149	orientation_diff	865.3555107116699	588.9347724914551
11150	orientation_diff	865.8169212341309	588.1404762268066
11151	orientation_diff	866.1622982025146	587.6940803527832
11152	orientation_diff	866.723804473877	587.7535820007324
11153	orientation_diff	866.9367637634277	587.5899391174316
11154	orientation_diff	867.3540878295898	587.418815612793
11155	orientation_diff	867.4475250244141	587.1531410217285
11156	orientation_diff	867.6884307861328	587.0804290771484
11157	orientation_diff	867.9980716705322	587.1061630249023
11158	orientation_diff	868.283073425293	587.1713981628418
11159	orientation_diff	868.4404830932617	587.1676940917969
11160	orientation_diff	868.7072734832764	587.292724609375
11161	orientation_diff	868.9100494384766	587.4233093261719
11162	orientation_diff	869.15309715271	587.3950004577637
11163	orientation_diff	869.2525939941406	587.5419960021973
11164	orientation_diff	869.4179782867432	587.6921081542969
11165	orientation_diff	869.601728439331	587.7116317749023
11166	orientation_diff	869.614501953125	587.7364692687988
11167	orientation_diff	869.6838397979736	587.7880630493164
11168	orientation_diff	869.6562042236328	587.7804679870605
11169	orientation_diff	869.6483421325684	587.7069511413574
11170	orientation_diff	869.7493782043457	587.6909790039062
11171	orientation_diff	869.7752475738525	587.8296051025391
11172	orientation_diff	869.8593463897705	587.7680511474609
11173	orientation_diff	869.8861846923828	587.8334159851074
11174	orientation_diff	869.8778018951416	587.8232612609863
11175	orientation_diff	869.8407173156738	587.670482635498
11176	orientation_diff	869.9019374847412	587.9721641540527
11177	orientation_diff	870.1140441894531	587.8582038879395
11178	orientation_diff	870.506175994873	587.7866744995117
11179	orientation_diff	870.9559593200684	587.6334037780762
11180	orientation_diff	871.4050025939941	587.4528656005859
11181	orientation_diff	872.1688861846924	587.5803184509277
11182	orientation_diff	873.1470394134521	588.2660293579102
11183	orientation_diff	873.7354831695557	588.6878242492676
11184	orientation_diff	874.321626663208	589.0845413208008
11185	orientation_diff	875.0745429992676	589.1236343383789
11186	orientation_diff	875.9642181396484	589.2441635131836
11187	orientation_diff	877.0197048187256	589.3541412353516
11188	orientation_diff	878.1657466888428	589.0608329772949
11189	orientation_diff	878.9967861175537	589.3233871459961
11190	orientation_diff	879.267879486084	589.6461219787598
11191	orientation_diff	879.723949432373	589.9162406921387
11192	orientation_diff	880.9471073150635	589.9121170043945
11193	orientation_diff	881.8094615936279	590.0256805419922
11194	orientation_diff	882.6960906982422	589.8241691589355
11195	orientation_diff	883.6316833496094	589.702507019043
11196	orientation_diff	884.3061714172363	589.685977935791
11197	orientation_diff	884.9529037475586	589.7093467712402
11198	orientation_diff	885.5960273742676	589.8075485229492
11199	orientation_diff	886.6675872802734	589.6361083984375
11200	orientation_diff	887.7480754852295	589.4060668945312
11201	orientation_diff	888.9506912231445	589.3499488830566
11202	orientation_diff	890.9892234802246	590.0545654296875
11203	orientation_diff	890.5378131866455	590.3303337097168
11204	orientation_diff	889.7597389221191	589.9347877502441
11205	orientation_diff	889.370548248291	589.2085418701172
11206	orientation_diff	888.9127578735352	589.0171699523926
11207	orientation_diff	888.3354377746582	589.2223091125488
11208	orientation_diff	887.7516651153564	588.193042755127
11209	orientation_diff	887.8204536437988	588.5506477355957
11210	orientation_diff	891.4812545776367	588.570686340332
11211	orientation_diff	889.4600639343262	588.9247360229492
11212	orientation_diff	893.4008903503418	585.7263946533203
11213	orientation_diff	891.9968109130859	585.6984519958496
11214	orientation_diff	891.819034576416	585.7246131896973
11215	position_diff	895.117374420166	586.8601951599121
11216	orientation_diff	889.3114585876465	587.3312301635742
11217	orientation_diff	887.5112228393555	587.1288909912109
11218	orientation_diff	886.9081802368164	587.068717956543
11219	orientation_diff	889.0394897460938	585.8816604614258
11220	orientation_diff	888.873649597168	586.0534782409668
11221	orientation_diff	885.1493835449219	585.9594116210938
11222	orientation_diff	885.5824890136719	585.4690246582031
11223	orientation_diff	882.0701866149902	586.1049537658691
11224	orientation_diff	879.6272468566895	584.4321174621582
11225	orientation_diff	877.4953002929688	583.2749900817871
11226	orientation_diff	877.2482528686523	583.6988143920898
11227	orientation_diff	876.9029693603516	584.3388938903809
11228	orientation_diff	877.2330360412598	583.8138885498047
11229	orientation_diff	879.4747924804688	582.0988731384277
11230	position_diff	880.0993995666504	577.3013572692871
11231	position_diff	874.5879516601562	573.8779258728027
11232	position_diff	873.1267375946045	577.3134384155273
11233	orientation_diff	865.582592010498	585.6746635437012
11234	orientation_diff	865.9364967346191	587.3200874328613
11235	orientation_diff	864.8571166992188	590.2408409118652
11236	orientation_diff	865.5402374267578	587.0149993896484
11237	orientation_diff	858.0957870483398	590.6269264221191
11238	orientation_diff	856.7057132720947	590.4286804199219
11239	orientation_diff	856.0407238006592	589.5240821838379
11240	orientation_diff	853.3895454406738	590.3883438110352
11241	orientation_diff	850.4398651123047	589.3691444396973
11242	orientation_diff	847.5428886413574	592.8374557495117
11299	orientation_diff	274.47893142700195	219.17382049560547
11300	orientation_diff	275.3817596435547	221.19516372680664
11302	orientation_diff	273.7739067077637	223.60249710083008
11352	orientation_diff	511.64265060424805	873.9144287109375
11353	orientation_diff	512.1417655944824	874.8419284820557
11354	orientation_diff	507.7775077819824	872.9096851348877
11355	orientation_diff	509.1932792663574	873.4372882843018
11356	orientation_diff	516.2840728759766	873.2629165649414
11357	orientation_diff	518.5459976196289	872.3733596801758
11358	orientation_diff	520.8079223632812	871.4838027954102
11359	orientation_diff	515.0585708618164	871.6009979248047
11360	orientation_diff	516.7631187438965	871.3991985321045
11361	orientation_diff	514.4051475524902	870.0619869232178
11362	orientation_diff	514.9272842407227	868.7116241455078
11363	orientation_diff	517.8853569030762	867.0590133666992
11364	orientation_diff	515.7083473205566	872.0600738525391
11365	orientation_diff	514.5285148620605	872.6574001312256
11366	orientation_diff	515.8865013122559	873.3641185760498
11367	orientation_diff	514.6166229248047	871.6249313354492
11368	orientation_diff	195.29795837402344	249.32432174682617
11369	orientation_diff	511.7059097290039	876.0353450775146
11370	orientation_diff	510.80980682373047	876.3940010070801
11371	orientation_diff	515.3891677856445	875.1050472259521
11372	orientation_diff	516.9506759643555	875.1723518371582
11373	orientation_diff	518.0869941711426	875.0800304412842
11374	orientation_diff	517.9647216796875	876.4810600280762
11375	orientation_diff	207.84799194335938	256.06733322143555
11376	orientation_diff	209.31963348388672	256.3466110229492
11377	orientation_diff	210.89932250976562	259.89168548583984
11378	orientation_diff	211.72692489624023	260.0100898742676
11379	orientation_diff	213.69294548034668	259.74049377441406
11380	orientation_diff	215.65896606445312	259.47089767456055
11383	orientation_diff	505.76636123657227	869.0547485351562
11385	orientation_diff	218.7022933959961	265.26488494873047
11386	orientation_diff	217.20383071899414	266.48509216308594
11387	orientation_diff	504.26195907592773	871.7612857818604
11388	orientation_diff	504.46695709228516	871.896053314209
11389	orientation_diff	503.1069221496582	872.2595252990723
11390	orientation_diff	505.3708686828613	871.3985786437988
11392	orientation_diff	505.20272064208984	878.4533271789551
11393	orientation_diff	505.55298614501953	879.952787399292
11394	orientation_diff	509.13039779663086	878.9692115783691
11395	orientation_diff	509.89248275756836	880.287483215332
11397	orientation_diff	514.2792434692383	879.6160182952881
11418	orientation_diff	162.65326309204102	640.1458969116211
11419	orientation_diff	435.88856506347656	703.5130043029785
11420	orientation_diff	166.88286590576172	636.0124588012695
11421	orientation_diff	169.90581512451172	632.2165336608887
11422	orientation_diff	453.6858367919922	718.0463123321533
11423	position_diff	450.9853286743164	716.0886011123657
11424	orientation_diff	172.66513061523438	632.399486541748
11425	orientation_diff	176.90043258666992	628.0321731567383
11426	orientation_diff	174.26533889770508	630.6607666015625
11427	orientation_diff	174.8526496887207	628.3852272033691
11428	orientation_diff	174.83098220825195	625.5250129699707
11429	orientation_diff	174.83384704589844	624.1617050170898
11430	orientation_diff	177.0056495666504	621.432544708252
11431	orientation_diff	178.68039321899414	616.5789642333984
11515	orientation_diff	600.2352066040039	907.9667434692383
11571	orientation_diff	536.1710357666016	859.8375663757324
11572	orientation_diff	534.0293388366699	857.1419639587402
11573	orientation_diff	541.378963470459	848.912992477417
11575	orientation_diff	537.8705902099609	842.5754489898682
11647	orientation_diff	822.7510566711426	751.3505668640137
11648	orientation_diff	820.9763984680176	749.6744174957275
11649	orientation_diff	819.4913997650146	749.5714950561523
11650	orientation_diff	817.544599533081	749.4311118125916
11651	orientation_diff	818.1935329437256	749.4779062271118
11652	orientation_diff	818.8424663543701	749.5247006416321
11653	orientation_diff	816.8956661224365	749.3843173980713
11654	orientation_diff	816.1750640869141	749.5061321258545
11655	orientation_diff	815.6961784362793	750.0173263549805
11656	orientation_diff	815.3804397583008	750.5971755981445
11657	orientation_diff	814.6020660400391	750.9749126434326
11658	orientation_diff	814.2707443237305	750.5923271179199
11659	orientation_diff	814.4698333740234	749.8414077758789
11660	orientation_diff	815.1210861206055	749.1820945739746
11661	orientation_diff	814.0090942382812	748.2826862335205
11662	orientation_diff	812.5647850036621	749.3323097229004
11663	orientation_diff	811.1707916259766	749.7910118103027
11664	orientation_diff	812.5180244445801	750.4655609130859
11665	orientation_diff	813.1030197143555	755.0126876831055
11666	orientation_diff	810.6749954223633	750.977970123291
11710	orientation_diff	739.390323638916	205.52792358398438
11711	orientation_diff	738.6254596710205	205.4132957458496
11712	orientation_diff	737.860595703125	205.29866790771484
11719	orientation_diff	742.1366920471191	216.60182571411133
11720	orientation_diff	740.8762130737305	217.45233917236328
11721	orientation_diff	741.5687351226807	218.60356903076172
11722	orientation_diff	738.5273704528809	215.84674072265625
11723	orientation_diff	742.8890838623047	217.7534637451172
11744	orientation_diff	643.1886596679688	910.5374870300293
11746	orientation_diff	642.8103485107422	909.6144180297852
11747	orientation_diff	643.568608601888	908.5114924112956
11748	orientation_diff	643.1894785563152	909.0629552205403
11751	orientation_diff	642.8053092956543	912.6425895690918
11752	orientation_diff	642.9425315856934	912.003116607666
11753	orientation_diff	642.8739204406738	912.3228530883789
11754	orientation_diff	643.0111427307129	911.6833801269531
11758	orientation_diff	642.6500301361084	913.2080249786377
11759	orientation_diff	640.8474617004395	912.5960311889648
11760	orientation_diff	643.098518371582	911.3342704772949
11761	orientation_diff	642.3531303405762	911.5721473693848
11764	orientation_diff	641.9224967956543	913.629638671875
11765	orientation_diff	640.9273147583008	912.7373886108398
11766	orientation_diff	640.5593681335449	911.7084579467773
11767	orientation_diff	641.6881523132324	912.549488067627
11768	orientation_diff	643.7763290405273	910.3390197753906
11769	orientation_diff	642.9286880493164	910.6591415405273
11770	orientation_diff	642.3324508666992	910.2564849853516
11771	orientation_diff	640.7017936706543	910.7961273193359
11772	orientation_diff	641.4101181030273	911.6791076660156
11773	orientation_diff	643.7011680603027	911.5848503112793
11774	orientation_diff	643.7284889221191	911.4758605957031
11775	orientation_diff	641.5216217041016	911.0030059814453
11776	orientation_diff	640.5104370117188	912.3907928466797
11778	position_diff	903.091911315918	562.971019744873
11779	orientation_diff	642.7817878723145	911.429500579834
11782	orientation_diff	896.0264663696289	565.9909896850586
11783	orientation_diff	894.5297546386719	565.280574798584
11784	orientation_diff	892.7566261291504	565.2449645996094
11785	orientation_diff	891.9011116027832	564.6591491699219
11786	orientation_diff	893.303092956543	566.8946533203125
11787	orientation_diff	895.1039428710938	564.0542106628418
11788	orientation_diff	893.1786193847656	565.9293823242188
11789	position_diff	891.4485626220703	555.0900268554688
11790	orientation_diff	890.912483215332	557.2064666748047
11791	orientation_diff	890.7266387939453	564.7975196838379
11792	orientation_diff	891.2122077941895	558.7856330871582
11793	orientation_diff	888.7283744812012	564.1025581359863
11794	orientation_diff	890.367301940918	562.753059387207
11795	orientation_diff	891.2435340881348	555.7394256591797
11796	orientation_diff	889.539966583252	565.8983840942383
11797	orientation_diff	884.9995269775391	559.3021697998047
11798	orientation_diff	887.7602233886719	565.439697265625
11799	orientation_diff	888.2355804443359	555.5332565307617
11800	position_diff	890.3326377868652	554.8110542297363
11801	position_diff	888.7818222045898	556.355785369873
11802	orientation_diff	885.0158920288086	558.1040802001953
11803	orientation_diff	883.4184417724609	563.9482154846191
11804	orientation_diff	883.7284240722656	563.3450107574463
11805	orientation_diff	883.99365234375	562.9564838409424
11806	orientation_diff	884.0826759338379	561.1409740447998
11807	orientation_diff	881.1349010467529	560.427791595459
11808	orientation_diff	880.0542736053467	560.0166320800781
11814	orientation_diff	876.7263221740723	567.0462951660156
11815	orientation_diff	872.489559173584	564.1889657974243
11816	orientation_diff	873.9018135070801	565.1414089202881
11818	orientation_diff	871.0773048400879	563.2365226745605
11819	orientation_diff	864.1924629211426	696.4864597320557
11820	orientation_diff	863.790225982666	696.292106628418
11821	orientation_diff	862.6473159790039	694.6560173034668
11822	orientation_diff	861.0267105102539	694.2335815429688
11823	orientation_diff	859.0056838989258	692.3217315673828
11824	orientation_diff	859.2946662902832	691.3758926391602
11825	orientation_diff	858.3719253540039	691.9662647247314
11826	orientation_diff	860.8904190063477	693.5521030426025
11827	orientation_diff	862.6926574707031	694.0825614929199
11828	orientation_diff	861.4500198364258	695.4651718139648
11829	orientation_diff	860.4294776916504	697.3630905151367
11830	orientation_diff	855.1591339111328	693.1218585968018
11831	orientation_diff	851.829704284668	692.825605392456
11832	orientation_diff	846.8725395202637	695.7455940246582
11833	orientation_diff	845.4440040588379	696.3327445983887
11834	orientation_diff	846.1582717895508	696.0391693115234
11835	orientation_diff	844.729736328125	696.6263198852539
11836	orientation_diff	842.94553565979	692.4854011535645
11891	orientation_diff	681.5515365600586	145.39004516601562
11898	orientation_diff	685.7974147796631	150.250244140625
11899	orientation_diff	683.0278663635254	149.7197036743164
11900	orientation_diff	682.2961743672689	153.20347086588544
11901	orientation_diff	682.6620203653971	151.4615872701009
11910	orientation_diff	678.8252983093262	163.96349334716797
11948	orientation_diff	711.6692085266113	861.9678268432617
11949	orientation_diff	709.9639701843262	857.9970302581787
11950	orientation_diff	712.0704307556152	856.517276763916
11951	orientation_diff	711.6777801513672	858.7632141113281
11952	orientation_diff	713.2514228820801	859.5560874938965
11953	orientation_diff	711.4255752563477	854.986494064331
11954	orientation_diff	708.6667442321777	855.1992206573486
11955	orientation_diff	707.0250511169434	857.3844661712646
11956	orientation_diff	708.664493560791	851.4774475097656
11957	orientation_diff	711.5085735321045	850.6754989624023
11958	orientation_diff	711.1067695617676	849.1485214233398
11959	orientation_diff	705.2186431884766	855.4701175689697
11961	orientation_diff	704.1788558959961	852.2505950927734
11967	orientation_diff	887.5626983642578	604.7446441650391
11968	orientation_diff	698.0961647033691	846.5083389282227
11969	orientation_diff	697.4325981140137	843.0861911773682
11970	position_diff	697.7364311218262	847.1467742919922
11972	orientation_diff	825.6835613250732	730.4620628356934
11973	orientation_diff	827.5319709777832	727.7229652404785
11974	orientation_diff	829.949592590332	729.6591682434082
11975	orientation_diff	830.1689739227295	727.1317844390869
11976	orientation_diff	830.388355255127	724.6044006347656
11977	orientation_diff	828.9212379455566	724.4843330383301
11978	orientation_diff	828.4988670349121	724.6789054870605
11979	orientation_diff	829.1521987915039	724.1030082702637
11980	orientation_diff	825.9063663482666	720.5225410461426
11981	orientation_diff	824.8650321960449	716.8944873809814
11982	orientation_diff	822.9683723449707	716.6363182067871
11983	orientation_diff	823.4812755584717	717.8039455413818
11984	orientation_diff	823.0734577178955	717.5380954742432
11985	orientation_diff	822.3262519836426	717.3044910430908
11992	orientation_diff	812.6043739318848	713.6062164306641
11993	orientation_diff	810.0798454284668	717.8510398864746
11994	orientation_diff	810.7021141052246	714.2629871368408
11995	orientation_diff	811.2945365905762	714.8826122283936
12074	orientation_diff	900.241096496582	608.296516418457
12081	orientation_diff	902.4493713378906	607.1727294921875
12082	orientation_diff	903.3421878814697	606.6837272644043
12083	orientation_diff	903.1663017272949	607.8921165466309
12084	orientation_diff	902.352123260498	608.1555442810059
12085	orientation_diff	902.673038482666	605.484188079834
12086	orientation_diff	901.6936225891113	607.0151863098145
12087	orientation_diff	900.7250289916992	603.4820747375488
12088	orientation_diff	896.8116302490234	605.6434059143066
12096	orientation_diff	897.0066947937012	597.1479301452637
12097	orientation_diff	895.4972686767578	598.6486053466797
12098	orientation_diff	896.0437660217285	594.1369552612305
12099	orientation_diff	895.5888519287109	592.209041595459
12100	orientation_diff	894.6927757263184	591.3428230285645
12101	orientation_diff	894.3670539855957	590.8517189025879
12102	orientation_diff	893.7787170410156	592.6869163513184
12103	orientation_diff	894.8056411743164	590.4135475158691
12104	orientation_diff	895.027587890625	586.557258605957
12105	orientation_diff	896.2532844543457	585.7570705413818
12112	orientation_diff	594.2456665039062	133.0004425048828
12113	orientation_diff	598.5290985107422	128.54242324829102
12114	orientation_diff	601.6935768127441	128.82534790039062
12115	orientation_diff	595.9816932678223	127.88456726074219
12116	orientation_diff	597.6525840759277	129.6764030456543
12123	orientation_diff	610.6489753723145	142.5391616821289
12124	orientation_diff	611.1365852355957	143.20680236816406
12125	orientation_diff	610.3418121337891	142.85228729248047
12126	orientation_diff	613.5442276000977	142.70528030395508
12127	orientation_diff	616.4289398193359	144.5209503173828
12128	orientation_diff	615.5709419250488	144.88799285888672
12139	orientation_diff	874.6330451965332	305.5486946105957
12140	orientation_diff	871.4587516784668	305.28809356689453
12141	orientation_diff	872.4662857055664	304.4728355407715
12142	orientation_diff	868.5782241821289	301.2163505554199
12143	orientation_diff	868.7066669464111	300.314208984375
12144	orientation_diff	867.7585964202881	298.3992576599121
12145	orientation_diff	871.9885940551758	303.77955627441406
12146	orientation_diff	868.7662258148193	303.69729232788086
12147	orientation_diff	867.6641502380371	306.4722671508789
12148	orientation_diff	866.6003589630127	305.24779891967773
12149	orientation_diff	865.982946395874	305.4845962524414
12150	orientation_diff	582.5911827087402	883.1003189086914
12151	orientation_diff	865.4579200744629	305.5561943054199
12152	orientation_diff	865.7024612426758	305.47084045410156
12153	orientation_diff	865.0667514801025	305.7854995727539
12154	orientation_diff	584.996768951416	877.9953804016113
12155	orientation_diff	584.920482635498	876.283203125
12156	orientation_diff	863.5795593261719	305.20851135253906
12157	orientation_diff	583.8554267883301	871.2333793640137
12158	orientation_diff	586.6144676208496	871.4032020568848
12159	orientation_diff	587.1886672973633	872.624137878418
12160	orientation_diff	585.7130813598633	873.3799667358398
12161	orientation_diff	586.734094619751	873.9928283691406
12162	orientation_diff	587.1484031677246	872.9393215179443
12163	orientation_diff	587.3858833312988	871.4200229644775
12164	orientation_diff	587.4207305908203	871.3452262878418
12165	orientation_diff	588.6863746643066	867.1799144744873
12166	orientation_diff	590.5054893493652	871.5236663818359
12167	orientation_diff	588.7982177734375	867.0560913085938
12168	orientation_diff	589.5494232177734	864.9593105316162
12169	orientation_diff	854.4965476989746	310.1991195678711
12170	orientation_diff	853.7075328826904	309.9496383666992
12171	orientation_diff	851.1809196472168	307.09143829345703
12172	orientation_diff	844.8873558044434	307.3159408569336
12173	orientation_diff	840.0096111297607	308.68460845947266
12174	orientation_diff	829.6156692504883	315.3458061218262
12175	orientation_diff	826.2766170501709	323.0289497375488
12176	orientation_diff	855.2994232177734	342.3248634338379
12177	orientation_diff	851.2414207458496	337.71380615234375
12178	orientation_diff	852.2356796264648	336.8053550720215
12179	orientation_diff	851.5182762145996	345.9426040649414
12180	orientation_diff	851.8883438110352	342.0044403076172
12181	orientation_diff	852.3846473693848	341.51501846313477
12182	orientation_diff	855.4591636657715	340.9913864135742
12184	orientation_diff	855.286434173584	346.4561347961426
12185	orientation_diff	858.2927131652832	348.2603416442871
12186	orientation_diff	857.2764015197754	348.1209907531738
12187	orientation_diff	860.3717308044434	350.7739734649658
12188	position_diff	821.8731791178386	341.12119483947754
12189	position_diff	839.9893455505371	350.38727951049805
12190	orientation_diff	853.2354850769043	348.7812309265137
12191	orientation_diff	854.4438304901123	347.721004486084
12192	orientation_diff	856.3120193481445	346.3058776855469
12193	orientation_diff	852.4209022521973	345.4978904724121
12194	orientation_diff	853.0155754089355	350.9177932739258
12195	orientation_diff	853.0804214477539	354.77509689331055
12196	orientation_diff	848.7571487426758	354.52832794189453
12197	orientation_diff	585.6637573242188	880.6411781311035
12198	orientation_diff	844.7416439056396	360.4504508972168
12199	orientation_diff	847.749963760376	355.7952690124512
12200	orientation_diff	848.3579082489014	355.48836517333984
12201	orientation_diff	587.9339065551758	879.4975700378418
12202	orientation_diff	587.4576721191406	881.8451271057129
12203	orientation_diff	592.2476119995117	878.6000099182129
12204	orientation_diff	593.6478614807129	876.1677169799805
12205	orientation_diff	840.6386871337891	363.56574630737305
12206	orientation_diff	838.8428916931152	367.2375259399414
12207	orientation_diff	836.3406257629395	369.09241104125977
12208	orientation_diff	834.7334613800049	370.7311325073242
12209	orientation_diff	831.8949489593506	371.239559173584
12210	orientation_diff	832.0429153442383	372.49132347106934
12211	orientation_diff	832.190881729126	373.7430877685547
12212	orientation_diff	832.8896369934082	374.69664764404297
12213	orientation_diff	832.6445617675781	376.23261642456055
12214	orientation_diff	839.0381622314453	374.25649642944336
12215	position_diff	838.5451622009277	375.99425506591797
12221	orientation_diff	806.2117195129395	331.76455307006836
12222	position_diff	820.104434967041	325.04462814331055
12223	orientation_diff	816.0419044494629	320.6072425842285
12231	orientation_diff	593.5368118286133	894.1359405517578
12233	orientation_diff	594.3534278869629	891.5401401519775
12234	orientation_diff	593.3086853027344	891.831241607666
12235	orientation_diff	594.2890357971191	892.5122146606445
12236	orientation_diff	595.4176445007324	892.8025512695312
12243	orientation_diff	612.68994140625	673.0316314697266
12259	orientation_diff	806.9065933227539	383.108922958374
12319	orientation_diff	864.9386405944824	308.1769790649414
12320	orientation_diff	865.5838623046875	306.7378616333008
12323	orientation_diff	866.2764472961426	290.86669158935547
12324	orientation_diff	865.8406867980957	287.77562141418457
12326	orientation_diff	867.9497032165527	281.3068161010742
12327	orientation_diff	902.3640594482422	444.5462074279785
12328	orientation_diff	904.4810676574707	443.23587799072266
12329	orientation_diff	901.2521743774414	440.9306755065918
12330	orientation_diff	899.3438339233398	440.5062561035156
12348	orientation_diff	740.7071285247803	773.1584701538086
12349	orientation_diff	741.4378395080566	773.4606781005859
12350	orientation_diff	742.7608795166016	772.4991683959961
12367	position_diff	747.4675254821777	769.6776142120361
12371	position_diff	749.030517578125	760.567361831665
12372	orientation_diff	743.0550079345703	761.4159965515137
12373	orientation_diff	740.4861526489258	757.5687980651855
12374	orientation_diff	741.0295333862305	753.3242645263672
12375	orientation_diff	741.8939476013184	751.6913909912109
12376	orientation_diff	744.4045944213867	752.7883453369141
12377	orientation_diff	743.1929512023926	752.7453670501709
12378	orientation_diff	742.6537170410156	750.5009899139404
12379	orientation_diff	742.1144828796387	748.25661277771
12381	orientation_diff	742.4267387390137	743.2764015197754
12382	orientation_diff	746.5233535766602	739.1554355621338
12383	position_diff	751.8392753601074	741.9875984191895
12384	position_diff	753.2473297119141	740.6933460235596
12385	orientation_diff	747.0520210266113	747.3804512023926
12397	orientation_diff	222.96994018554688	271.9584274291992
12403	orientation_diff	226.75978469848633	280.28719329833984
12405	orientation_diff	229.7559700012207	283.42417907714844
12440	orientation_diff	216.3905258178711	708.4721527099609
12441	orientation_diff	210.72285842895508	706.8638229370117
12442	orientation_diff	213.1018524169922	706.8301963806152
12443	orientation_diff	220.5458755493164	708.8452739715576
12444	orientation_diff	216.06164932250977	708.352949142456
12446	orientation_diff	217.71942138671875	706.3710060119629
12447	orientation_diff	214.7945442199707	707.6917572021484
12448	orientation_diff	215.72357940673828	707.006628036499
12449	orientation_diff	215.0678253173828	706.872371673584
12450	orientation_diff	214.1263885498047	706.043493270874
12451	orientation_diff	210.2575225830078	698.6526775360107
12452	orientation_diff	206.38865661621094	691.2618618011475
12453	orientation_diff	211.33716583251953	674.2474060058594
12478	orientation_diff	595.4304428100586	888.1725616455078
12479	orientation_diff	592.9880142211914	887.4406623840332
12480	orientation_diff	595.1346626281738	884.3182754516602
12481	orientation_diff	594.8550682067871	883.5502967834473
12482	orientation_diff	594.8511810302734	883.2282409667969
12483	orientation_diff	593.2342071533203	884.7161407470703
12484	orientation_diff	594.1384906768799	883.268611907959
12485	orientation_diff	594.2357292175293	883.1648635864258
12486	orientation_diff	595.1320209503174	882.819450378418
12487	orientation_diff	595.1039505004883	883.8750267028809
12488	orientation_diff	595.2123737335205	884.265453338623
12489	orientation_diff	595.769811630249	883.9957008361816
12490	orientation_diff	595.8570861816406	883.5272445678711
12491	orientation_diff	595.1853256225586	883.5996704101562
12492	orientation_diff	593.0551338195801	884.169506072998
12493	orientation_diff	595.3647384643555	881.248218536377
12494	orientation_diff	590.6914978027344	885.5126914978027
12495	orientation_diff	589.3990669250488	883.3181648254395
12496	orientation_diff	586.5871429443359	883.4887790679932
12497	orientation_diff	590.8129348754883	880.6631698608398
12498	orientation_diff	586.9184875488281	880.215166091919
12499	orientation_diff	584.3428955078125	878.4770641326904
12500	orientation_diff	578.82421875	880.5731353759766
12501	orientation_diff	584.1317291259766	874.7623405456543
12502	orientation_diff	584.8725395202637	874.1493377685547
12503	orientation_diff	582.9300842285156	872.9123630523682
12504	orientation_diff	582.2064514160156	871.0036544799805
12505	orientation_diff	579.1217880249023	869.4442844390869
12506	orientation_diff	578.0595932006836	873.7522621154785
12522	orientation_diff	565.0801544189453	864.2691593170166
12523	orientation_diff	566.396556854248	860.1095314025879
12533	orientation_diff	520.4104347229004	865.1571159362793
12537	orientation_diff	754.2890243530273	339.27650451660156
12560	orientation_diff	708.0595855712891	805.7120666503906
12561	orientation_diff	711.1127471923828	800.0786457061768
12562	orientation_diff	710.8470916748047	801.477388381958
12564	orientation_diff	710.6625862121582	803.0945777893066
12565	orientation_diff	708.6912422180176	805.847469329834
12566	orientation_diff	707.4894275665283	807.3717308044434
12568	orientation_diff	705.0296249389648	807.5888900756836
12569	orientation_diff	707.3241767883301	802.4484634399414
12570	orientation_diff	704.4352188110352	806.6735610961914
12571	orientation_diff	712.5840682983398	802.0286159515381
12572	orientation_diff	707.3867149353027	807.5168285369873
12573	orientation_diff	708.6306381225586	806.4660778045654
12574	orientation_diff	708.3497772216797	800.7612342834473
12575	orientation_diff	709.0956172943115	797.8470687866211
12576	orientation_diff	709.6652317047119	796.6436805725098
12577	orientation_diff	708.1769180297852	796.3312644958496
12578	orientation_diff	706.6875171661377	796.2607040405273
12579	orientation_diff	706.1234321594238	796.2167015075684
12580	orientation_diff	707.2921848297119	795.0332298278809
12581	orientation_diff	706.6615886688232	794.9886093139648
12582	orientation_diff	707.5271320343018	793.1062602996826
12583	orientation_diff	706.9333763122559	794.5161571502686
12584	orientation_diff	705.8138217926025	795.1091957092285
12585	orientation_diff	707.5983219146729	793.330680847168
12586	orientation_diff	708.5106506347656	791.5125274658203
12587	orientation_diff	704.967960357666	790.0373077392578
12695	orientation_diff	387.89078521728516	922.6443710327148
12714	orientation_diff	389.72702407836914	920.2597541809082
12743	orientation_diff	893.4592819213867	431.80560302734375
12744	orientation_diff	892.4446697235107	431.07967376708984
12745	orientation_diff	891.0173950195312	430.6983985900879
12746	orientation_diff	889.0696144104004	430.07618713378906
12747	orientation_diff	888.4058666229248	432.4752769470215
12748	orientation_diff	885.02734375	443.22783279418945
12750	orientation_diff	884.5528984069824	440.05273056030273
12755	orientation_diff	878.9959506988525	442.4967269897461
12756	orientation_diff	880.091402053833	437.9281997680664
12757	orientation_diff	878.6646308898926	439.8214225769043
12758	orientation_diff	876.743989944458	437.3007621765137
12759	orientation_diff	873.8815441131592	439.7682456970215
12760	orientation_diff	870.6134071350098	442.0460014343262
12761	orientation_diff	868.2306690216064	442.7438163757324
12762	orientation_diff	864.5099277496338	442.0547904968262
12763	orientation_diff	860.1969203948975	442.1516342163086
12764	orientation_diff	855.8894729614258	442.88366317749023
12765	orientation_diff	855.8117866516113	444.580753326416
12766	position_diff	866.027042388916	447.7830619812012
12767	orientation_diff	855.5659408569336	442.6354522705078
12768	orientation_diff	856.6188316345215	442.93081855773926
12807	orientation_diff	876.8833465576172	316.94404220581055
12809	orientation_diff	868.9371185302734	319.0058288574219
12810	orientation_diff	872.574779510498	316.83326721191406
12950	orientation_diff	689.8202781677246	142.50841903686523
12956	orientation_diff	920.6625709533691	514.8273086547852
12959	orientation_diff	922.2346153259277	503.81608963012695
12960	orientation_diff	921.5331840515137	506.7122611999512
12961	orientation_diff	920.8196220397949	503.5091438293457
12962	orientation_diff	920.1599655151367	502.6510467529297
12963	orientation_diff	693.4215087890625	145.67245483398438
12964	orientation_diff	918.1918144226074	506.6425323486328
12965	orientation_diff	917.0386619567871	509.9240303039551
12966	orientation_diff	693.874080657959	146.07404327392578
12967	orientation_diff	916.7108459472656	510.5945301055908
12968	orientation_diff	918.0759010314941	512.1122932434082
12969	orientation_diff	916.1645393371582	510.58227157592773
12970	orientation_diff	915.1104125976562	510.71715545654297
12971	orientation_diff	914.3575057983398	509.7408676147461
12972	orientation_diff	913.7224082946777	508.475341796875
12973	orientation_diff	913.6425399780273	508.6027145385742
12985	orientation_diff	895.4919662475586	514.0354614257812
12986	orientation_diff	894.3516941070557	510.8753967285156
12987	orientation_diff	896.5027275085449	512.9857025146484
12988	orientation_diff	890.9586200714111	517.7183036804199
12989	orientation_diff	894.6860046386719	516.2147560119629
12994	orientation_diff	189.26755905151367	300.3370246887207
12995	orientation_diff	189.57409286499023	299.29109954833984
12996	orientation_diff	191.6552848815918	299.8424949645996
12997	orientation_diff	190.16262435913086	301.08044815063477
13001	orientation_diff	189.01766967773438	304.5827331542969
13002	orientation_diff	189.9436798095703	302.1562614440918
13009	orientation_diff	196.5492238998413	303.91270542144775
13010	orientation_diff	195.0681438446045	304.4217891693115
13011	orientation_diff	193.58706378936768	304.9308729171753
13012	orientation_diff	198.03030395507812	303.403621673584
13013	orientation_diff	198.41498565673828	306.7769088745117
13014	orientation_diff	197.29336166381836	307.7030830383301
13015	orientation_diff	196.21038818359375	309.27528381347656
13016	orientation_diff	199.64142227172852	310.3536491394043
13162	orientation_diff	908.8584976196289	560.6940956115723
13163	orientation_diff	906.5433387756348	565.0914268493652
13164	orientation_diff	905.510705947876	562.0620880126953
13165	orientation_diff	906.1040420532227	559.5594215393066
13166	orientation_diff	906.3046264648438	556.5599937438965
13167	orientation_diff	903.4980583190918	560.3846817016602
13168	orientation_diff	903.3716449737549	561.7046661376953
13169	orientation_diff	896.2883949279785	559.239574432373
13170	orientation_diff	894.5682029724121	559.0182495117188
13171	orientation_diff	893.663272857666	559.769552230835
13172	orientation_diff	892.8731021881104	558.8142108917236
13179	orientation_diff	890.2667751312256	556.3741779327393
13180	orientation_diff	892.4366474151611	553.640266418457
13181	orientation_diff	894.3928813934326	551.7599716186523
13182	orientation_diff	894.8917255401611	550.5879821777344
13183	orientation_diff	894.7538414001465	550.2664756774902
13184	orientation_diff	889.0588970184326	554.286190032959
13185	orientation_diff	888.2798843383789	554.915885925293
13186	orientation_diff	884.7159729003906	555.6501579284668
13187	orientation_diff	888.0176410675049	555.2209358215332
13188	orientation_diff	796.5803298950195	805.0691223144531
13189	orientation_diff	797.0800447463989	804.976921081543
13191	orientation_diff	799.6171760559082	803.0051345825195
13192	orientation_diff	799.3592643737793	802.4470062255859
13193	orientation_diff	798.4767532348633	802.1925354003906
13194	orientation_diff	800.6964912414551	798.6744041442871
13196	orientation_diff	793.6279392242432	803.2130737304688
13203	orientation_diff	791.8213729858398	799.6540908813477
13204	orientation_diff	788.4677333831787	801.0056381225586
13205	position_diff	796.5636711120605	796.0290489196777
13206	orientation_diff	794.5312652587891	798.8134841918945
13241	orientation_diff	265.9955291748047	182.06175231933594
13242	orientation_diff	265.22420501708984	182.97143173217773
13243	orientation_diff	266.3749465942383	182.47385025024414
13244	orientation_diff	265.9835777282715	183.46555709838867
13245	orientation_diff	268.455997467041	185.37360000610352
13246	orientation_diff	274.0007667541504	186.05179595947266
13247	orientation_diff	273.6108283996582	186.5568389892578
13253	orientation_diff	275.98783111572266	186.6943702697754
13255	orientation_diff	277.34030532836914	185.8614501953125
13256	orientation_diff	277.836483001709	186.18319702148438
13259	orientation_diff	283.1831283569336	182.49799346923828
13260	orientation_diff	283.8103828430176	184.78550720214844
13326	orientation_diff	766.8136177062988	194.42502975463867
13330	orientation_diff	765.5406951904297	200.09233474731445
13345	orientation_diff	705.1562919616699	231.8483715057373
13346	orientation_diff	695.8612785339355	222.898286819458
13348	orientation_diff	666.4341945648193	233.19834899902344
13349	orientation_diff	656.1969680786133	252.3748550415039
13350	orientation_diff	651.6344451904297	265.81522369384766
13351	orientation_diff	648.1360397338867	273.6783638000488
13352	orientation_diff	645.0852203369141	277.8501720428467
13353	orientation_diff	644.5580558776855	278.3494510650635
13354	orientation_diff	640.831413269043	276.7083396911621
13359	position_diff	646.0929985046387	255.821044921875
13360	position_diff	646.3246326446533	254.9181318283081
13361	position_diff	646.2474212646484	255.21910285949707
13362	position_diff	646.1702098846436	255.52007389068604
13363	position_diff	646.4018440246582	254.61716079711914
13368	orientation_diff	656.0129699707031	249.2951602935791
13615	orientation_diff	787.0813407897949	199.40158081054688
13620	orientation_diff	165.81009674072266	408.99863052368164
13622	orientation_diff	168.7860221862793	408.08282470703125
13623	orientation_diff	163.08489990234375	410.3120307922363
13626	orientation_diff	167.55413436889648	412.29454803466797
13627	orientation_diff	167.22900772094727	411.8647270202637
13628	orientation_diff	167.73466873168945	413.81400299072266
13629	orientation_diff	167.32944107055664	414.4041290283203
13630	orientation_diff	169.6770248413086	413.6197967529297
13631	orientation_diff	169.99042510986328	413.8663864135742
13632	orientation_diff	170.17642974853516	413.7647590637207
13634	orientation_diff	175.11176681518555	422.54579162597656
13635	orientation_diff	177.4364891052246	422.8532600402832
13636	orientation_diff	180.53599548339844	426.18620681762695
13637	orientation_diff	176.88639068603516	423.11326599121094
13638	orientation_diff	181.11298751831055	424.3321723937988
13639	orientation_diff	187.90115356445312	424.88366317749023
13640	orientation_diff	187.90457916259766	427.6377258300781
13641	orientation_diff	186.34029388427734	427.819034576416
13642	orientation_diff	190.34314727783203	430.3113498687744
13643	orientation_diff	187.80369567871094	430.66125297546387
13644	orientation_diff	188.2292137145996	430.9316158294678
13645	orientation_diff	188.9988555908203	430.1842956542969
13646	orientation_diff	191.6962547302246	432.3979034423828
13647	orientation_diff	194.7153434753418	434.1166076660156
13648	orientation_diff	200.81700897216797	432.63636779785156
13651	orientation_diff	220.3818130493164	248.26395416259766
13652	orientation_diff	218.49071502685547	247.6183738708496
13654	orientation_diff	784.443977355957	799.9745216369629
13655	orientation_diff	224.33685684204102	253.20182418823242
13656	orientation_diff	783.6575012207031	797.040958404541
13657	orientation_diff	782.0036659240723	796.8197154998779
13658	orientation_diff	784.6502532958984	796.6373348236084
13659	orientation_diff	779.1111755371094	794.4827079772949
13660	orientation_diff	777.0198059082031	793.1872177124023
13661	orientation_diff	227.42935943603516	252.36799240112305
13662	orientation_diff	229.26493072509766	254.4786262512207
13663	orientation_diff	770.1494579315186	793.8426494598389
13664	orientation_diff	233.75732803344727	258.6347465515137
13665	orientation_diff	236.0904769897461	264.2031898498535
13666	orientation_diff	237.72090911865234	264.7195854187012
13667	orientation_diff	240.67678451538086	267.5062561035156
13668	orientation_diff	761.4590530395508	786.6187915802002
13669	orientation_diff	756.5022068023682	791.6037330627441
13670	orientation_diff	753.7678909301758	789.6654624938965
13714	orientation_diff	889.7414703369141	507.52540588378906
13723	orientation_diff	884.1524772644043	508.5411891937256
13724	orientation_diff	883.5498886108398	509.35711669921875
13725	orientation_diff	882.8410797119141	509.63122940063477
13726	orientation_diff	883.7837867736816	508.67053985595703
13727	orientation_diff	880.9415473937988	507.68994522094727
13728	orientation_diff	880.4082832336426	509.8919486999512
13729	orientation_diff	879.178897857666	508.93725967407227
13730	orientation_diff	878.4814300537109	508.04538345336914
13731	orientation_diff	878.1652641296387	507.95190811157227
13732	orientation_diff	874.7828559875488	511.7850818634033
13733	orientation_diff	871.5450839996338	512.5860290527344
13734	orientation_diff	872.9819889068604	514.9361743927002
13735	orientation_diff	869.4198226928711	516.4521141052246
13736	orientation_diff	863.6643314361572	518.5203247070312
13737	orientation_diff	865.222002029419	516.4629325866699
13740	orientation_diff	863.6144351959229	516.3397026062012
13788	orientation_diff	907.7320976257324	626.7495155334473
13789	orientation_diff	904.9192752838135	625.2134552001953
13790	orientation_diff	906.6198043823242	625.7001571655273
13791	orientation_diff	905.8178443908691	625.6970863342285
13977	orientation_diff	564.8124198913574	200.04061889648438
13978	orientation_diff	564.4219932556152	199.45886611938477
13984	orientation_diff	567.8220367431641	203.33449935913086
13985	orientation_diff	565.8401908874512	204.50861740112305
13986	orientation_diff	565.1032485961914	204.15732955932617
14004	position_diff	569.0697746276855	204.03889846801758
14005	position_diff	566.4939708709717	205.1520538330078
14006	position_diff	566.9364395141602	202.79928588867188
14007	position_diff	565.4451580047607	201.84426307678223
14008	position_diff	564.0432395935059	204.66225814819336
14011	position_diff	562.4285202026367	203.82955932617188
14012	position_diff	566.6228923797607	201.19775772094727
14013	position_diff	567.610408782959	200.63558959960938
14014	position_diff	569.6364402770996	202.2596778869629
14015	position_diff	566.8797569274902	203.2406349182129
14016	position_diff	565.9735832214355	207.06726837158203
14017	position_diff	570.446985244751	214.96844482421875
14018	position_diff	570.3885498046875	214.38015747070312
14019	position_diff	572.5435333251953	212.51383209228516
14020	position_diff	567.6978416442871	207.1717987060547
14021	position_diff	568.1335792541504	202.34152603149414
14023	position_diff	567.2620544433594	205.38906860351562
14024	position_diff	568.319543838501	204.20966720581055
14025	position_diff	565.3361167907715	207.35457229614258
14026	position_diff	565.3785095214844	205.30746459960938
14027	orientation_diff	561.1262741088867	206.85636138916016
14028	position_diff	562.7114753723145	206.15425491333008
14029	position_diff	560.964412689209	206.71488189697266
14030	position_diff	560.4661750793457	206.25095748901367
14031	orientation_diff	562.0699157714844	209.59630966186523
14032	orientation_diff	565.1177253723145	209.8970184326172
14033	orientation_diff	558.5970268249512	208.7492446899414
14034	orientation_diff	559.6746406555176	206.2221450805664
14057	orientation_diff	882.463981628418	488.02589416503906
14058	orientation_diff	881.8297805786133	490.14057540893555
14060	orientation_diff	882.4712142944336	492.6802558898926
14061	orientation_diff	884.0157432556152	495.0937690734863
14063	orientation_diff	881.2090148925781	496.2638130187988
14064	orientation_diff	882.3870658874512	496.8711967468262
14065	orientation_diff	881.4668731689453	495.7713317871094
14066	orientation_diff	881.9514541625977	499.25085830688477
14070	orientation_diff	879.2069892883301	501.65429306030273
14071	orientation_diff	879.0079154968262	498.77636337280273
14073	orientation_diff	875.9200439453125	498.7987289428711
14074	orientation_diff	877.5876979827881	495.9600067138672
14075	orientation_diff	877.2127094268799	491.24770736694336
14076	orientation_diff	877.9919853210449	489.8189277648926
14077	orientation_diff	877.9052352905273	488.11574935913086
14078	orientation_diff	874.854061126709	491.07909393310547
14079	orientation_diff	878.2266674041748	490.0735549926758
14080	orientation_diff	876.6098365783691	492.5465316772461
14081	orientation_diff	870.8495998382568	492.59798431396484
14082	orientation_diff	870.2005519866943	491.7588005065918
14083	orientation_diff	870.744348526001	489.47920989990234
14084	orientation_diff	867.3603420257568	489.63824462890625
14085	orientation_diff	458.2895736694336	120.64660263061523
14086	orientation_diff	458.35809326171875	121.10074234008789
14087	orientation_diff	458.87460708618164	122.67361068725586
14088	orientation_diff	457.76288986206055	124.09464263916016
14090	orientation_diff	463.03600311279297	124.2450942993164
14091	orientation_diff	462.14085388183594	124.83325958251953
14092	orientation_diff	460.1027374267578	131.10461807250977
14093	orientation_diff	461.28802490234375	133.4706687927246
14094	orientation_diff	460.5119438171387	136.07940292358398
14095	orientation_diff	462.2053756713867	133.3805046081543
14096	orientation_diff	461.1073799133301	135.58115768432617
14097	orientation_diff	461.1388969421387	134.04768753051758
14104	orientation_diff	463.8430938720703	131.58226776123047
14105	orientation_diff	462.1344680786133	131.39427185058594
14106	orientation_diff	463.5703315734863	130.71825408935547
14113	orientation_diff	457.93277740478516	140.01681518554688
14114	orientation_diff	459.75566959381104	143.66043663024902
14115	orientation_diff	459.14803886413574	142.44589614868164
14116	orientation_diff	458.54040813446045	141.23135566711426
14117	orientation_diff	460.3633003234863	144.8749771118164
14118	orientation_diff	458.5777587890625	144.95721054077148
14119	orientation_diff	455.88659286499023	143.61297607421875
14171	position_diff	514.0624580383301	162.06963348388672
14211	orientation_diff	471.2981948852539	179.6611671447754
14212	orientation_diff	472.35623931884766	178.7630157470703
14213	orientation_diff	474.8603057861328	181.97690200805664
14214	orientation_diff	477.0677032470703	177.91337776184082
14223	orientation_diff	480.13304138183594	165.84682083129883
14229	orientation_diff	463.05079650878906	167.43885040283203
14233	orientation_diff	443.5478706359863	164.6844024658203
14238	orientation_diff	440.17737579345703	165.9141387939453
14247	orientation_diff	437.4939498901367	170.0182762145996
14248	orientation_diff	435.566837310791	163.9732894897461
14249	orientation_diff	432.9439277648926	157.84535598754883
14320	orientation_diff	251.14433670043945	233.51037979125977
14321	orientation_diff	253.3951530456543	233.06419372558594
14322	orientation_diff	253.40851593017578	231.59003448486328
14323	orientation_diff	253.8910903930664	229.00416946411133
14324	orientation_diff	253.51963424682617	230.8447380065918
14325	orientation_diff	256.66397857666016	228.82738494873047
14327	orientation_diff	249.35865020751953	235.7798194885254
14328	orientation_diff	251.9139633178711	237.28765869140625
14329	orientation_diff	257.025577545166	235.8826560974121
14330	orientation_diff	257.8438301086426	234.8285675048828
14331	orientation_diff	255.19114303588867	239.55963897705078
14332	orientation_diff	260.2005195617676	237.14562606811523
14333	position_diff	758.1407318115234	815.5256118774414
14334	orientation_diff	259.8970832824707	237.21835327148438
14335	orientation_diff	260.97261810302734	237.16531372070312
14336	orientation_diff	262.2630615234375	237.4403839111328
14337	orientation_diff	264.83813095092773	237.87958908081055
14338	orientation_diff	264.12410736083984	236.9051513671875
14339	orientation_diff	265.09274673461914	236.6676902770996
14340	orientation_diff	262.3022689819336	238.21163940429688
14341	orientation_diff	262.57289123535156	239.36039352416992
14342	orientation_diff	262.33609771728516	241.5121192932129
14343	orientation_diff	262.5467338562012	239.51960372924805
14344	orientation_diff	264.165771484375	241.49115753173828
14345	orientation_diff	264.889461517334	243.2015724182129
14346	orientation_diff	270.0148620605469	246.8498764038086
14347	orientation_diff	271.75436782836914	247.6543960571289
14348	orientation_diff	270.0915718078613	247.2684440612793
14349	orientation_diff	271.7059669494629	248.6278839111328
14350	orientation_diff	276.3070602416992	248.66400527954102
14351	orientation_diff	275.5972709655762	249.2310905456543
14352	orientation_diff	274.5888442993164	247.86806106567383
14353	orientation_diff	757.8532581329346	794.5520858764648
14354	orientation_diff	277.16978454589844	247.02501678466797
14355	orientation_diff	280.10879135131836	250.04867935180664
14356	orientation_diff	280.44583892822266	250.2706756591797
14357	orientation_diff	283.6087303161621	249.07314682006836
14358	orientation_diff	755.325439453125	802.3344993591309
14359	orientation_diff	755.8882465362549	802.1799354553223
14360	orientation_diff	756.1016292572021	802.5185394287109
14361	orientation_diff	756.2190742492676	802.4516067504883
14362	orientation_diff	756.5256195068359	802.5585899353027
14363	orientation_diff	287.77154541015625	255.47622299194336
14364	orientation_diff	756.195520401001	801.3751945495605
14365	orientation_diff	756.3581161499023	801.6506271362305
14366	orientation_diff	755.84619140625	801.5932884216309
14367	orientation_diff	754.891881942749	801.5017280578613
14368	orientation_diff	754.5871028900146	801.4008407592773
14369	orientation_diff	754.3395023345947	801.0875129699707
14370	orientation_diff	753.2928714752197	800.8730659484863
14371	orientation_diff	752.6018390655518	800.2726821899414
14372	orientation_diff	752.2316188812256	798.7219734191895
14373	orientation_diff	753.9052219390869	794.6159114837646
14374	orientation_diff	751.2370853424072	793.6745910644531
14375	orientation_diff	750.369047164917	791.6558837890625
14376	orientation_diff	751.7965316772461	789.2121391296387
14377	orientation_diff	752.3416137695312	787.7733325958252
14378	orientation_diff	751.0181846618652	785.0335025787354
14379	orientation_diff	747.3757476806641	782.4109878540039
14380	orientation_diff	748.0407295227051	781.663896560669
14381	orientation_diff	744.7989978790283	782.6113986968994
14382	orientation_diff	147.0585594177246	481.61925888061523
14383	orientation_diff	149.21675872802734	477.6610221862793
14384	orientation_diff	149.55136108398438	479.9590721130371
14385	orientation_diff	149.8334732055664	480.17070388793945
14386	orientation_diff	149.69784927368164	480.48692512512207
14387	orientation_diff	149.83305740356445	482.0232849121094
14388	orientation_diff	152.83249282836914	477.732084274292
14389	orientation_diff	152.8730697631836	482.09806060791016
14390	orientation_diff	153.73291778564453	482.3580436706543
14391	orientation_diff	155.7119140625	482.6983947753906
14392	orientation_diff	156.72076416015625	483.18316650390625
14393	orientation_diff	157.72091674804688	483.03672981262207
14394	orientation_diff	158.16789627075195	481.9401664733887
14395	orientation_diff	154.74880981445312	483.3775177001953
14396	orientation_diff	158.35785293579102	481.57257080078125
14397	orientation_diff	158.18398666381836	481.56783294677734
14398	orientation_diff	155.68116760253906	484.68470764160156
14399	orientation_diff	160.03005981445312	480.43410873413086
14400	orientation_diff	164.0375518798828	476.9141426086426
14401	orientation_diff	163.1847915649414	477.2954750061035
14402	orientation_diff	161.3363494873047	480.731014251709
14403	orientation_diff	163.9226837158203	480.5440330505371
14404	orientation_diff	167.69400024414062	481.66272735595703
14432	orientation_diff	275.6168785095215	207.26411056518555
14433	orientation_diff	274.1029968261719	209.10762405395508
14434	orientation_diff	274.2340202331543	208.43846893310547
14435	orientation_diff	275.532470703125	212.3123435974121
14436	orientation_diff	276.0998954772949	212.51800537109375
14437	orientation_diff	276.18132400512695	210.94801330566406
14438	orientation_diff	276.83216094970703	212.72843170166016
14439	orientation_diff	273.7840232849121	215.6533432006836
14440	orientation_diff	275.0594291687012	216.36461639404297
14441	orientation_diff	274.1814956665039	217.4493637084961
14442	orientation_diff	276.55688858032227	213.01290130615234
14443	orientation_diff	276.30567932128906	213.66289901733398
14444	orientation_diff	276.7214660644531	213.27771759033203
14445	orientation_diff	281.7378959655762	220.3976287841797
14447	orientation_diff	280.8626899719238	218.24498748779297
14448	orientation_diff	277.71035385131836	213.56583786010742
14449	orientation_diff	278.5742950439453	212.85443496704102
14450	orientation_diff	283.5803680419922	217.24302291870117
14451	orientation_diff	286.0124740600586	221.25262451171875
14452	orientation_diff	285.7658271789551	221.98270797729492
14453	orientation_diff	288.4806480407715	223.0468978881836
14594	orientation_diff	850.5039863586426	669.5548706054688
14595	orientation_diff	849.805061340332	670.1121940612793
14596	orientation_diff	847.2041091918945	665.5478134155273
14597	orientation_diff	847.0164642333984	667.3059272766113
14598	orientation_diff	845.3944206237793	667.0105628967285
14599	orientation_diff	842.4351024627686	662.1463279724121
14600	orientation_diff	841.2396488189697	664.2839088439941
14601	orientation_diff	838.3732490539551	664.4230861663818
14602	orientation_diff	835.5068492889404	664.5622634887695
14613	orientation_diff	821.2768840789795	663.5617523193359
14650	orientation_diff	288.96199798583984	184.44232559204102
14651	orientation_diff	289.2357063293457	185.01273345947266
14652	orientation_diff	288.61535263061523	185.0820655822754
14653	orientation_diff	287.8259620666504	182.59146881103516
14659	orientation_diff	285.7042007446289	182.9512939453125
14660	orientation_diff	909.6007652282715	410.38906478881836
14661	orientation_diff	287.94477462768555	188.86344528198242
14662	orientation_diff	189.90561294555664	362.9793930053711
14663	orientation_diff	906.5248279571533	399.3156852722168
14664	orientation_diff	904.6022415161133	398.6142883300781
14665	orientation_diff	904.6103610992432	394.07189559936523
14666	orientation_diff	904.5864219665527	396.15546798706055
14667	orientation_diff	903.9761581420898	404.87575912475586
14668	orientation_diff	903.6697540283203	406.13843154907227
14669	orientation_diff	902.6893253326416	402.74920654296875
14671	orientation_diff	902.618293762207	408.9850730895996
14672	orientation_diff	903.730152130127	403.41098403930664
14673	orientation_diff	902.8577613830566	407.1258125305176
14674	orientation_diff	901.7554969787598	405.02489471435547
14675	orientation_diff	903.7708549499512	403.7229309082031
14676	orientation_diff	903.6381130218506	403.84133529663086
14679	orientation_diff	296.56232833862305	195.8038101196289
14683	orientation_diff	897.2267417907715	400.97713470458984
14685	orientation_diff	892.3070068359375	400.05510330200195
14717	position_diff	325.49649810791016	261.20753033955896
14718	orientation_diff	374.26007080078125	319.8587646484375
14719	orientation_diff	390.22868728637695	309.7702941894531
14833	orientation_diff	282.5536651611328	808.6702880859375
14835	orientation_diff	285.1179733276367	804.2205715179443
14836	orientation_diff	284.6652526855469	803.7188205718994
14837	orientation_diff	286.3039321899414	803.7744808197021
14838	orientation_diff	283.57379150390625	800.9469089508057
14839	orientation_diff	283.4862365722656	801.4295825958252
14840	orientation_diff	285.09984588623047	800.5697135925293
14841	orientation_diff	286.75115966796875	800.3998012542725
14842	orientation_diff	285.7247657775879	799.9542617797852
14843	orientation_diff	286.25706481933594	799.3694038391113
14844	orientation_diff	286.97607803344727	800.078742980957
14845	orientation_diff	286.4818534851074	798.3756523132324
14846	orientation_diff	288.748291015625	795.2692375183105
14847	orientation_diff	229.79755020141602	271.11184310913086
14848	orientation_diff	230.07307815551758	267.7374725341797
14849	orientation_diff	228.35356903076172	266.4817123413086
14850	orientation_diff	286.58177185058594	791.3923721313477
14851	orientation_diff	230.14059448242188	267.8026313781738
14852	orientation_diff	232.44548797607422	269.56553649902344
14853	orientation_diff	288.6471748352051	787.5717010498047
14854	orientation_diff	294.5114059448242	780.1552124023438
14855	orientation_diff	237.69011306762695	269.31350326538086
14856	orientation_diff	239.94058990478516	275.5807571411133
14857	orientation_diff	240.6830234527588	279.1643486022949
14858	orientation_diff	247.00505828857422	279.6164970397949
14859	orientation_diff	246.6789894104004	286.9005432128906
14860	orientation_diff	245.51440302530926	288.5345586140951
14861	orientation_diff	246.09669621785486	287.7175509134928
14862	orientation_diff	244.93210983276367	289.35156631469727
14863	orientation_diff	246.07958221435547	289.8935546875
14864	orientation_diff	246.90224075317383	288.3394775390625
14865	orientation_diff	246.00185012817383	291.4921226501465
14866	orientation_diff	245.89497756958008	291.4541358947754
14867	orientation_diff	245.1171646118164	292.7188529968262
14868	orientation_diff	246.57333946228027	292.9425296783447
14869	orientation_diff	248.02951431274414	293.1662063598633
14870	orientation_diff	247.34482192993164	291.54566192626953
14871	orientation_diff	250.2092056274414	293.42618560791016
14872	orientation_diff	891.3140182495117	588.5715293884277
14925	orientation_diff	388.2000503540039	109.95068740844727
14928	orientation_diff	388.373291015625	107.9559211730957
14932	orientation_diff	391.37281703948975	115.96603012084961
14935	orientation_diff	392.11094665527344	118.42723846435547
14938	position_diff	391.8116226196289	120.35678958892822
14941	orientation_diff	392.3045234680176	123.45913314819336
14942	orientation_diff	392.0876045227051	126.3984375
14945	orientation_diff	396.19075775146484	130.7805290222168
14946	orientation_diff	395.38258361816406	131.29648208618164
14947	orientation_diff	394.82848739624023	133.87570571899414
14948	orientation_diff	393.083438873291	133.511962890625
14949	orientation_diff	396.8077087402344	136.1337776184082
14950	orientation_diff	351.6763687133789	158.99962997436523
14951	orientation_diff	395.5117988586426	133.72333145141602
14952	orientation_diff	347.29135513305664	162.61152267456055
14953	orientation_diff	400.2544937133789	132.64122772216797
14954	orientation_diff	341.0947952270508	168.05017471313477
14955	orientation_diff	340.6913356781006	169.5042610168457
14956	orientation_diff	346.9910469055176	173.81285095214844
14957	orientation_diff	398.7761878967285	133.40188598632812
14958	orientation_diff	341.1689262390137	170.93740844726562
14959	orientation_diff	340.3181972503662	172.6705665588379
14960	orientation_diff	339.8600540161133	175.7383041381836
14961	orientation_diff	340.6626148223877	176.58974075317383
14962	orientation_diff	341.36555671691895	177.62771224975586
14963	orientation_diff	343.1220703125	176.37167358398438
14964	orientation_diff	343.566951751709	173.54256439208984
14965	orientation_diff	340.10040283203125	172.41461563110352
14966	orientation_diff	340.8109703063965	169.6049690246582
14967	orientation_diff	340.50586700439453	171.11041259765625
14976	orientation_diff	329.6798095703125	172.81854248046875
15010	orientation_diff	387.2632255554199	142.01947402954102
15011	orientation_diff	387.54496002197266	140.34909057617188
15012	orientation_diff	389.12213134765625	142.02321243286133
15013	orientation_diff	387.2744598388672	141.45995712280273
15017	orientation_diff	389.7968215942383	128.4282341003418
15018	orientation_diff	389.81348419189453	126.93708419799805
15019	orientation_diff	392.00138092041016	127.1416130065918
15048	orientation_diff	178.11585235595703	361.8262062072754
15050	orientation_diff	182.88168334960938	371.3390350341797
15056	orientation_diff	193.30962371826172	382.0004119873047
15057	orientation_diff	196.16909790039062	378.0658988952637
15102	orientation_diff	488.69272232055664	183.03358268737793
15103	orientation_diff	474.02701568603516	168.03878784179688
15107	orientation_diff	443.47677993774414	135.82822036743164
15108	orientation_diff	440.4489974975586	138.79651260375977
15117	orientation_diff	493.37224197387695	143.5067081451416
15122	orientation_diff	866.5721321105957	388.9886054992676
15124	orientation_diff	865.3688621520996	391.4866638183594
15125	orientation_diff	866.4350624084473	390.7194137573242
15126	orientation_diff	867.2766494750977	390.1200180053711
15127	orientation_diff	864.3484992980957	390.16634368896484
15128	orientation_diff	865.6461334228516	390.2422904968262
15129	orientation_diff	866.466236114502	391.66944122314453
15130	orientation_diff	866.2576904296875	392.5489273071289
15131	orientation_diff	864.9192886352539	392.17267990112305
15132	orientation_diff	865.4011116027832	395.6505012512207
15133	orientation_diff	864.7072448730469	391.82480239868164
15134	orientation_diff	864.3975143432617	392.0110893249512
15135	orientation_diff	862.8818435668945	392.2394714355469
15136	orientation_diff	861.8288803100586	394.3494567871094
15137	orientation_diff	860.6202278137207	395.8958549499512
15138	orientation_diff	862.2049293518066	393.7053413391113
15139	orientation_diff	860.9856491088867	393.10020446777344
15140	orientation_diff	862.5383224487305	395.6029815673828
15141	orientation_diff	862.3212413787842	394.6657943725586
15142	orientation_diff	862.568826675415	394.7935371398926
15143	orientation_diff	861.7146415710449	397.5762634277344
15144	orientation_diff	860.2703971862793	398.6834487915039
15145	orientation_diff	858.5604705810547	399.6376419067383
15146	orientation_diff	859.1611442565918	402.0604667663574
15147	orientation_diff	854.686674118042	399.6149597167969
15148	orientation_diff	849.4976711273193	402.36663818359375
15149	orientation_diff	847.3696632385254	401.70129013061523
15150	orientation_diff	846.3884220123291	403.78989028930664
15151	orientation_diff	847.0987796783447	401.00984954833984
15152	orientation_diff	844.6273651123047	405.5222930908203
15153	orientation_diff	841.8104114532471	404.5503616333008
15154	orientation_diff	839.4608001708984	398.50059509277344
15155	orientation_diff	837.8544769287109	395.7279510498047
15256	orientation_diff	254.69625091552734	197.4580192565918
15264	orientation_diff	267.2816734313965	188.55744552612305
15265	orientation_diff	268.67492294311523	191.89720916748047
15266	orientation_diff	271.74549865722656	199.57227325439453
15281	position_diff	372.2752812703451	180.99833424886066
15303	position_diff	248.47296969095868	435.70931688944495
15304	wrong_count	nan	nan
15305	wrong_count	nan	nan
15306	wrong_count	nan	nan
15307	wrong_count	nan	nan
15308	wrong_count	nan	nan
15309	position_diff	271.9105033874512	454.52928161621094
15310	position_diff	276.0482654571533	455.1937561035156
15311	position_diff	277.0780658721924	453.54466247558594
15312	position_diff	279.7237796783447	454.3453025817871
15313	position_diff	280.8127212524414	456.21553802490234
15314	position_diff	280.0039749145508	456.021427154541
15315	position_diff	280.5151653289795	458.097599029541
15316	position_diff	280.59382820129395	463.0712585449219
15317	position_diff	280.099853515625	462.2507514953613
15318	position_diff	278.4424114227295	459.72075271606445
15319	position_diff	272.8086738586426	452.30954360961914
15320	position_diff	253.65169803912823	463.21662932175855
15321	position_diff	272.052490234375	453.7528381347656
15322	position_diff	252.90361756544846	464.72102854802057
15323	position_diff	252.52957732860858	465.4732281611516
15324	position_diff	269.9992790222168	462.4676151275635
15325	position_diff	265.7714385986328	466.4749355316162
15326	position_diff	264.72853088378906	470.5642967224121
15327	orientation_diff	272.38321685791016	470.2782325744629
15393	position_diff	141.67744827270508	562.7933731079102
15396	orientation_diff	151.49553680419922	558.8043823242188
15397	orientation_diff	154.82191848754883	557.1682052612305
15398	orientation_diff	153.44770050048828	556.6406631469727
15399	orientation_diff	157.69793701171875	555.0456695556641
15402	orientation_diff	158.82812118530273	553.6794471740723
15403	orientation_diff	159.9638786315918	551.8687591552734
15405	orientation_diff	156.3394889831543	549.7992782592773
15406	orientation_diff	157.59040451049805	550.835018157959
15408	orientation_diff	157.7089080810547	550.0756092071533
15411	orientation_diff	162.74270629882812	552.578577041626
15413	orientation_diff	167.0835189819336	553.2638359069824
15415	orientation_diff	168.67162322998047	553.3103446960449
15417	orientation_diff	177.15202713012695	559.8679084777832
15418	orientation_diff	262.2320137023926	773.9675140380859
15419	orientation_diff	262.4316101074219	768.2222862243652
15420	orientation_diff	182.1471710205078	563.9488945007324
15421	orientation_diff	186.59859466552734	563.8937492370605
15422	orientation_diff	194.95993423461914	561.4723472595215
15424	orientation_diff	199.13970565795898	562.3913955688477
15425	orientation_diff	199.1612205505371	564.9873580932617
15429	orientation_diff	264.7450180053711	771.0670108795166
15430	orientation_diff	229.0878143310547	229.76799774169922
15431	orientation_diff	270.4770622253418	768.287727355957
15433	orientation_diff	274.7633514404297	767.4725036621094
15434	orientation_diff	277.20098876953125	770.0504722595215
15435	orientation_diff	270.4692611694336	766.1190528869629
15436	orientation_diff	273.8250923156738	765.0366592407227
15437	orientation_diff	272.0985412597656	765.3144607543945
15438	orientation_diff	274.72666931152344	763.9523086547852
15439	orientation_diff	275.6617622375488	763.1745491027832
15440	orientation_diff	283.0063171386719	771.2021293640137
15441	orientation_diff	278.11734771728516	766.3208541870117
15442	orientation_diff	236.48564529418945	248.21684646606445
15443	position_diff	233.71892166137695	245.99942207336426
15444	position_diff	234.02202606201172	247.98411178588867
15445	position_diff	232.23377227783203	246.03848838806152
15446	position_diff	233.04737663269043	246.4877529144287
15447	position_diff	233.08168029785156	248.8205108642578
15448	position_diff	232.75076293945312	248.5719871520996
15449	orientation_diff	287.1278991699219	753.2407341003418
15450	orientation_diff	285.5841407775879	751.248363494873
15451	position_diff	234.35160446166992	252.78782272338867
15452	position_diff	233.0716209411621	251.8254795074463
15453	orientation_diff	236.08248901367188	256.2843933105469
15504	orientation_diff	859.9717445373535	378.96100997924805
15505	orientation_diff	864.0264167785645	378.8533821105957
15506	orientation_diff	860.5136623382568	380.6874008178711
15509	position_diff	857.815258026123	372.80162811279297
15510	orientation_diff	860.0777759552002	374.07791900634766
15511	orientation_diff	858.7383499145508	378.51369857788086
15512	orientation_diff	860.8200302124023	378.31811141967773
15513	orientation_diff	862.1574783325195	378.1100883483887
15514	orientation_diff	862.2618923187256	379.57582092285156
15515	orientation_diff	857.9578647613525	379.18518829345703
15516	orientation_diff	858.0506362915039	380.5343437194824
15517	orientation_diff	861.5117797851562	383.29337310791016
15518	orientation_diff	862.7771759033203	384.31972885131836
15519	orientation_diff	860.8102149963379	384.14100646972656
15520	orientation_diff	860.0907669067383	387.0224494934082
15521	orientation_diff	859.3713188171387	389.90389251708984
15522	orientation_diff	856.2263431549072	388.85073471069336
15523	orientation_diff	859.7033462524414	390.43367767333984
15524	orientation_diff	856.9340324401855	390.98448944091797
15525	orientation_diff	859.0899906158447	391.7362747192383
15529	orientation_diff	859.4876708984375	392.5103225708008
15530	orientation_diff	856.0657405853271	394.9946632385254
15531	orientation_diff	859.3856773376465	398.42277908325195
15533	orientation_diff	858.9225311279297	405.21471405029297
15534	orientation_diff	857.5492191314697	402.16748428344727
15539	orientation_diff	227.05257415771484	236.99870681762695
15549	orientation_diff	140.95898056030273	583.8605308532715
15551	orientation_diff	144.51715850830078	580.9020195007324
15552	orientation_diff	143.54291152954102	585.5135364532471
15553	orientation_diff	146.2880859375	584.4401550292969
15554	orientation_diff	147.1449432373047	581.1705207824707
15555	orientation_diff	148.5594940185547	585.2054500579834
15556	orientation_diff	149.6705093383789	587.4571590423584
15557	orientation_diff	149.78702545166016	587.6440334320068
15558	orientation_diff	150.0228729248047	586.4628562927246
15559	orientation_diff	152.37288665771484	586.7006378173828
15560	orientation_diff	153.07754516601562	585.4791870117188
15561	orientation_diff	155.54592895507812	586.6938571929932
15562	orientation_diff	157.25522232055664	586.0641860961914
15563	orientation_diff	158.76697540283203	580.5139617919922
15564	orientation_diff	158.84645080566406	584.4443550109863
15568	orientation_diff	169.11812591552734	582.0043106079102
15569	orientation_diff	171.8257064819336	589.4935760498047
15570	orientation_diff	181.58618545532227	588.9488182067871
15607	orientation_diff	277.31433868408203	802.203125
15609	orientation_diff	278.5778274536133	804.685375213623
15610	orientation_diff	277.44491958618164	801.6407318115234
15611	orientation_diff	274.4121894836426	801.5230979919434
15612	orientation_diff	276.6016960144043	806.228193283081
15613	orientation_diff	276.2470169067383	804.5919361114502
15614	orientation_diff	276.13267517089844	806.0499496459961
15615	orientation_diff	275.27662658691406	805.5551567077637
15616	orientation_diff	275.65552520751953	805.8881759643555
15617	orientation_diff	277.4286575317383	805.8124809265137
15618	orientation_diff	277.5669136047363	806.9380035400391
15619	orientation_diff	277.79851150512695	806.2053117752075
15620	orientation_diff	278.0301094055176	805.472620010376
15621	orientation_diff	279.4682960510254	803.8709812164307
15622	orientation_diff	280.81186294555664	805.5946769714355
15623	orientation_diff	280.2806816101074	805.181770324707
15624	orientation_diff	281.1392631530762	802.9125080108643
15625	orientation_diff	281.4280090332031	802.659912109375
15626	orientation_diff	282.4916191101074	802.5401782989502
15627	orientation_diff	284.029842376709	801.0459365844727
15628	orientation_diff	284.5992202758789	801.3646507263184
15629	orientation_diff	286.5924835205078	800.1452827453613
15630	orientation_diff	285.59585189819336	800.7549667358398
15631	orientation_diff	287.58911514282227	799.5355987548828
15633	orientation_diff	290.0574722290039	795.4978179931641
15634	orientation_diff	291.5572624206543	794.0075874328613
15635	orientation_diff	288.97818756103516	795.9674873352051
15636	orientation_diff	288.90596771240234	796.6631317138672
15641	orientation_diff	298.75524139404297	796.6595420837402
15676	orientation_diff	536.3835296630859	466.182336807251
15677	orientation_diff	537.1661510467529	473.553165435791
15683	position_diff	519.8720893859863	509.931884765625
15684	orientation_diff	516.4395866394043	495.09751892089844
15685	orientation_diff	517.0113849639893	490.7153387069702
15686	orientation_diff	517.5831832885742	486.333158493042
15687	orientation_diff	524.3692741394043	468.3655529022217
15688	orientation_diff	521.8720817565918	457.444278717041
15689	orientation_diff	525.6067161560059	442.7262268066406
15713	orientation_diff	798.2787170410156	261.49432373046875
15714	orientation_diff	799.6888656616211	262.4916343688965
15715	orientation_diff	798.5065116882324	262.5355987548828
15719	orientation_diff	798.5762481689453	262.47157287597656
15725	orientation_diff	793.2401351928711	259.7014465332031
15726	orientation_diff	793.3387794494629	259.61104583740234
15734	orientation_diff	795.4461784362793	263.9557800292969
15735	orientation_diff	791.4332427978516	270.1475486755371
15739	orientation_diff	786.225061416626	271.77117919921875
15740	orientation_diff	787.337361017863	269.31617991129554
15741	orientation_diff	786.7812112172444	270.5436795552572
15742	orientation_diff	787.8935108184814	268.088680267334
15743	orientation_diff	786.3221607208252	267.26038360595703
15744	orientation_diff	782.3690280914307	269.6970329284668
15772	orientation_diff	507.8913459777832	869.5513153076172
15773	orientation_diff	509.99585342407227	868.806957244873
15774	orientation_diff	504.836483001709	867.5038738250732
15775	orientation_diff	506.19272232055664	866.6582908630371
15776	orientation_diff	502.6848831176758	867.1609363555908
15777	orientation_diff	502.0425682067871	863.4273452758789
15778	orientation_diff	504.9728698730469	862.0957698822021
15779	orientation_diff	503.59910583496094	862.4871025085449
15780	orientation_diff	504.23249435424805	861.7544918060303
15786	orientation_diff	504.8098487854004	857.9536952972412
15846	orientation_diff	483.5149803161621	139.6996955871582
15847	orientation_diff	481.1986885070801	139.18422317504883
15848	orientation_diff	476.00072860717773	145.2331657409668
15849	orientation_diff	475.37091064453125	148.95547485351562
15850	orientation_diff	475.35147857666016	156.45988845825195
15851	orientation_diff	474.77000427246094	159.38945388793945
15852	orientation_diff	475.5916557312012	159.37248611450195
15853	orientation_diff	475.1734275817871	156.5361785888672
15854	orientation_diff	476.9337902069092	160.18213653564453
15855	orientation_diff	478.569091796875	161.90000534057617
15856	orientation_diff	479.0762691497803	161.78549575805664
15857	orientation_diff	481.92182540893555	159.4471893310547
15858	orientation_diff	482.1908874511719	158.38460159301758
15859	orientation_diff	483.48815536499023	168.45428085327148
15860	orientation_diff	481.73770904541016	169.56975173950195
15861	orientation_diff	476.3340263366699	176.3961944580078
15862	orientation_diff	482.8363609313965	173.0240707397461
15863	orientation_diff	480.25978088378906	173.22330856323242
15864	orientation_diff	478.94547271728516	173.9606056213379
15865	orientation_diff	479.8952865600586	182.07272338867188
15866	orientation_diff	478.7007713317871	182.7911605834961
15985	orientation_diff	865.0987758636475	349.611141204834
15986	orientation_diff	864.1334209442139	349.0231132507324
15987	orientation_diff	865.7741107940674	350.2519226074219
15988	orientation_diff	864.4769496917725	347.19317626953125
16037	orientation_diff	156.90866088867188	569.2278594970703
16040	orientation_diff	155.42099380493164	569.5167388916016
16041	orientation_diff	151.7435073852539	571.5219650268555
16043	orientation_diff	412.74283599853516	868.4430408477783
16045	orientation_diff	414.63456535339355	862.8812112808228
16046	orientation_diff	414.1149559020996	860.5255718231201
16047	orientation_diff	412.6742286682129	857.7267913818359
16048	orientation_diff	413.50730895996094	857.6523132324219
16049	orientation_diff	409.8385543823242	854.9875717163086
16050	orientation_diff	409.4455337524414	852.4367961883545
16051	orientation_diff	164.30717086791992	568.153205871582
16052	orientation_diff	164.01019668579102	570.2511177062988
16053	orientation_diff	164.17799377441406	569.5601844787598
16054	orientation_diff	166.68090438842773	570.4279937744141
16055	orientation_diff	166.38489532470703	570.1675643920898
16056	orientation_diff	169.1988182067871	569.0787811279297
16057	orientation_diff	171.01248168945312	570.7039680480957
16058	orientation_diff	177.70050811767578	568.9230842590332
16059	orientation_diff	183.3007049560547	568.0813446044922
16060	orientation_diff	188.01436233520508	568.694766998291
16061	orientation_diff	189.16920471191406	567.1390190124512
16062	orientation_diff	186.46036529541016	569.19873046875
16063	orientation_diff	183.5911636352539	568.7166786193848
16064	orientation_diff	191.0113296508789	568.3099212646484
16065	orientation_diff	189.81834030151367	568.5452499389648
16066	orientation_diff	194.7248077392578	567.3420143127441
16067	orientation_diff	192.52803421020508	566.2671585083008
16068	orientation_diff	194.12207412719727	563.6111335754395
16069	orientation_diff	203.19892501831055	563.1014137268066
16070	orientation_diff	202.27014923095703	558.7385139465332
16071	orientation_diff	203.45015335083008	564.3954582214355
16077	orientation_diff	178.99868774414062	349.290771484375
16078	orientation_diff	180.8598289489746	350.5687370300293
16079	orientation_diff	176.7534637451172	350.31988525390625
16082	orientation_diff	174.78433990478516	348.9021682739258
16108	orientation_diff	548.7048225402832	108.7575912475586
16109	orientation_diff	551.0621528625488	113.08395385742188
16110	orientation_diff	549.1840667724609	112.0101432800293
16111	orientation_diff	548.8240203857422	113.10495376586914
16113	orientation_diff	551.7307395935059	112.20541381835938
16114	orientation_diff	553.4874801635742	111.9608268737793
16115	orientation_diff	545.5130062103271	115.35904693603516
16116	orientation_diff	545.1484184265137	115.63336944580078
16117	orientation_diff	546.0280437469482	113.08333587646484
16118	orientation_diff	545.6480960845947	115.31066131591797
16119	orientation_diff	551.4298286437988	116.32954025268555
16120	orientation_diff	544.4097633361816	117.09360122680664
16122	orientation_diff	550.7704200744629	118.30604934692383
16123	orientation_diff	550.7536125183105	116.6507453918457
16124	orientation_diff	550.783317565918	114.26811218261719
16125	orientation_diff	548.7129020690918	118.39813232421875
16126	orientation_diff	553.2780151367188	121.71197509765625
16127	orientation_diff	554.5000381469727	125.20282363891602
16128	orientation_diff	548.5974750518799	127.53432846069336
16129	orientation_diff	551.0703926086426	129.32845306396484
16130	orientation_diff	549.5600509643555	132.1353530883789
16131	orientation_diff	540.3798885345459	132.65421295166016
16132	orientation_diff	540.7375640869141	132.24741744995117
16133	orientation_diff	542.1975917816162	132.5751838684082
16134	orientation_diff	544.1345634460449	132.8249855041504
16135	orientation_diff	546.0860366821289	133.40594863891602
16136	orientation_diff	548.1892986297607	134.23632431030273
16137	orientation_diff	550.2925605773926	135.06669998168945
16139	orientation_diff	548.5932807922363	143.9839973449707
16174	position_diff	245.32702255249023	323.7377223968506
16175	position_diff	244.5603141784668	323.1429920196533
16176	position_diff	243.89587783813477	322.8313407897949
16177	position_diff	244.7086524963379	322.52234649658203
16178	position_diff	243.8212013244629	322.36734771728516
16179	position_diff	243.36088180541992	321.4225025177002
16180	position_diff	243.70594787597656	320.66442108154297
16181	position_diff	242.9515266418457	321.09667778015137
16182	position_diff	242.75707626342773	320.1589126586914
16183	position_diff	242.2492561340332	318.8978958129883
16184	position_diff	239.3266658782959	319.73104667663574
16185	position_diff	239.7344970703125	319.2579860687256
16186	position_diff	239.78239250183105	318.227575302124
16187	position_diff	239.54844665527344	316.8948211669922
16188	position_diff	239.46667098999023	316.0616817474365
16189	position_diff	239.95562744140625	315.6505756378174
16190	position_diff	241.51438903808594	315.24755859375
16191	position_diff	241.36387634277344	315.9446792602539
16192	position_diff	241.7974739074707	313.7245559692383
16193	position_diff	239.38563919067383	315.54835319519043
16194	position_diff	240.22969818115234	316.16319274902344
16195	position_diff	238.31963348388672	312.74528884887695
16196	position_diff	241.17494583129883	313.1527156829834
16197	position_diff	241.0126953125	312.75400161743164
16198	orientation_diff	841.0193767547607	694.949104309082
16199	orientation_diff	838.7833099365234	696.9701766967773
16200	orientation_diff	837.6547546386719	693.6342163085938
16201	orientation_diff	834.8950691223145	692.90771484375
16202	orientation_diff	832.1378154754639	696.9103546142578
16203	orientation_diff	830.4929161071777	698.2159271240234
16204	orientation_diff	832.3696670532227	697.0328674316406
16206	orientation_diff	831.2363548278809	705.6677856445312
16284	orientation_diff	179.67530822753906	332.32641983032227
16288	orientation_diff	181.40642929077148	343.6386184692383
16289	orientation_diff	181.55307388305664	345.1299705505371
16290	orientation_diff	178.95671463012695	346.73108673095703
16291	orientation_diff	180.3468132019043	344.99414825439453
16292	orientation_diff	182.75896835327148	350.5404930114746
16293	orientation_diff	183.7518081665039	348.9986915588379
16342	orientation_diff	853.2126293182373	722.9221091270447
16343	orientation_diff	853.1308860778809	722.3645734786987
16345	orientation_diff	853.2943725585938	723.4796447753906
16346	orientation_diff	852.3386535644531	723.7706336975098
16347	orientation_diff	848.3518695831299	725.5000057220459
16348	orientation_diff	846.8806495666504	727.4773197174072
16349	orientation_diff	847.1036186218262	722.2852554321289
16350	orientation_diff	846.0219287872314	723.0238761901855
16351	orientation_diff	844.9653511047363	721.1480522155762
16352	orientation_diff	843.5055503845215	721.3892230987549
16353	orientation_diff	842.4193267822266	720.6857318878174
16354	orientation_diff	840.8689098358154	721.0687923431396
16355	orientation_diff	842.460334777832	720.9995174407959
16356	orientation_diff	842.133903503418	721.4027156829834
16357	orientation_diff	841.7848739624023	721.2513561248779
16358	orientation_diff	841.3677558898926	721.3646011352539
16359	orientation_diff	840.5545845031738	727.5325889587402
16360	orientation_diff	840.8940773010254	729.3735046386719
16361	orientation_diff	838.4872627258301	727.130542755127
16362	orientation_diff	835.5118770599365	726.3332786560059
16364	orientation_diff	828.6512227058411	726.6193828582764
16367	orientation_diff	826.6551170349121	725.8152923583984
16368	orientation_diff	824.5759124755859	726.4987373352051
16369	orientation_diff	817.3844413757324	723.6414985656738
16381	orientation_diff	489.46174240112305	188.10252380371094
16395	orientation_diff	351.9154281616211	149.9383087158203
16396	orientation_diff	352.95813751220703	147.3325653076172
16403	orientation_diff	351.36035919189453	148.70016860961914
16404	orientation_diff	352.5953998565674	148.24705123901367
16405	orientation_diff	353.83044052124023	147.7939338684082
16407	orientation_diff	353.31109619140625	150.55592727661133
16408	orientation_diff	354.63647842407227	152.84914588928223
16409	orientation_diff	355.9618606567383	155.14236450195312
16410	orientation_diff	358.28990173339844	160.00899505615234
16421	orientation_diff	857.6973934173584	374.83968353271484
16422	orientation_diff	859.0677375793457	371.4619026184082
16423	orientation_diff	859.2012329101562	371.5173683166504
16424	orientation_diff	856.355791091919	371.5431480407715
16425	orientation_diff	855.7610969543457	375.3524627685547
16427	orientation_diff	854.3909816741943	376.19606018066406
16428	orientation_diff	854.6605606079102	375.0317687988281
16430	orientation_diff	851.3126068115234	377.6045227050781
16431	orientation_diff	843.069169998169	379.0006866455078
16432	orientation_diff	837.6265621185303	380.43193435668945
16433	orientation_diff	844.0635375976562	385.02919006347656
16434	position_diff	840.9970169067383	381.47513580322266
16436	orientation_diff	740.8706169128418	147.5528221130371
16437	orientation_diff	740.4327850341797	146.47616958618164
16457	orientation_diff	153.55987167358398	567.3780784606934
16463	orientation_diff	153.64512252807617	565.1767997741699
16464	orientation_diff	156.30794525146484	566.6484870910645
16465	orientation_diff	152.99396896362305	565.7872123718262
16466	orientation_diff	157.9024314880371	569.7866554260254
16467	orientation_diff	156.2161102294922	563.5896873474121
16468	orientation_diff	159.8594627380371	563.4873733520508
16470	orientation_diff	159.95796585083008	556.8103485107422
16471	orientation_diff	160.57073211669922	558.6022624969482
16472	orientation_diff	154.130859375	556.5956344604492
16473	orientation_diff	158.7555694580078	556.0412483215332
16475	orientation_diff	158.38137817382812	553.1665725708008
16476	orientation_diff	161.41836547851562	550.7900791168213
16520	orientation_diff	522.8483619689941	92.9495964050293
16521	orientation_diff	524.4535522460938	91.55949783325195
16522	orientation_diff	521.4522113800049	93.03522872924805
16523	orientation_diff	522.0553207397461	92.1744155883789
16530	orientation_diff	524.3270530700684	96.55176162719727
16531	orientation_diff	523.5155792236328	98.21990966796875
16532	orientation_diff	523.3036918640137	97.84432220458984
16547	orientation_diff	497.20423126220703	221.56646347045898
16568	position_diff	496.9468046824137	115.46330388387044
16573	orientation_diff	506.1786298751831	108.7490644454956
16574	position_diff	504.51695442199707	110.00993537902832
16575	position_diff	502.85527896881104	111.27080631256104
16576	position_diff	509.2297019958496	87.82292175292969
16584	orientation_diff	203.69464874267578	260.6671257019043
16585	orientation_diff	204.05551528930664	259.15750885009766
16586	orientation_diff	206.65727615356445	261.6407699584961
16587	orientation_diff	205.44549179077148	267.0016784667969
16591	orientation_diff	206.23924255371094	267.54516220092773
16592	orientation_diff	205.58616638183594	264.39196395874023
16593	orientation_diff	205.24897384643555	265.83951568603516
16594	orientation_diff	205.8371810913086	260.92826080322266
16595	orientation_diff	207.66624450683594	265.8553276062012
16596	orientation_diff	210.05064010620117	263.29236602783203
16597	orientation_diff	210.40723037719727	268.65992736816406
16598	orientation_diff	210.3518943786621	266.89184951782227
16599	orientation_diff	211.78095626831055	271.28699111938477
16621	orientation_diff	209.6819953918457	272.5679702758789
16622	orientation_diff	210.7967185974121	272.1665267944336
16623	orientation_diff	208.7871322631836	268.6155471801758
16626	orientation_diff	209.0082654953003	269.3418960571289
16628	orientation_diff	405.95955657958984	129.00634765625
16633	orientation_diff	401.9959888458252	131.9956283569336
16634	orientation_diff	408.5156135559082	132.4823760986328
16635	orientation_diff	406.2682113647461	136.90078735351562
16636	orientation_diff	405.98563385009766	135.03000259399414
16637	orientation_diff	408.10218811035156	135.52093124389648
16638	position_diff	411.0774917602539	136.29445266723633
16639	orientation_diff	402.0169563293457	139.99941635131836
16640	orientation_diff	401.7273597717285	141.1793975830078
16641	orientation_diff	402.84507942199707	142.9599838256836
16642	orientation_diff	402.4626884460449	145.2297706604004
16643	orientation_diff	407.5235939025879	147.20343017578125
16644	orientation_diff	401.5959758758545	150.3606185913086
16645	orientation_diff	403.5854721069336	152.1564064025879
16646	orientation_diff	404.6629333496094	151.56673049926758
16647	orientation_diff	404.4994773864746	154.14751052856445
16648	orientation_diff	406.0111503601074	157.20170211791992
16649	orientation_diff	403.6759262084961	157.3037872314453
16650	orientation_diff	402.8473377227783	156.8233184814453
16655	orientation_diff	404.21749114990234	157.8046646118164
16656	orientation_diff	400.2190589904785	165.7515640258789
16657	orientation_diff	403.5509605407715	175.67914199829102
16689	orientation_diff	555.091251373291	88.42041778564453
16694	orientation_diff	554.7109832763672	96.83423233032227
16695	orientation_diff	555.0833511352539	96.38692092895508
16696	orientation_diff	554.1040954589844	97.38792419433594
16697	orientation_diff	553.2747535705566	99.2767333984375
16698	orientation_diff	554.9095306396484	99.54265594482422
16699	orientation_diff	552.1535797119141	98.6814193725586
16700	orientation_diff	557.238208770752	97.40267562866211
16701	orientation_diff	555.8740577697754	100.70804977416992
16702	orientation_diff	557.2547721862793	99.40406036376953
16703	orientation_diff	558.3173141479492	101.07157516479492
16704	orientation_diff	560.4190368652344	102.74382019042969
16705	orientation_diff	560.6374969482422	103.28290176391602
16706	orientation_diff	560.5585861206055	104.48185348510742
16707	orientation_diff	560.015064239502	104.59600067138672
16708	orientation_diff	560.7752494812012	105.62580871582031
16709	orientation_diff	565.5137011210124	110.92627207438152
16710	orientation_diff	563.1444753011067	108.2760403951009
16711	orientation_diff	567.882926940918	113.57650375366211
16712	orientation_diff	565.9235763549805	115.80661392211914
16713	orientation_diff	563.5590553283691	118.55793380737305
16715	orientation_diff	560.2195568084717	121.66195678710938
16727	orientation_diff	516.1711263656616	201.71118545532227
16728	orientation_diff	492.24059677124023	199.38560485839844
16761	orientation_diff	186.96906661987305	280.0995178222656
16769	orientation_diff	550.1986541748047	113.90830993652344
16770	orientation_diff	549.3193664550781	114.43052291870117
16776	orientation_diff	188.31631088256836	281.4731750488281
16777	orientation_diff	276.4595642089844	234.92711639404297
16778	orientation_diff	276.8739776611328	235.8543930053711
16779	orientation_diff	540.2883262634277	863.3718223571777
16780	orientation_diff	191.30202865600586	291.7275161743164
16781	orientation_diff	535.396053314209	863.8079032897949
16782	orientation_diff	533.7823753356934	864.1926536560059
16783	orientation_diff	534.878360748291	861.2823753356934
16784	orientation_diff	534.0060710906982	861.7196273803711
16789	orientation_diff	211.04686737060547	306.3780632019043
16790	orientation_diff	534.5627326965332	853.3453521728516
16791	orientation_diff	538.4333953857422	847.2677268981934
16792	orientation_diff	535.6282691955566	844.5223140716553
16793	orientation_diff	536.481559753418	844.9954967498779
16818	orientation_diff	428.63902282714844	214.11393356323242
16819	orientation_diff	428.6259117126465	215.8457374572754
16820	orientation_diff	429.52284240722656	217.20993423461914
16821	orientation_diff	429.6202926635742	217.37540435791016
16822	orientation_diff	430.34627532958984	219.18815231323242
16841	orientation_diff	679.6083450317383	876.7235145568848
16848	orientation_diff	680.6197528839111	880.5390853881836
16849	orientation_diff	492.67259216308594	102.24738311767578
16850	orientation_diff	495.495174407959	104.5307502746582
16851	orientation_diff	492.68798446655273	105.97659683227539
16852	orientation_diff	496.38449478149414	105.49120712280273
16853	orientation_diff	497.54603576660156	102.96395111083984
16854	orientation_diff	496.14572525024414	108.15731048583984
16855	orientation_diff	500.0094680786133	110.46435546875
16856	orientation_diff	500.542423248291	111.10275650024414
16857	orientation_diff	502.02368927001953	112.22105407714844
16858	orientation_diff	497.989559173584	110.51298141479492
16859	orientation_diff	502.59857177734375	114.00831985473633
16860	orientation_diff	502.7287178039551	113.59835433959961
16861	orientation_diff	507.7118453979492	111.26978302001953
16862	orientation_diff	504.842472076416	116.91267395019531
16863	orientation_diff	502.2022705078125	115.9482192993164
16864	orientation_diff	501.3338737487793	120.44084548950195
16865	orientation_diff	501.32231521606445	121.89078903198242
16866	orientation_diff	501.3107566833496	123.34073257446289
16867	orientation_diff	500.31975173950195	124.3705062866211
16868	orientation_diff	498.32759857177734	125.01183700561523
16869	orientation_diff	501.6790428161621	128.7042236328125
16870	orientation_diff	504.3592414855957	135.65103912353516
16871	orientation_diff	501.1272888183594	135.55391693115234
16872	orientation_diff	501.2625312805176	140.79922485351562
16873	orientation_diff	502.2276611328125	145.7826156616211
16874	orientation_diff	502.2146759033203	151.68331909179688
16895	position_diff	262.9319877624512	292.0467974344889
16897	position_diff	256.8344612121582	293.3365898132324
16898	position_diff	256.69487380981445	292.98186111450195
16899	position_diff	253.88450241088867	293.10681915283203
16901	position_diff	260.8460623423258	289.7976964314779
16906	orientation_diff	245.68145751953125	290.24589920043945
16908	orientation_diff	246.8939552307129	291.6544609069824
17008	orientation_diff	713.8035697937012	844.3401222229004
17009	orientation_diff	708.0609550476074	846.5312004089355
17010	orientation_diff	713.7664203643799	846.6962966918945
17011	orientation_diff	711.4201545715332	844.690860748291
17021	orientation_diff	153.3804168701172	548.9685096740723
17023	orientation_diff	151.71702194213867	549.6564788818359
17025	orientation_diff	151.18558502197266	548.8480072021484
17026	orientation_diff	152.67575073242188	551.1979598999023
17027	orientation_diff	153.12645721435547	549.3184814453125
17028	orientation_diff	155.39464569091797	550.7356452941895
17029	orientation_diff	155.3188819885254	550.8763999938965
17030	orientation_diff	151.25138473510742	548.3432693481445
17031	orientation_diff	155.6987075805664	545.723274230957
17034	orientation_diff	165.47805786132812	549.1869354248047
17035	orientation_diff	166.6862907409668	546.4563064575195
17036	orientation_diff	163.9416961669922	544.335391998291
17037	orientation_diff	165.36528396606445	544.0658416748047
17038	orientation_diff	163.37541961669922	542.5851955413818
17039	orientation_diff	169.24701309204102	547.9192543029785
17040	orientation_diff	171.3832550048828	550.1794853210449
17041	orientation_diff	168.31188201904297	545.6669998168945
17044	orientation_diff	172.54619216918945	542.4840850830078
17045	orientation_diff	174.53662872314453	545.8822593688965
17046	orientation_diff	176.3951759338379	544.6860809326172
17047	orientation_diff	179.14141464233398	544.7246208190918
17048	orientation_diff	183.3086814880371	543.2750473022461
17049	orientation_diff	184.07184219360352	542.1479187011719
17050	orientation_diff	190.81182861328125	542.4102897644043
17130	orientation_diff	386.0512237548828	166.69612884521484
17143	orientation_diff	874.2521743774414	690.4054069519043
17144	orientation_diff	873.8874549865723	688.1996536254883
17145	orientation_diff	877.5657234191895	684.494255065918
17146	orientation_diff	870.0371417999268	688.0084915161133
17147	orientation_diff	870.5427551269531	689.4932861328125
17152	orientation_diff	866.6835250854492	681.1274528503418
17153	orientation_diff	860.4081134796143	684.2711982727051
17154	orientation_diff	864.6253547668457	680.9837608337402
17155	orientation_diff	859.9282093048096	683.2568550109863
17156	orientation_diff	860.0924968719482	683.8743667602539
17157	orientation_diff	859.2808132171631	682.4695854187012
17181	orientation_diff	398.0678596496582	840.4610290527344
17182	orientation_diff	398.575382232666	837.2826639811198
17183	orientation_diff	398.3216209411621	838.8718465169271
17184	orientation_diff	398.8291435241699	835.6934814453125
17185	orientation_diff	394.2314167022705	835.8365840911865
17186	orientation_diff	396.5377540588379	834.5619373321533
17187	orientation_diff	396.58110427856445	834.417070388794
17188	orientation_diff	396.3955535888672	833.359188079834
17189	orientation_diff	397.2768745422363	833.2121410369873
17190	orientation_diff	398.1257438659668	831.2407493591309
17191	orientation_diff	400.7088737487793	831.3955268859863
17192	orientation_diff	399.0436668395996	829.408281326294
17193	orientation_diff	399.8385696411133	831.075159072876
17194	orientation_diff	400.90428924560547	829.1522235870361
17195	orientation_diff	404.67252349853516	827.6393718719482
17196	orientation_diff	407.3885498046875	826.1636848449707
17265	orientation_diff	533.7571830749512	900.8011837005615
17266	orientation_diff	536.4725303649902	898.301456451416
17267	orientation_diff	535.5003522237141	897.9151827494303
17268	orientation_diff	535.9864412943523	898.1083196004232
17269	orientation_diff	535.0142631530762	897.7220458984375
17270	orientation_diff	532.8496208190918	893.8441867828369
17271	orientation_diff	533.9540100097656	898.0603790283203
17272	orientation_diff	535.5011405944824	897.2728004455566
17273	orientation_diff	537.4993133544922	896.4379482269287
17274	orientation_diff	536.457820892334	897.1478996276855
17275	orientation_diff	536.7230796813965	897.0483436584473
17276	orientation_diff	536.5988731384277	896.8766613006592
17277	orientation_diff	535.663501739502	900.3563289642334
17278	orientation_diff	532.1998977661133	899.0811347961426
17279	orientation_diff	533.7912406921387	899.3752250671387
17280	orientation_diff	532.3952865600586	899.6613616943359
17281	orientation_diff	529.8187313079834	898.1222305297852
17282	orientation_diff	530.0350322723389	897.0097999572754
17283	orientation_diff	529.9140968322754	895.8634567260742
17284	orientation_diff	529.7508811950684	894.073429107666
17285	orientation_diff	529.6301803588867	894.2934226989746
17286	orientation_diff	529.325008392334	893.6518249511719
17287	orientation_diff	529.2178039550781	892.651912689209
17288	orientation_diff	530.3450927734375	894.8376598358154
17289	orientation_diff	529.2437400817871	891.9553489685059
17290	orientation_diff	530.100830078125	892.906946182251
17291	orientation_diff	529.7044715881348	893.3124504089355
17292	orientation_diff	527.8254241943359	891.5780792236328
17293	orientation_diff	528.1192245483398	891.1427822113037
17294	orientation_diff	530.7597160339355	893.9636192321777
17295	orientation_diff	529.8437652587891	891.9612808227539
17302	orientation_diff	532.759162902832	884.3510971069336
17373	orientation_diff	549.8657646179199	890.0830764770508
17374	orientation_diff	547.9699058532715	891.5971336364746
17400	orientation_diff	161.22454833984375	339.75376892089844
17453	orientation_diff	161.77525329589844	398.17700958251953
17454	orientation_diff	163.79668426513672	405.66551208496094
17536	orientation_diff	522.8378524780273	74.81077194213867
17537	orientation_diff	523.213508605957	74.92771911621094
17549	orientation_diff	525.7063026428223	75.87223434448242
17550	orientation_diff	527.6124649047852	77.66718292236328
17551	orientation_diff	525.8611373901367	80.1629638671875
17559	orientation_diff	616.8291168212891	902.2552528381348
17560	orientation_diff	617.4001350402832	902.1696929931641
17563	orientation_diff	615.1762084960938	895.7433547973633
17564	orientation_diff	613.9801368713379	893.5856399536133
17565	orientation_diff	611.7451210021973	888.8643074035645
17567	orientation_diff	612.0074119567871	876.2956771850586
17577	orientation_diff	607.009220123291	863.8177719116211
17657	orientation_diff	837.5923805236816	358.43420791625977
17658	orientation_diff	839.3734521865845	354.73359298706055
17659	position_diff	841.1545238494873	351.0329780578613
17660	position_diff	844.1862506866455	351.6428680419922
17661	orientation_diff	845.0261650085449	358.81823348999023
17662	orientation_diff	843.9762535095215	358.29796981811523
17663	position_diff	852.4426288604736	355.1789245605469
17664	orientation_diff	847.4312019348145	357.1566925048828
17665	orientation_diff	847.9460353851318	351.8242645263672
17678	orientation_diff	831.5133304595947	363.2461624145508
17679	orientation_diff	830.1413955688477	365.0946807861328
17680	orientation_diff	829.0044059753418	365.2303161621094
17681	orientation_diff	827.8070697784424	366.3924751281738
17682	orientation_diff	828.8923301696777	368.211971282959
17683	orientation_diff	832.1919403076172	367.2389945983887
17684	orientation_diff	826.0472068786621	369.67231369018555
17685	orientation_diff	826.2623329162598	371.2850456237793
17686	orientation_diff	825.3574523925781	371.5727882385254
17687	orientation_diff	824.2103157043457	374.06561279296875
17688	orientation_diff	822.0860137939453	375.4366455078125
17689	orientation_diff	822.5994720458984	379.0319366455078
17690	orientation_diff	822.7115592956543	379.26564025878906
17691	orientation_diff	822.3718299865723	379.882625579834
17692	orientation_diff	822.1885185241699	383.7870788574219
17693	orientation_diff	821.9788856506348	378.9383850097656
17694	orientation_diff	820.6607055664062	378.84616470336914
17695	orientation_diff	182.6311492919922	311.7917022705078
17696	orientation_diff	182.46142196655273	314.524169921875
17697	orientation_diff	180.3792839050293	320.52326583862305
17698	orientation_diff	181.83849334716797	317.4890327453613
17699	orientation_diff	183.92739868164062	318.29419708251953
17700	position_diff	189.2058334350586	300.0532760620117
17701	orientation_diff	185.17140197753906	328.69147872924805
17702	orientation_diff	186.7471866607666	328.5347080230713
17704	orientation_diff	191.6626739501953	329.9050521850586
17705	orientation_diff	195.91883087158203	334.40488052368164
17722	orientation_diff	129.6655387878418	465.24012756347656
17723	orientation_diff	127.9651050567627	464.8516025543213
17724	orientation_diff	126.2646713256836	464.463077545166
17725	orientation_diff	127.40457153320312	469.90849685668945
17726	orientation_diff	126.97927474975586	470.9901580810547
17802	orientation_diff	161.31813049316406	377.2997627258301
17803	orientation_diff	160.4645118713379	378.95762634277344
17812	orientation_diff	621.788257598877	875.5195426940918
17813	orientation_diff	175.26367950439453	381.804874420166
17821	orientation_diff	617.7894668579102	873.9046516418457
17822	orientation_diff	619.1741752624512	878.2538795471191
17823	orientation_diff	619.0435256958008	876.3586769104004
17825	orientation_diff	488.28270721435547	88.87138748168945
17916	orientation_diff	136.86635208129883	378.71072006225586
17917	orientation_diff	136.7823028564453	377.8011665344238
17918	orientation_diff	136.50566482543945	378.8076286315918
17919	orientation_diff	139.9501609802246	376.283504486084
17922	orientation_diff	137.1701889038086	378.07319259643555
17923	orientation_diff	139.02051162719727	376.065185546875
17924	orientation_diff	143.13586044311523	374.66621017456055
17933	orientation_diff	149.31804656982422	379.7169952392578
17934	orientation_diff	151.30116271972656	380.7951965332031
17935	orientation_diff	154.59796142578125	381.6210746765137
18092	orientation_diff	146.86976623535156	457.28793716430664
18096	orientation_diff	153.91646194458008	459.5701446533203
18105	orientation_diff	159.8166618347168	461.78415298461914
18106	orientation_diff	161.00827026367188	464.6148262023926
18107	orientation_diff	160.62696075439453	461.6226272583008
18108	orientation_diff	161.8362808227539	460.1836624145508
18109	orientation_diff	164.56550979614258	457.670711517334
18110	orientation_diff	166.12367248535156	458.6816940307617
18112	orientation_diff	167.16018295288086	460.9701118469238
18114	orientation_diff	163.2787208557129	455.7593173980713
18115	orientation_diff	171.73797607421875	452.022518157959
18144	orientation_diff	417.0925407409668	115.29266357421875
18146	orientation_diff	417.5631980895996	114.3111686706543
18147	orientation_diff	410.2734680175781	118.05207443237305
18148	orientation_diff	415.6462287902832	118.05099868774414
18149	orientation_diff	417.3548393249512	118.83276748657227
18151	orientation_diff	417.618350982666	117.50148010253906
18152	orientation_diff	416.65125274658203	118.89204788208008
18153	orientation_diff	421.74694442749023	120.579345703125
18154	orientation_diff	415.8695583343506	129.84420013427734
18155	orientation_diff	414.6736755371094	136.53306198120117
18156	orientation_diff	412.29612731933594	138.94822692871094
18157	orientation_diff	414.4471664428711	138.1988983154297
18158	orientation_diff	416.59820556640625	137.44956970214844
18159	orientation_diff	416.2566108703613	138.28555297851562
18160	orientation_diff	416.35522079467773	141.5853614807129
18161	orientation_diff	412.71864318847656	143.18523788452148
18183	orientation_diff	623.7270355224609	101.18093872070312
18185	orientation_diff	622.2459678649902	102.64059829711914
18186	orientation_diff	619.9446792602539	102.5011978149414
18189	orientation_diff	620.5990409851074	98.97003936767578
18190	orientation_diff	618.0003776550293	98.0044174194336
18192	orientation_diff	618.4384346008301	100.17361831665039
18193	orientation_diff	617.900556564331	98.6422004699707
18198	orientation_diff	615.2214279174805	103.42202758789062
18199	orientation_diff	614.8897018432617	100.2193717956543
18200	orientation_diff	614.2992553710938	103.24101638793945
18201	orientation_diff	615.6888427734375	102.72395706176758
18202	orientation_diff	611.8808746337891	106.29379653930664
18205	orientation_diff	611.8279914855957	107.94961547851562
18206	orientation_diff	610.4723358154297	108.54171371459961
18305	orientation_diff	143.63640213012695	342.426815032959
18306	orientation_diff	145.47742080688477	340.93737411499023
18307	orientation_diff	145.95202255249023	343.06840896606445
18308	orientation_diff	146.3226776123047	340.3887176513672
18309	orientation_diff	146.82509231567383	341.91016006469727
18311	orientation_diff	146.90010452270508	350.4272117614746
18312	orientation_diff	146.19809341430664	348.1536674499512
18313	orientation_diff	149.02552032470703	344.6242790222168
18314	orientation_diff	149.83577728271484	350.1569366455078
18315	orientation_diff	150.17409896850586	350.2348976135254
18316	orientation_diff	148.52801895141602	345.8462562561035
18318	orientation_diff	154.3244972229004	356.8619155883789
18320	orientation_diff	156.0745849609375	356.7679557800293
18321	orientation_diff	156.92155838012695	357.8312225341797
18439	orientation_diff	235.6232452392578	263.2969055175781
18440	orientation_diff	237.85614395141602	263.1993103027344
18441	orientation_diff	235.57914352416992	264.15579986572266
18442	orientation_diff	237.82787322998047	264.1806755065918
18443	orientation_diff	235.9544906616211	263.0190849304199
18447	orientation_diff	236.55642700195312	265.9047660827637
18453	orientation_diff	236.49320602416992	264.6226234436035
18454	orientation_diff	232.28335189819336	263.3423614501953
18455	orientation_diff	237.56255722045898	262.3916015625
18456	orientation_diff	237.0608838399251	266.89330800374347
18457	orientation_diff	237.31172053019208	264.64245478312176
18458	orientation_diff	236.8100471496582	269.14416122436523
18459	position_diff	245.4583396911621	315.7019901275635
18460	orientation_diff	232.81186294555664	269.68735122680664
18461	orientation_diff	235.83910751342773	268.4010327657064
18462	orientation_diff	234.3254852294922	269.0441919962565
18463	orientation_diff	237.35272979736328	267.75787353515625
18464	orientation_diff	232.95597457885742	268.71260833740234
18465	orientation_diff	233.21788787841797	277.94058990478516
18466	orientation_diff	239.46236419677734	271.38871002197266
18467	orientation_diff	233.74399185180664	276.4490203857422
18468	orientation_diff	236.59573364257812	268.37782287597656
18469	orientation_diff	233.1659927368164	278.8903694152832
18470	orientation_diff	232.3538360595703	279.26506423950195
18479	orientation_diff	242.75677108764648	305.4970016479492
18480	orientation_diff	239.75076293945312	292.37070083618164
18481	orientation_diff	242.83118693033853	305.88725026448566
18482	orientation_diff	242.98001861572266	306.6677474975586
18483	orientation_diff	245.3957977294922	304.2336845397949
18484	position_diff	242.56343460083008	306.2405700683594
18485	orientation_diff	245.9960823059082	305.43033599853516
18671	orientation_diff	237.42730528409365	266.3813013795947
18672	position_diff	237.59661546300669	266.2903354207023
18673	position_diff	243.88697236776352	216.60949176549911
18674	position_diff	237.9352358208328	266.10840350291767
18675	position_diff	238.10454599974585	266.01743754402537
18676	position_diff	238.27385617865892	265.926471585133
18677	position_diff	245.76293820142746	216.95163077116013
18678	position_diff	246.23192965984344	217.03716552257538
18679	position_diff	246.70092111825943	217.12270027399063
18680	position_diff	247.16991257667542	217.20823502540588
18681	position_diff	247.6389040350914	217.29376977682114
18682	position_diff	248.10789549350739	217.3793045282364
18683	position_diff	248.57688695192337	217.46483927965164
18684	position_diff	249.04587841033936	217.5503740310669
18685	position_diff	249.51486986875534	217.63590878248215
18686	position_diff	249.98386132717133	217.7214435338974
18687	position_diff	250.4528527855873	217.80697828531265
18688	position_diff	250.9218442440033	217.8925130367279
18689	position_diff	251.39083570241928	217.97804778814316
18704	orientation_diff	245.94753646850586	256.04821014404297
18723	position_diff	278.9927177429199	229.5111427307129
18863	orientation_diff	260.7767028808594	227.7665672302246
18864	orientation_diff	258.30202865600586	225.42289352416992
18865	orientation_diff	256.9628963470459	224.4688262939453
18939	orientation_diff	264.4919385910034	226.51016998291016
18940	orientation_diff	262.68431282043457	227.74924087524414
18941	orientation_diff	260.8766870498657	228.98831176757812
18942	orientation_diff	266.29956436157227	225.27109909057617
18946	orientation_diff	260.12132263183594	234.13555145263672
18947	orientation_diff	261.8166198730469	233.59803009033203
18948	orientation_diff	261.0889205932617	229.78268814086914
18949	orientation_diff	266.4927520751953	229.44393920898438
18950	orientation_diff	278.9416809082031	227.61402702331543
19052	orientation_diff	147.99866104125977	360.1054573059082
19053	orientation_diff	148.5915985107422	357.86305809020996
19054	orientation_diff	149.89263153076172	357.9113426208496
19055	orientation_diff	150.61648559570312	359.31525802612305
19056	orientation_diff	151.88716888427734	358.5029106140137
19057	orientation_diff	152.09847259521484	362.2819137573242
19058	orientation_diff	154.15541076660156	364.0883102416992
19059	orientation_diff	158.07581901550293	365.1485538482666
19060	orientation_diff	156.76901626586914	364.79513931274414
19061	orientation_diff	155.46221351623535	364.4417247772217
19062	orientation_diff	159.38262176513672	365.50196838378906
19084	orientation_diff	822.8038196563721	404.0564422607422
19089	orientation_diff	822.0569381713867	405.1150016784668
19091	orientation_diff	824.4341239929199	406.4146423339844
19094	position_diff	825.6326751708984	406.4508934020996
19101	orientation_diff	817.6505661010742	412.1429023742676
19102	orientation_diff	817.3232192993164	414.90538787841797
19103	orientation_diff	816.3606204986572	412.7522430419922
19104	orientation_diff	819.396785736084	413.9143600463867
19105	orientation_diff	815.752275466919	413.2524757385254
19106	orientation_diff	815.5472068786621	415.3470153808594
19107	orientation_diff	816.4645652770996	412.9890670776367
19182	orientation_diff	261.4803657531738	263.8786392211914
19229	orientation_diff	883.4248924255371	422.2826499938965
19231	orientation_diff	881.9986038208008	425.37717056274414
19232	orientation_diff	883.843843460083	423.6997413635254
19233	orientation_diff	884.8284282684326	420.2702331542969
19234	orientation_diff	883.3327827453613	423.8011665344238
19235	orientation_diff	884.7578983306885	423.7551803588867
19236	orientation_diff	883.6351318359375	422.29955291748047
19237	orientation_diff	883.380895614624	418.8098831176758
19238	orientation_diff	882.1190414428711	422.6261329650879
19239	orientation_diff	881.6049118041992	420.85518646240234
19240	orientation_diff	879.4113960266113	423.34168243408203
19262	position_diff	397.8892631530762	154.5415267944336
19263	position_diff	400.58780670166016	150.10010528564453
19264	position_diff	400.7709846496582	150.81514358520508
19265	position_diff	381.45602798461914	169.35115814208984
19404	orientation_diff	239.62142181396484	205.50000381469727
19413	orientation_diff	256.8270454406738	203.28355026245117
19456	orientation_diff	184.66405487060547	551.8613204956055
19465	orientation_diff	191.7969856262207	547.8491134643555
19476	position_diff	319.96108627319336	224.2972869873047
19533	orientation_diff	395.5042304992676	134.91379165649414
19536	orientation_diff	394.48717498779297	134.3208999633789
19537	orientation_diff	395.89209747314453	132.83796310424805
19538	orientation_diff	397.35647201538086	133.5691909790039
19539	orientation_diff	395.768009185791	134.74614715576172
19540	orientation_diff	396.34194564819336	142.5858917236328
19541	orientation_diff	395.91869354248047	143.4374885559082
19542	orientation_diff	393.46130752563477	142.79031372070312
19543	orientation_diff	395.40815353393555	145.8525505065918
19544	orientation_diff	396.09349060058594	146.22265243530273
19545	orientation_diff	395.1324768066406	145.20503616333008
19546	orientation_diff	395.9819984436035	146.72882461547852
19547	orientation_diff	396.45987701416016	147.80463409423828
19548	orientation_diff	395.2208251953125	148.08447265625
19549	orientation_diff	395.4592514038086	148.7705841064453
19550	orientation_diff	396.61021423339844	150.32313919067383
19551	orientation_diff	397.91500091552734	151.5306625366211
19552	orientation_diff	398.28015899658203	152.72924423217773
19553	orientation_diff	396.37913513183594	154.24982452392578
19558	orientation_diff	399.97554779052734	160.17812728881836
19559	orientation_diff	400.3073959350586	160.35549545288086
19560	orientation_diff	402.67192459106445	161.5775489807129
19561	orientation_diff	399.8307800292969	160.47200393676758
19562	orientation_diff	401.4548110961914	165.63467407226562
19563	orientation_diff	582.313850402832	101.2998046875
19564	orientation_diff	584.1142921447754	108.01021957397461
19565	orientation_diff	585.0753631591797	109.46527099609375
19566	orientation_diff	582.9135456085205	110.1933822631836
19567	orientation_diff	581.6694717407227	112.91342163085938
19568	orientation_diff	585.3634719848633	113.81798553466797
19569	orientation_diff	584.186803817749	113.22612380981445
19570	orientation_diff	583.0101356506348	112.63426208496094
19571	orientation_diff	585.525390625	113.68661880493164
19572	orientation_diff	586.5392150878906	117.20393753051758
19573	orientation_diff	585.5624809265137	118.21952056884766
19574	orientation_diff	584.331169128418	116.56060028076172
19575	orientation_diff	580.9701461791992	120.0767707824707
19576	orientation_diff	580.1834945678711	122.13676452636719
19577	orientation_diff	578.844799041748	125.09558868408203
19578	orientation_diff	578.859619140625	128.34928131103516
19591	orientation_diff	855.6390190124512	435.4535598754883
19592	orientation_diff	856.6071853637695	433.6808547973633
19593	orientation_diff	857.5140953063965	433.34006118774414
19594	orientation_diff	857.2117919921875	433.4536590576172
19595	orientation_diff	856.9094886779785	433.56725692749023
19596	orientation_diff	857.8163986206055	433.2264633178711
19717	orientation_diff	665.5064449310303	127.47036743164062
19718	orientation_diff	668.3707542419434	129.3954734802246
19719	orientation_diff	669.1531143188477	128.1679916381836
19720	orientation_diff	666.0249481201172	128.6756706237793
19721	orientation_diff	670.0095062255859	130.81349563598633
19722	orientation_diff	669.2260627746582	130.73431396484375
19723	orientation_diff	668.421703338623	132.5784149169922
19724	orientation_diff	667.3833389282227	134.36484909057617
19725	orientation_diff	666.765115737915	135.73349380493164
19726	orientation_diff	666.9109001159668	135.92723083496094
19727	orientation_diff	667.1136980056763	136.018648147583
19728	orientation_diff	667.3164958953857	136.11006546020508
19729	orientation_diff	668.6220359802246	134.74509811401367
19730	orientation_diff	668.4601993560791	133.98018646240234
19731	orientation_diff	668.8291244506836	134.64772415161133
19732	orientation_diff	668.2578125	134.8441047668457
19733	orientation_diff	667.3934345245361	135.70373153686523
19734	orientation_diff	667.1071147918701	136.51129150390625
19735	orientation_diff	667.3816871643066	136.42221069335938
19736	orientation_diff	667.4461250305176	136.81534957885742
19737	orientation_diff	667.4792594909668	137.41485214233398
19738	orientation_diff	666.7859001159668	137.0565528869629
19739	orientation_diff	667.8155059814453	137.27268981933594
19740	orientation_diff	666.1438064575195	134.24586486816406
19741	orientation_diff	154.1982192993164	482.9046630859375
19743	orientation_diff	669.4163551330566	132.84510803222656
19744	orientation_diff	672.3150024414062	133.7069549560547
19745	orientation_diff	668.5384941101074	132.4180564880371
19767	orientation_diff	500.4342231750488	135.0949478149414
19772	orientation_diff	499.7914352416992	138.13889694213867
19773	orientation_diff	500.15223693847656	137.89716339111328
19774	orientation_diff	496.29862213134766	140.81355667114258
19775	orientation_diff	492.1301689147949	140.6346893310547
19776	orientation_diff	494.5133476257324	140.69620513916016
19777	orientation_diff	497.105037689209	141.85259628295898
19778	orientation_diff	496.289005279541	143.90877532958984
19779	orientation_diff	495.6630859375	146.2451057434082
19780	orientation_diff	492.4815902709961	147.73237228393555
19781	orientation_diff	493.35037422180176	149.45230102539062
19782	orientation_diff	491.8049964904785	151.2535629272461
19783	orientation_diff	492.2214469909668	153.6590805053711
19784	orientation_diff	490.32228088378906	162.52275466918945
19785	orientation_diff	494.75232696533203	164.46200942993164
19786	orientation_diff	495.1930389404297	166.08934783935547
19787	orientation_diff	501.2984962463379	170.70064544677734
19788	orientation_diff	505.0380096435547	175.02319717407227
20007	position_diff	223.2043113708496	483.4429512023926
20008	position_diff	224.10802841186523	485.80056381225586
20009	position_diff	217.41423797607422	484.4019966125488
20010	position_diff	216.4470729827881	482.27731704711914
20033	orientation_diff	259.0295524597168	455.1572971343994
20036	orientation_diff	286.5808334350586	394.1408977508545
20037	orientation_diff	283.3821716308594	385.338924407959
20085	orientation_diff	169.7565574645996	502.2380180358887
20109	orientation_diff	540.5364265441895	103.12510299682617
20110	orientation_diff	540.7280693054199	109.76760292053223
20111	orientation_diff	540.6641883850098	107.55343627929688
20112	orientation_diff	540.6003074645996	105.33926963806152
20113	orientation_diff	540.7919502258301	111.98176956176758
20114	orientation_diff	539.7937088012695	114.27135848999023
20115	orientation_diff	540.4281349182129	118.34334945678711
20116	orientation_diff	541.4220962524414	119.22697067260742
20117	orientation_diff	540.3331298828125	120.15756607055664
20124	orientation_diff	534.4712295532227	125.72256469726562
20125	orientation_diff	532.636360168457	124.65503692626953
20126	orientation_diff	532.6785087585449	126.01245498657227
20127	orientation_diff	530.2266998291016	124.13868713378906
20128	orientation_diff	530.6497573852539	124.56442642211914
20129	orientation_diff	531.8044471740723	126.34623336791992
20130	orientation_diff	530.3672370910645	128.79601287841797
20149	orientation_diff	163.19523239135742	541.8377952575684
20152	orientation_diff	164.9466667175293	545.7714500427246
20153	orientation_diff	170.14240646362305	548.2837562561035
20154	orientation_diff	171.26509475708008	548.2483787536621
20155	orientation_diff	172.28306579589844	548.7369117736816
20156	orientation_diff	173.57361221313477	547.0098876953125
20157	orientation_diff	174.68114852905273	544.4285774230957
20158	orientation_diff	177.46531295776367	546.7682075500488
20159	orientation_diff	176.84868621826172	542.2785720825195
20160	orientation_diff	180.28644561767578	541.2513694763184
20161	orientation_diff	179.03631591796875	542.9292430877686
20162	orientation_diff	181.5579605102539	540.1078224182129
20163	orientation_diff	182.71069717407227	543.5112113952637
20164	orientation_diff	821.785135269165	255.01898574829102
20165	position_diff	819.9328651428223	249.06915664672852
20166	orientation_diff	820.6190128326416	254.3638458251953
20167	orientation_diff	819.0324764251709	252.20745849609375
20168	orientation_diff	817.2949237823486	250.82564163208008
20169	orientation_diff	815.9730796813965	254.76229095458984
20170	orientation_diff	817.2373657226562	256.88332748413086
20171	orientation_diff	816.6850662231445	256.53703689575195
20172	orientation_diff	814.0503311157227	255.86461639404297
20173	orientation_diff	812.5024032592773	254.66977310180664
20174	position_diff	813.5904197692871	256.0121421813965
20175	orientation_diff	813.2079010009766	259.5879364013672
20176	orientation_diff	805.8783226013184	260.56982803344727
20177	orientation_diff	810.009391784668	263.38343811035156
20178	orientation_diff	805.755802154541	262.64767837524414
20179	orientation_diff	809.044828414917	267.5372772216797
20180	orientation_diff	810.5702705383301	274.2288398742676
20181	orientation_diff	807.9493141174316	273.88865661621094
20182	orientation_diff	802.0265483856201	271.4833221435547
20183	orientation_diff	806.8241882324219	274.5937957763672
20184	orientation_diff	808.768985748291	271.60782623291016
20185	orientation_diff	806.5792007446289	269.42599868774414
20186	orientation_diff	803.2386360168457	271.96455001831055
20187	orientation_diff	798.6824760437012	272.5032424926758
20188	orientation_diff	794.573938369751	280.64941024780273
20189	orientation_diff	796.3776512145996	281.72023010253906
20190	orientation_diff	794.2967796325684	289.6168899536133
20284	orientation_diff	670.7352180480957	153.8059959411621
20285	orientation_diff	670.5540771484375	153.3258056640625
20286	orientation_diff	668.2762413024902	153.8504638671875
20290	orientation_diff	670.8896789550781	161.3901023864746
20292	orientation_diff	673.6085662841797	166.5826530456543
20307	orientation_diff	478.07219314575195	92.6169204711914
20309	orientation_diff	480.42467880249023	87.59159469604492
20310	orientation_diff	481.93135833740234	86.8609390258789
20339	position_diff	203.26062393188477	690.8306541442871
20344	orientation_diff	209.53355407714844	686.071117401123
20345	position_diff	214.4200210571289	684.344898223877
20350	orientation_diff	157.7543773651123	560.7042147318522
20353	orientation_diff	674.8106918334961	174.81032180786133
20354	orientation_diff	674.8575706481934	175.2204132080078
20357	orientation_diff	675.4382553100586	178.27936935424805
20358	orientation_diff	680.842700958252	174.6889190673828
20359	orientation_diff	679.2598991394043	175.8649139404297
20360	orientation_diff	681.7340068817139	179.15518188476562
20361	orientation_diff	682.3993148803711	179.78687286376953
20362	orientation_diff	682.9898338317871	180.21581649780273
20363	orientation_diff	684.4984931945801	179.59184646606445
20394	orientation_diff	866.903148651123	484.8928565979004
20395	orientation_diff	871.8329811096191	490.943115234375
20396	orientation_diff	874.0447807312012	500.4792137145996
20397	orientation_diff	878.4018974304199	508.0694389343262
20398	orientation_diff	877.2353477478027	502.8597869873047
20430	orientation_diff	156.1435546875	560.9601440429688
20438	orientation_diff	171.3820686340332	547.2911415100098
20439	orientation_diff	178.7811508178711	548.6111087799072
20440	orientation_diff	182.91066360473633	549.2462463378906
20441	orientation_diff	182.2392120361328	548.8160858154297
20442	orientation_diff	177.45000457763672	548.1428527832031
20443	orientation_diff	173.4263572692871	547.9878120422363
20444	orientation_diff	177.9895477294922	546.5550689697266
20445	orientation_diff	177.53310012817383	541.6242904663086
20446	orientation_diff	179.2025260925293	542.9458351135254
20447	orientation_diff	181.26470565795898	540.9323062896729
20448	orientation_diff	183.6709861755371	541.7887573242188
20557	orientation_diff	904.0089445114136	530.3437647819519
20559	orientation_diff	843.1651802062988	305.6869812011719
20560	orientation_diff	841.6047611236572	305.8692054748535
20561	orientation_diff	840.2684898376465	305.78857040405273
20562	orientation_diff	840.7717056274414	303.38979721069336
20563	orientation_diff	840.2284049987793	304.96583557128906
20564	orientation_diff	842.7294616699219	303.6434326171875
20565	orientation_diff	904.0040016174316	530.3728866577148
20566	orientation_diff	842.380989074707	305.9245719909668
20567	orientation_diff	845.2427825927734	301.3432502746582
20568	orientation_diff	845.5777435302734	302.33217430114746
20569	orientation_diff	845.9127044677734	303.3210983276367
20571	orientation_diff	905.8667182922363	525.3556518554688
20573	orientation_diff	620.9139652252197	135.08289337158203
20575	orientation_diff	836.7192268371582	310.7521438598633
20580	orientation_diff	897.535966873169	529.340202331543
20581	orientation_diff	895.480936050415	531.9147186279297
20584	orientation_diff	871.0405864715576	529.0384712219238
20585	orientation_diff	865.5233383178711	522.757568359375
20586	orientation_diff	862.7341194152832	520.8872184753418
20588	orientation_diff	293.7100257873535	183.3613052368164
20589	orientation_diff	293.913330078125	183.5419578552246
20590	orientation_diff	854.68212890625	518.6111755371094
20591	orientation_diff	856.7655029296875	517.3512668609619
20592	orientation_diff	850.515380859375	521.1309928894043
20593	orientation_diff	291.9635200500488	182.5313377380371
20594	orientation_diff	856.7092018127441	519.8571491241455
20595	orientation_diff	853.1112842559814	521.449592590332
20596	orientation_diff	852.7160243988037	517.2332038879395
20597	orientation_diff	850.907684803009	514.4963622093201
20598	orientation_diff	851.5104646682739	515.4086427688599
20599	orientation_diff	852.1132445335388	516.3209233283997
20600	orientation_diff	850.3049049377441	513.5840816497803
20601	orientation_diff	846.6947135925293	515.6923294067383
20602	orientation_diff	849.9926147460938	512.9357643127441
20603	orientation_diff	849.6612358093262	509.5957336425781
20604	orientation_diff	847.6515617370605	506.9082794189453
20605	orientation_diff	849.1917724609375	512.5859489440918
20606	orientation_diff	846.8707485198975	515.0027656555176
20607	orientation_diff	849.5310707092285	514.8077926635742
20609	orientation_diff	849.8198432922363	523.7856559753418
20610	orientation_diff	849.3247871398926	522.3603210449219
20611	orientation_diff	850.3148994445801	525.2109909057617
20612	orientation_diff	852.0057334899902	522.2715492248535
20613	orientation_diff	849.6410293579102	525.202564239502
20614	orientation_diff	850.0248985290527	523.8851051330566
20615	orientation_diff	849.9390563964844	520.0107841491699
20616	orientation_diff	850.5903625488281	520.3166923522949
20751	orientation_diff	292.80085372924805	183.20558547973633
20752	orientation_diff	294.6260986328125	185.7929344177246
20753	orientation_diff	294.4471969604492	186.64796447753906
20754	orientation_diff	294.85400009155273	186.71860122680664
20755	orientation_diff	294.54859924316406	184.78448486328125
20756	orientation_diff	293.7886390686035	186.02810668945312
20757	orientation_diff	295.7078514099121	186.49512481689453
20758	orientation_diff	295.90851974487305	191.56151962280273
20759	orientation_diff	296.9514465332031	192.48286819458008
20760	orientation_diff	297.6433906555176	194.14216995239258
20761	orientation_diff	297.17404556274414	194.2826919555664
20762	orientation_diff	296.66873931884766	196.3110580444336
20763	orientation_diff	297.428804397583	196.1998462677002
20764	orientation_diff	298.18886947631836	196.0886344909668
20765	orientation_diff	298.1800765991211	196.1628303527832
20766	orientation_diff	299.92212677001953	195.73307037353516
20767	orientation_diff	302.9003143310547	197.24665069580078
20771	orientation_diff	157.10091400146484	635.8491973876953
20772	orientation_diff	308.6077308654785	206.4947624206543
20773	orientation_diff	305.7337951660156	205.19737243652344
20774	orientation_diff	307.74466705322266	209.03083419799805
20775	orientation_diff	308.09785079956055	215.86491775512695
20781	orientation_diff	859.6185436248779	349.59297943115234
20787	orientation_diff	859.6240882873535	352.83094787597656
20788	orientation_diff	860.8412475585938	352.6004981994629
20789	orientation_diff	860.5072383880615	352.68236541748047
20790	orientation_diff	858.249942779541	351.6675834655762
20791	orientation_diff	861.0847930908203	352.4218978881836
20792	orientation_diff	141.3188934326172	504.4403705596924
20793	orientation_diff	142.43929290771484	505.1276626586914
20794	orientation_diff	143.38267517089844	503.1796455383301
20795	orientation_diff	143.58300018310547	504.33349418640137
20796	orientation_diff	144.44908142089844	504.20642471313477
20797	orientation_diff	144.63833236694336	500.8918685913086
20798	orientation_diff	145.25096130371094	504.2286491394043
20799	orientation_diff	145.50077056884766	501.025821685791
20800	orientation_diff	146.8667335510254	503.13326263427734
20801	orientation_diff	141.55227661132812	497.79125595092773
20802	orientation_diff	146.39200401306152	497.9143772125244
20803	orientation_diff	151.23173141479492	498.0374984741211
20804	orientation_diff	153.60550689697266	500.0501480102539
20805	orientation_diff	153.14332580566406	497.70442962646484
20806	orientation_diff	153.79883193969727	496.3672180175781
20807	orientation_diff	157.01292037963867	497.57422637939453
20808	orientation_diff	159.13754272460938	493.5242233276367
20809	orientation_diff	162.69741821289062	490.8850555419922
20839	orientation_diff	733.0807113647461	209.25132369995117
20916	orientation_diff	359.69726943969727	143.43391036987305
20917	orientation_diff	356.6943550109863	147.03007888793945
20918	orientation_diff	360.5137062072754	144.33207321166992
20923	orientation_diff	362.9726905822754	143.7510986328125
20924	orientation_diff	364.85448455810547	145.1306037902832
20925	orientation_diff	365.1529426574707	146.84918212890625
20926	orientation_diff	361.87977409362793	150.72829055786133
20927	orientation_diff	362.87670707702637	153.21379470825195
20928	orientation_diff	362.47226333618164	155.39390563964844
20929	orientation_diff	363.49024963378906	156.32626724243164
20930	orientation_diff	365.076717376709	157.83197784423828
20931	orientation_diff	359.61494064331055	156.33369064331055
20932	orientation_diff	367.37061309814453	153.44024658203125
20933	orientation_diff	363.1502342224121	158.31796264648438
20934	orientation_diff	369.29969024658203	155.91064453125
20935	orientation_diff	371.71800231933594	159.76204299926758
20936	orientation_diff	369.1772766113281	160.94283294677734
20937	orientation_diff	368.90282440185547	164.21704864501953
20938	orientation_diff	370.20355224609375	166.05551528930664
20939	orientation_diff	371.49698638916016	167.13043975830078
20940	orientation_diff	371.8906898498535	168.95804977416992
20941	orientation_diff	372.66923904418945	171.16124725341797
20942	orientation_diff	373.5073432922363	173.9465103149414
20943	orientation_diff	372.4829216003418	174.76991271972656
20944	orientation_diff	373.4668998718262	175.29179000854492
20945	orientation_diff	372.596622467041	176.0431251525879
20946	orientation_diff	370.2983684539795	179.04595184326172
20958	orientation_diff	141.351318359375	492.3514881134033
20959	orientation_diff	143.53894424438477	493.5542526245117
20960	orientation_diff	146.6581039428711	488.5147247314453
20961	orientation_diff	149.8107566833496	489.9699172973633
20962	orientation_diff	149.63918685913086	492.34009170532227
20963	orientation_diff	152.45789909362793	493.47233867645264
20964	orientation_diff	155.276611328125	494.604585647583
20965	orientation_diff	159.1781463623047	496.1666374206543
20966	orientation_diff	162.09811401367188	497.27330589294434
20967	orientation_diff	164.0859031677246	497.4904193878174
20968	orientation_diff	167.16249465942383	497.2278022766113
20969	orientation_diff	172.16150283813477	498.1860046386719
20970	orientation_diff	176.97573471069336	499.34579849243164
20971	orientation_diff	179.48760223388672	500.92037200927734
20975	orientation_diff	213.1980094909668	546.6415977478027
20976	orientation_diff	225.67118453979492	541.275074005127
20977	orientation_diff	197.30753707885742	501.5184097290039
20986	orientation_diff	865.2738761901855	355.7205352783203
21059	orientation_diff	422.71746826171875	122.1617431640625
21060	orientation_diff	420.14868927001953	123.8948974609375
21061	orientation_diff	420.2483673095703	122.7204818725586
21062	orientation_diff	424.3418960571289	122.06539916992188
21064	orientation_diff	424.19889068603516	129.84790420532227
21065	orientation_diff	425.005069732666	126.92583465576172
21066	orientation_diff	302.46157455444336	189.04776000976562
21067	orientation_diff	426.15152740478516	131.3087501525879
21068	orientation_diff	301.6665153503418	193.06196212768555
21069	orientation_diff	434.72663497924805	129.67401504516602
21070	orientation_diff	301.870662689209	197.34819793701172
21071	orientation_diff	431.7759704589844	132.26766204833984
21072	orientation_diff	433.68725204467773	132.82225036621094
21073	orientation_diff	434.03601837158203	133.37781524658203
21074	orientation_diff	435.7746391296387	134.38279724121094
21075	orientation_diff	438.9506187438965	136.37778854370117
21076	orientation_diff	442.18665313720703	137.3300666809082
21077	orientation_diff	443.1452293395996	139.86105728149414
21078	orientation_diff	443.85204696655273	143.01026153564453
21079	orientation_diff	447.7178039550781	145.80904006958008
21080	orientation_diff	452.3414001464844	144.90156173706055
21081	orientation_diff	455.04451751708984	144.54139709472656
21082	orientation_diff	462.34636306762695	148.56373596191406
21083	orientation_diff	467.0717658996582	146.81134033203125
21084	orientation_diff	469.0794448852539	145.73381805419922
21102	orientation_diff	171.81238746643066	496.24527613321936
21104	orientation_diff	174.0573844909668	498.6682243347168
21109	orientation_diff	189.89311599731445	505.68963623046875
21146	orientation_diff	555.1748886108398	113.4339714050293
21147	orientation_diff	553.6296882629395	115.13195037841797
21148	orientation_diff	557.1748085021973	118.09224319458008
21149	orientation_diff	553.7202301025391	116.88949966430664
21151	orientation_diff	525.2824478149414	632.8440322875977
21152	orientation_diff	526.2773571014404	630.5905342102051
21154	orientation_diff	540.8048667907715	127.56801986694336
21155	orientation_diff	551.0893096923828	122.33278274536133
21156	orientation_diff	553.1971893310547	123.86156845092773
21157	orientation_diff	552.7467803955078	125.46870040893555
21158	orientation_diff	554.1324920654297	128.8919219970703
21159	orientation_diff	555.5648231506348	130.8748779296875
21160	orientation_diff	554.283863067627	143.71515655517578
21161	orientation_diff	550.4341640472412	150.8532600402832
21162	orientation_diff	556.8208045959473	154.67388534545898
21317	orientation_diff	168.5700912475586	447.98482513427734
21318	orientation_diff	169.25845336914062	445.5483627319336
21319	orientation_diff	170.59435653686523	444.8120651245117
21320	orientation_diff	175.2335548400879	442.76525497436523
21323	orientation_diff	176.1523666381836	438.6846160888672
21324	orientation_diff	176.0667266845703	436.8111114501953
21325	orientation_diff	176.01731491088867	438.69769287109375
21326	orientation_diff	177.5965461730957	438.3549385070801
21327	orientation_diff	177.80428314208984	438.1358985900879
21328	orientation_diff	178.69121551513672	440.38496017456055
21329	orientation_diff	181.92801666259766	440.45903968811035
21330	orientation_diff	184.99130249023438	439.5803565979004
21331	orientation_diff	185.02838897705078	440.33306884765625
21338	orientation_diff	363.8339653015137	830.492618560791
21350	orientation_diff	371.3573760986328	814.5515747070312
21351	orientation_diff	373.6976127624512	810.0025634765625
21352	orientation_diff	372.60725021362305	811.7172889709473
21353	orientation_diff	373.8733558654785	815.3436679840088
21397	orientation_diff	868.7267761230469	256.9193458557129
21398	orientation_diff	869.6293411254883	255.6305160522461
21431	orientation_diff	861.7441520690918	669.9880905151367
21432	orientation_diff	861.5988998413086	668.8176040649414
21433	orientation_diff	859.6869049072266	667.8537406921387
21434	orientation_diff	857.0565032958984	668.3983345031738
21435	orientation_diff	858.7615547180176	668.347110748291
21442	orientation_diff	844.453441619873	676.4375839233398
21504	orientation_diff	137.14715194702148	540.4604873657227
21506	orientation_diff	133.3393898010254	537.2646217346191
21507	orientation_diff	133.33526611328125	538.6857032775879
21509	orientation_diff	138.03980255126953	537.2584457397461
21510	orientation_diff	132.78747177124023	538.1828727722168
21511	orientation_diff	134.88809204101562	536.0057029724121
21512	orientation_diff	137.66316604614258	543.2912673950195
21514	orientation_diff	148.21810913085938	533.6425743103027
21515	orientation_diff	149.01663208007812	537.88503074646
21516	orientation_diff	145.01868057250977	541.7983818054199
21517	orientation_diff	146.31114959716797	539.4769248962402
21518	orientation_diff	148.3587875366211	537.3287925720215
21519	orientation_diff	149.26015090942383	537.5834770202637
21520	orientation_diff	149.54545974731445	538.0830268859863
21521	orientation_diff	149.70251846313477	535.0236911773682
21522	orientation_diff	149.74434661865234	536.1056041717529
21523	orientation_diff	153.33654022216797	537.9276332855225
21524	orientation_diff	155.25040435791016	538.8961524963379
21525	orientation_diff	160.99058151245117	539.5260620117188
21526	orientation_diff	163.59117126464844	542.0972671508789
21527	orientation_diff	168.86503219604492	535.7482757568359
21528	orientation_diff	384.0863571166992	863.8155899047852
21529	orientation_diff	383.60345458984375	861.7709903717041
21530	orientation_diff	385.0864658355713	860.3317604064941
21531	orientation_diff	384.7076473236084	858.8646183013916
21532	orientation_diff	381.7714538574219	856.2677822113037
21533	orientation_diff	381.9581184387207	856.2678184509277
21534	orientation_diff	382.4041328430176	856.3840026855469
21535	orientation_diff	386.04130935668945	853.3564987182617
21536	orientation_diff	385.78694915771484	850.5358924865723
21537	orientation_diff	385.03669357299805	849.9454708099365
21552	orientation_diff	502.07373428344727	839.8221397399902
21553	orientation_diff	503.03548431396484	839.0880393981934
21554	orientation_diff	506.0152778625488	835.945915222168
21555	orientation_diff	506.7188949584961	833.8646812438965
21556	orientation_diff	506.79804611206055	834.0712718963623
21557	orientation_diff	504.2201843261719	831.8576183319092
21558	orientation_diff	502.7005615234375	832.1909275054932
21559	orientation_diff	502.99488830566406	831.652400970459
21560	orientation_diff	506.28361892700195	829.258731842041
21561	orientation_diff	505.8559226989746	831.4135780334473
21562	position_diff	509.34626388549805	826.8292865753174
21563	orientation_diff	505.6054916381836	828.267692565918
21564	orientation_diff	507.6252021789551	824.8252754211426
21565	orientation_diff	504.8907241821289	824.4146137237549
21566	orientation_diff	505.8640823364258	828.0763244628906
21567	orientation_diff	502.00580978393555	832.0091781616211
21568	orientation_diff	505.24354553222656	829.479305267334
21569	orientation_diff	507.93570709228516	826.9673175811768
21571	orientation_diff	506.2909812927246	822.6121864318848
21572	orientation_diff	506.76662826538086	826.7935562133789
21573	orientation_diff	505.4427375793457	822.6470718383789
21575	orientation_diff	502.8269958496094	824.460391998291
21576	orientation_diff	499.372127532959	822.9353656768799
21577	orientation_diff	497.3826599121094	821.6469955444336
21578	orientation_diff	501.9622039794922	819.8415431976318
21579	orientation_diff	503.52259063720703	818.9078578948975
21580	orientation_diff	504.6522026062012	814.5974388122559
21581	orientation_diff	509.1513252258301	810.9249095916748
21582	orientation_diff	508.92740631103516	811.5364303588867
21583	orientation_diff	513.2437210083008	806.3760280609131
21584	orientation_diff	516.3218116760254	802.2037181854248
21585	orientation_diff	514.5767517089844	801.3751583099365
21586	orientation_diff	512.9062538146973	801.012508392334
21587	orientation_diff	516.9824638366699	801.1144676208496
21588	orientation_diff	518.116455078125	801.7781105041504
21589	orientation_diff	515.7188606262207	801.2127113342285
21590	orientation_diff	517.8370056152344	794.3090476989746
21591	orientation_diff	521.518684387207	798.7561721801758
21621	orientation_diff	172.22702026367188	303.0115852355957
21623	orientation_diff	175.09613418579102	304.30408350626624
21625	orientation_diff	863.3892593383789	661.5506057739258
21626	orientation_diff	866.6229362487793	663.3117828369141
21627	orientation_diff	863.9362182617188	664.7459297180176
21628	orientation_diff	863.4284744262695	662.750036239624
21629	orientation_diff	861.9538650512695	663.5857620239258
21630	orientation_diff	863.2926063537598	661.6460342407227
21632	orientation_diff	162.684720993042	430.1906204223633
21633	orientation_diff	145.34698867797852	453.4179878234863
21634	orientation_diff	130.3549861907959	468.6073303222656
21635	orientation_diff	120.18881225585938	470.9984703063965
21636	orientation_diff	118.0628719329834	461.8434753417969
21637	orientation_diff	116.55276679992676	461.73143768310547
21638	orientation_diff	116.34484481811523	461.05746841430664
21639	orientation_diff	118.17510604858398	460.7086486816406
21640	orientation_diff	119.64363670349121	461.4093437194824
21641	orientation_diff	117.47870635986328	461.69460678100586
21642	orientation_diff	117.13137435913086	460.879337310791
21643	orientation_diff	118.8205451965332	460.23266220092773
21644	orientation_diff	118.60861206054688	459.9013900756836
21645	orientation_diff	117.70141792297363	459.70397567749023
21646	orientation_diff	118.58328628540039	459.6839179992676
21647	orientation_diff	118.21355438232422	458.8062286376953
21648	orientation_diff	118.01801681518555	458.34066009521484
21649	orientation_diff	115.65783882141113	459.34957122802734
21650	orientation_diff	112.39159774780273	459.82253646850586
21651	orientation_diff	109.7800064086914	460.79357528686523
21652	orientation_diff	108.5554428100586	461.0554618835449
21653	orientation_diff	107.93881416320801	460.1273002624512
21654	orientation_diff	105.57991790771484	461.00331115722656
21655	orientation_diff	104.11133766174316	461.4953498840332
21656	orientation_diff	105.04722213745117	462.8941230773926
21657	orientation_diff	106.58550834655762	464.5655097961426
21658	orientation_diff	105.84199333190918	464.89124298095703
21659	orientation_diff	105.32951736450195	466.30357360839844
21660	orientation_diff	103.84160232543945	466.01321029663086
21661	orientation_diff	101.76045989990234	464.0046615600586
21662	orientation_diff	101.07640838623047	462.060733795166
21663	orientation_diff	101.3321762084961	459.86849212646484
21664	orientation_diff	103.1992130279541	457.33325004577637
21665	orientation_diff	105.14619445800781	458.05498123168945
21666	orientation_diff	107.84208679199219	459.7580261230469
21667	orientation_diff	112.83612442016602	460.09449768066406
21668	orientation_diff	114.44100570678711	461.6760902404785
21669	orientation_diff	115.60798263549805	462.29781341552734
21670	orientation_diff	115.28305053710938	461.90240478515625
21671	orientation_diff	115.67240905761719	460.680362701416
21672	orientation_diff	114.3321704864502	461.01678466796875
21673	orientation_diff	113.07055473327637	460.42926025390625
21674	orientation_diff	110.43330192565918	458.6478385925293
21675	orientation_diff	108.40793800354004	456.3876419067383
21676	orientation_diff	108.15337371826172	455.4719657897949
21677	orientation_diff	108.01960372924805	456.17216873168945
21678	orientation_diff	106.90596580505371	458.7043342590332
21679	orientation_diff	104.82519149780273	461.5707321166992
21680	orientation_diff	105.1728744506836	459.14810943603516
21681	orientation_diff	107.39335632324219	454.3914260864258
21682	orientation_diff	108.79204368591309	452.08953857421875
21683	orientation_diff	110.53830909729004	452.08845138549805
21684	orientation_diff	111.26593208312988	451.4294853210449
21685	orientation_diff	111.43258666992188	450.5548515319824
21686	orientation_diff	112.02568817138672	446.66202545166016
21687	orientation_diff	115.44040870666504	441.3361473083496
21688	orientation_diff	118.43573379516602	435.72001457214355
21689	orientation_diff	121.16285705566406	431.2754650115967
21690	orientation_diff	123.92791366577148	429.81218338012695
21691	orientation_diff	124.1380615234375	428.8317394256592
21692	orientation_diff	121.70734596252441	428.0057601928711
21693	orientation_diff	118.11739349365234	430.5885696411133
21694	orientation_diff	115.35280990600586	434.0123863220215
21695	orientation_diff	113.16149139404297	437.4772720336914
21696	orientation_diff	113.72737693786621	437.8141326904297
21697	orientation_diff	115.57417678833008	437.86691665649414
21698	orientation_diff	117.54499244689941	442.0641899108887
21699	orientation_diff	117.5733528137207	445.72439193725586
21700	orientation_diff	116.83984184265137	446.8791275024414
21701	orientation_diff	118.33407402038574	447.9918975830078
21702	orientation_diff	118.75465774536133	449.1059341430664
21703	orientation_diff	120.26919937133789	447.9413261413574
21704	orientation_diff	114.97200393676758	449.3843078613281
21705	orientation_diff	111.35848236083984	448.57659912109375
21706	orientation_diff	109.65163803100586	447.68214988708496
21707	orientation_diff	110.09075546264648	451.38990020751953
21708	orientation_diff	110.51419830322266	455.4703540802002
21709	orientation_diff	113.36922454833984	455.94446563720703
21710	orientation_diff	115.00960922241211	459.77221298217773
21791	orientation_diff	130.22481155395508	422.1962585449219
21792	orientation_diff	130.1478042602539	419.9748229980469
21793	orientation_diff	130.134521484375	419.1614303588867
21794	orientation_diff	130.96522903442383	418.32225799560547
21795	orientation_diff	130.86817169189453	417.1760673522949
21796	orientation_diff	134.75530242919922	422.31322479248047
21797	orientation_diff	137.97702534993488	424.35643259684247
21798	orientation_diff	136.36616388956708	423.33482869466144
21799	orientation_diff	139.58788681030273	425.37803649902344
21800	orientation_diff	141.1259880065918	421.67259979248047
21801	orientation_diff	139.80937576293945	424.2848663330078
21802	orientation_diff	140.2186164855957	426.0256996154785
21803	orientation_diff	141.3287467956543	423.9351806640625
21804	orientation_diff	142.95906829833984	423.847936630249
21805	orientation_diff	141.53833389282227	423.571928024292
21806	orientation_diff	140.74834060668945	424.1133804321289
21807	orientation_diff	804.1617088317871	783.2930221557617
21808	orientation_diff	803.8512954711914	778.1615390777588
21809	orientation_diff	139.89104843139648	423.6698627471924
21810	orientation_diff	802.809326171875	776.044355392456
21811	orientation_diff	138.8544044494629	424.1337127685547
21812	orientation_diff	140.16632461547852	423.7098960876465
21813	orientation_diff	143.54858303070068	424.6247797012329
21814	orientation_diff	142.42116355895996	424.3198184967041
21815	orientation_diff	141.29374408721924	424.0148572921753
21816	orientation_diff	144.6760025024414	424.9297409057617
21817	orientation_diff	146.17639541625977	423.3906936645508
21818	orientation_diff	796.3531875610352	778.2430152893066
21819	orientation_diff	797.5758438110352	774.3106842041016
21820	orientation_diff	798.0359764099121	773.4805736541748
21821	orientation_diff	798.3926620483398	773.0228633880615
21822	orientation_diff	798.2046813964844	772.6674823760986
21830	orientation_diff	785.6586761474609	767.0909576416016
21831	orientation_diff	785.3098945617676	763.0784168243408
21832	orientation_diff	783.597240447998	760.3191261291504
21833	orientation_diff	782.2355537414551	758.4587821960449
21834	orientation_diff	782.8542709350586	754.889575958252
21835	orientation_diff	781.0651397705078	754.3435554504395
21837	orientation_diff	777.9490814208984	752.748950958252
21838	orientation_diff	780.8482131958008	750.6600437164307
21839	orientation_diff	776.7946243286133	753.4128074645996
21840	orientation_diff	778.0281829833984	748.2312164306641
21841	orientation_diff	777.2292098999023	751.198112487793
21863	orientation_diff	772.0884208679199	724.1880645751953
21872	orientation_diff	542.098014831543	850.6343040466309
21873	orientation_diff	541.9706420898438	850.0701293945312
21874	orientation_diff	544.6417007446289	849.430305480957
21875	orientation_diff	548.9625434875488	848.2238464355469
21876	orientation_diff	548.949577331543	847.1952896118164
21879	orientation_diff	557.3911552429199	845.3115425109863
21880	orientation_diff	559.4276390075684	846.8288307189941
21881	orientation_diff	558.2964210510254	845.8576393127441
21895	orientation_diff	208.15171432495117	248.18708419799805
21896	orientation_diff	209.14566802978516	251.35950469970703
21897	orientation_diff	208.28621292114258	246.91876602172852
21898	orientation_diff	208.29453659057617	247.11837768554688
21899	orientation_diff	210.5998649597168	246.6536521911621
21900	orientation_diff	212.26865005493164	249.35054397583008
21901	orientation_diff	213.5017433166504	251.47869110107422
21902	orientation_diff	215.3906135559082	250.19355392456055
21903	orientation_diff	214.919677734375	250.7682228088379
21904	orientation_diff	214.56063079833984	251.83628463745117
21905	orientation_diff	212.40069580078125	255.04131698608398
21906	orientation_diff	215.84578704833984	253.27968978881836
21907	orientation_diff	213.7217674255371	256.78321838378906
21908	orientation_diff	213.43077087402344	261.32300186157227
21910	orientation_diff	613.3529014587402	876.8048629760742
21911	orientation_diff	614.6872940063477	877.0984077453613
21912	orientation_diff	611.8929100036621	875.3628349304199
21916	orientation_diff	223.47648239135742	265.5805015563965
21917	orientation_diff	222.2971420288086	265.3670768737793
21918	orientation_diff	224.83151245117188	266.6003303527832
21919	orientation_diff	224.65271759033203	267.77079010009766
21920	orientation_diff	226.18806076049805	268.5923042297363
21921	orientation_diff	226.50829696655273	268.5302543640137
21922	orientation_diff	225.5457420349121	270.04806900024414
21923	orientation_diff	223.5659294128418	268.88963317871094
21924	orientation_diff	223.65974807739258	273.6136245727539
21925	position_diff	590.5849380493164	822.7798156738281
21926	orientation_diff	291.27909088134766	171.58422088623047
21927	position_diff	591.6086463928223	830.6002769470215
21928	orientation_diff	224.01118850708008	270.6994819641113
21929	wrong_count	nan	nan
21930	wrong_count	nan	nan
21931	orientation_diff	615.944616317749	857.5187759399414
21932	orientation_diff	226.3470344543457	271.8633613586426
21933	orientation_diff	227.7094268798828	269.0468406677246
21934	orientation_diff	226.54372024536133	268.63078689575195
21935	orientation_diff	226.13911819458008	268.32176208496094
21936	orientation_diff	229.44594192504883	271.13318252563477
21937	orientation_diff	223.56965255737305	274.0803909301758
21938	orientation_diff	226.06753158569336	276.87292861938477
21963	orientation_diff	448.1166343688965	99.86729049682617
21964	orientation_diff	448.40758514404297	100.7483901977539
21965	orientation_diff	446.51723861694336	101.7873764038086
21968	orientation_diff	447.35828018188477	102.40859985351562
21969	orientation_diff	446.93605041503906	102.70748519897461
21970	orientation_diff	443.18403244018555	104.54298400878906
21971	orientation_diff	442.4796485900879	106.5418815612793
21972	orientation_diff	443.88398933410645	106.27589416503906
21973	orientation_diff	441.2749824523926	106.85139465332031
21975	orientation_diff	439.48631286621094	105.34677124023438
21976	orientation_diff	440.8274688720703	105.0135498046875
21977	orientation_diff	439.985502243042	105.4442367553711
21978	orientation_diff	440.1067008972168	106.4868049621582
21979	orientation_diff	439.9964904785156	108.17784118652344
21980	orientation_diff	439.41536712646484	109.60427474975586
21981	orientation_diff	438.66908264160156	111.94527435302734
21982	orientation_diff	438.8517360687256	112.55939483642578
21983	orientation_diff	439.1423225402832	113.55111694335938
21984	orientation_diff	439.5634117126465	113.962890625
21985	orientation_diff	438.4764175415039	115.36176681518555
21986	orientation_diff	436.72095489501953	116.84674072265625
21987	orientation_diff	438.16386795043945	117.45149993896484
21988	orientation_diff	437.9116668701172	120.08369064331055
21990	orientation_diff	135.0065460205078	561.8201637268066
21992	orientation_diff	133.43372344970703	557.1022300720215
21996	orientation_diff	435.71788024902344	130.96934127807617
22004	orientation_diff	147.3497543334961	558.0481815338135
22005	orientation_diff	146.1372528076172	556.2716636657715
22007	orientation_diff	149.03257369995117	555.516674041748
22008	orientation_diff	147.1402587890625	555.7027397155762
22009	orientation_diff	145.7588653564453	560.8495025634766
22010	orientation_diff	148.75201034545898	561.3879356384277
22011	orientation_diff	149.13666152954102	561.5170783996582
22012	orientation_diff	141.7053108215332	560.3730773925781
22014	orientation_diff	143.8880958557129	560.8980369567871
22017	orientation_diff	145.7814826965332	555.88818359375
22018	orientation_diff	139.8540496826172	556.3760013580322
22019	orientation_diff	143.49690628051758	557.1559562683105
22020	orientation_diff	151.28441619873047	554.1082077026367
22022	orientation_diff	153.78395462036133	551.9914474487305
22036	orientation_diff	158.24423599243164	524.4297370910645
22079	orientation_diff	234.57479095458984	212.29571914672852
22124	orientation_diff	332.0274353027344	827.8411293029785
22125	orientation_diff	334.7609634399414	828.5763339996338
22126	orientation_diff	335.2919502258301	830.418851852417
22127	orientation_diff	336.01619720458984	829.7720527648926
22128	orientation_diff	337.43077850341797	831.5975570678711
22129	orientation_diff	337.7569274902344	832.7406387329102
22130	orientation_diff	337.3278617858887	830.2068290710449
22131	orientation_diff	337.3051071166992	830.4852676391602
22132	orientation_diff	337.1160888671875	830.7595386505127
22133	orientation_diff	338.4008483886719	830.7828559875488
22134	orientation_diff	338.4937744140625	829.949333190918
22135	orientation_diff	339.9685516357422	829.5043621063232
22136	orientation_diff	340.94801330566406	830.0041961669922
22137	orientation_diff	340.87270736694336	832.6823654174805
22138	orientation_diff	343.39635848999023	831.410270690918
22139	orientation_diff	341.6893844604492	829.7451877593994
22140	orientation_diff	343.99459075927734	829.705192565918
22141	orientation_diff	344.3360595703125	829.8184127807617
22142	orientation_diff	344.67752838134766	829.9316329956055
22143	orientation_diff	345.28511810302734	829.1083679199219
22144	orientation_diff	347.6829376220703	827.1619625091553
22145	orientation_diff	349.1735496520996	826.1747779846191
22146	orientation_diff	351.71301651000977	828.5669651031494
22147	orientation_diff	353.9887237548828	824.2230625152588
22148	orientation_diff	352.0611801147461	825.0673904418945
22149	orientation_diff	353.29948806762695	822.7077732086182
22150	orientation_diff	352.52370834350586	821.6775894165039
22151	orientation_diff	353.46181869506836	825.0712661743164
22152	orientation_diff	354.27673721313477	819.642858505249
22201	orientation_diff	255.36407089233398	271.2539710998535
22246	orientation_diff	182.71967697143555	678.8223457336426
22247	orientation_diff	181.74502563476562	671.8069229125977
22248	orientation_diff	183.43062591552734	669.1413040161133
22249	orientation_diff	182.75426483154297	674.3488845825195
22250	orientation_diff	181.6675682067871	676.2706522941589
22251	orientation_diff	182.02980041503906	675.6300630569458
22252	orientation_diff	182.39203262329102	674.9894738197327
22253	orientation_diff	181.30533599853516	676.9112415313721
22254	orientation_diff	182.8634910583496	675.6774234771729
22255	orientation_diff	183.08743286132812	677.0727348327637
22256	orientation_diff	183.02407836914062	676.9071083068848
22257	orientation_diff	184.07039642333984	676.1472320556641
22258	orientation_diff	186.02688598632812	676.4252624511719
22264	orientation_diff	201.3577995300293	680.9418640136719
22266	orientation_diff	207.26755905151367	678.0781688690186
22313	orientation_diff	803.2217292785645	212.42113876342773
22314	orientation_diff	801.7566528320312	212.75458526611328
22316	orientation_diff	799.0230026245117	217.7745475769043
22317	orientation_diff	799.0943603515625	216.0755500793457
22466	orientation_diff	236.0358543395996	492.67150497436523
22467	orientation_diff	231.35554122924805	497.08259201049805
22468	orientation_diff	218.05870056152344	501.7263526916504
22469	orientation_diff	205.48455429077148	506.34184646606445
22557	orientation_diff	218.97610092163086	748.6077079772949
22558	orientation_diff	217.58995056152344	751.4340019226074
22559	orientation_diff	217.70789337158203	749.3691749572754
22560	orientation_diff	218.46604537963867	749.2079582214355
22561	orientation_diff	217.83667755126953	748.3588237762451
22562	orientation_diff	217.2073097229004	747.5096893310547
22563	orientation_diff	218.18229293823242	747.6659717559814
22564	orientation_diff	218.03837203979492	747.1952514648438
22565	orientation_diff	218.71089935302734	744.8145217895508
22566	orientation_diff	220.4485740661621	745.1344261169434
22567	orientation_diff	220.07453155517578	743.9172058105469
22568	orientation_diff	223.18384170532227	744.6356887817383
22569	orientation_diff	224.10861206054688	742.135856628418
22707	orientation_diff	145.1105842590332	601.4758682250977
22708	orientation_diff	148.56257247924805	598.7681770324707
22714	orientation_diff	150.7064208984375	602.6346702575684
22715	orientation_diff	152.82579803466797	601.2532234191895
22716	orientation_diff	152.07241821289062	603.9087181091309
22717	orientation_diff	155.29335403442383	603.8562278747559
22724	orientation_diff	166.82173919677734	610.9577789306641
22725	orientation_diff	168.68255615234375	611.7376899719238
22726	orientation_diff	170.10354614257812	609.014181137085
22727	orientation_diff	174.05245208740234	612.6557006835938
22728	position_diff	870.4391002655029	613.5737152099609
22729	orientation_diff	437.5579605102539	149.88134765625
22730	position_diff	231.9663429260254	250.50993728637695
22731	orientation_diff	233.10332107543945	251.153564453125
22732	orientation_diff	234.49288940429688	256.36730575561523
22733	orientation_diff	440.4663887023926	150.80890274047852
22734	orientation_diff	438.88558197021484	152.28054428100586
22735	orientation_diff	440.2395668029785	154.7797393798828
22736	orientation_diff	440.39229583740234	157.87314987182617
22737	orientation_diff	440.2925910949707	158.4680290222168
22738	orientation_diff	440.8234977722168	158.97198486328125
22739	orientation_diff	441.7099800109863	160.68605422973633
22740	orientation_diff	442.38916397094727	161.31251525878906
22741	orientation_diff	441.9729881286621	160.38896560668945
22742	orientation_diff	440.9337501525879	160.0969352722168
22743	orientation_diff	446.50794982910156	156.67068481445312
22744	orientation_diff	243.13066482543945	257.83435821533203
22745	orientation_diff	245.19286727905273	260.3346481323242
22746	orientation_diff	244.51573181152344	259.78892517089844
22747	orientation_diff	863.83544921875	604.1688346862793
22751	orientation_diff	863.0098686218262	605.2698516845703
22753	orientation_diff	246.81261825561523	263.6324157714844
22754	orientation_diff	246.84654998779297	265.4713020324707
22755	orientation_diff	249.1459846496582	264.57730865478516
22757	orientation_diff	253.05440139770508	265.07833099365234
22758	orientation_diff	254.32749557495117	267.460506439209
22759	position_diff	871.0182647705078	599.4268779754639
22760	orientation_diff	252.57391357421875	264.18538665771484
22761	orientation_diff	252.8080825805664	265.9217109680176
22764	orientation_diff	867.7270545959473	595.8689727783203
22765	orientation_diff	259.4989547729492	273.12239837646484
22766	orientation_diff	260.9184761047363	274.84886169433594
22767	orientation_diff	263.8648262023926	276.07064056396484
22768	orientation_diff	266.54293060302734	278.45203399658203
22769	orientation_diff	264.19406509399414	277.16497802734375
22770	orientation_diff	265.97533798217773	281.79166412353516
22771	orientation_diff	265.7015800476074	281.1178436279297
22772	position_diff	868.2618370056152	595.3418083190918
22773	orientation_diff	865.448543548584	594.2314567565918
22774	orientation_diff	863.1016941070557	590.0774669647217
22775	position_diff	869.3567428588867	593.2906913757324
22778	orientation_diff	862.6948356628418	590.0613059997559
22780	position_diff	867.4372291564941	592.1122417449951
22782	orientation_diff	861.6309776306152	590.9189109802246
22783	orientation_diff	860.7423324584961	590.1326560974121
22784	orientation_diff	856.5784530639648	590.6030502319336
22786	orientation_diff	859.9053611755371	588.9290142059326
22791	orientation_diff	855.8146800994873	594.1987380981445
22793	orientation_diff	854.5802116394043	593.2550926208496
22794	orientation_diff	854.9520416259766	588.652795791626
22795	orientation_diff	856.3735427856445	588.3123626708984
22796	orientation_diff	856.9165630340576	589.1994209289551
22798	orientation_diff	853.0030498504639	587.2389907836914
22799	orientation_diff	851.9958839416504	587.2600288391113
22800	orientation_diff	852.7306423187256	584.1879653930664
22801	orientation_diff	853.0883522033691	584.3631820678711
22802	orientation_diff	854.5490760803223	585.4311752319336
22803	orientation_diff	853.266092300415	585.9709205627441
22804	position_diff	855.8729038238525	585.4036884307861
22805	position_diff	854.2066059112549	581.7107162475586
22806	orientation_diff	853.4191951751709	582.8370094299316
22807	orientation_diff	854.2455921173096	588.6032562255859
22808	position_diff	853.5235786437988	584.2181243896484
22809	orientation_diff	275.83491134643555	789.9998817443848
22810	orientation_diff	850.0153465270996	590.6026229858398
22811	orientation_diff	283.45719146728516	785.642650604248
22812	orientation_diff	850.0235939025879	589.1094017028809
22813	orientation_diff	849.2103729248047	590.3948020935059
22814	orientation_diff	846.2796649932861	590.0483131408691
22815	orientation_diff	840.8699378967285	594.2859382629395
22816	orientation_diff	839.38157081604	595.4415168762207
22817	orientation_diff	837.8932037353516	596.597095489502
22818	orientation_diff	837.7909526824951	598.1079940795898
22819	orientation_diff	839.0382270812988	604.8839874267578
22857	position_diff	618.1371536254883	873.9050445556641
22860	orientation_diff	617.7800331115723	860.1365242004395
22861	orientation_diff	617.8137855529785	857.1479606628418
22862	orientation_diff	618.3875122070312	856.667308807373
22863	orientation_diff	620.2547187805176	856.5537109375
22864	orientation_diff	620.369270324707	854.184871673584
22865	orientation_diff	620.8517875671387	853.6053695678711
22866	orientation_diff	621.9326133728027	854.3984031677246
22871	orientation_diff	625.3648071289062	857.390438079834
22872	orientation_diff	631.4192237854004	855.2558937072754
22873	orientation_diff	634.1638488769531	855.7972030639648
22874	orientation_diff	634.7075004577637	849.6913261413574
22875	orientation_diff	633.3747940063477	850.3859558105469
22876	orientation_diff	637.3403244018555	850.9075775146484
22877	orientation_diff	636.9293327331543	842.3950500488281
22878	orientation_diff	637.1575457255045	845.5859858194987
22879	orientation_diff	637.0434392293295	843.9905179341634
22880	orientation_diff	828.9204635620117	589.7566833496094
22881	orientation_diff	827.3404083251953	590.9652099609375
22882	orientation_diff	641.3177108764648	838.7006874084473
22883	orientation_diff	638.9520085652669	840.4498837788899
22884	orientation_diff	640.134859720866	839.5752855936687
22885	orientation_diff	637.769157409668	841.3244819641113
22886	orientation_diff	633.6576747894287	844.1680316925049
22887	orientation_diff	629.7378768920898	841.0840663909912
22888	orientation_diff	625.890380859375	838.6829452514648
22889	orientation_diff	625.2338409423828	835.2773590087891
22890	orientation_diff	625.5509567260742	840.3700332641602
22935	orientation_diff	244.17546844482422	777.6394004821777
22936	orientation_diff	240.76031494140625	776.7040100097656
22937	orientation_diff	239.95462036132812	780.8104820251465
22938	orientation_diff	240.68608474731445	777.1376304626465
22939	orientation_diff	243.98910522460938	775.6467781066895
22940	orientation_diff	240.56311416625977	774.9468650817871
22941	orientation_diff	243.9672737121582	775.6417388916016
22942	orientation_diff	243.12718963623047	773.8549270629883
22943	orientation_diff	242.60763549804688	773.0353393554688
22944	orientation_diff	245.87886428833008	770.8452949523926
22945	orientation_diff	246.77639389038086	768.743595123291
22947	orientation_diff	248.56985092163086	765.7816791534424
22948	orientation_diff	251.1386833190918	762.8175849914551
22949	orientation_diff	252.53998184204102	761.9437726338704
22950	orientation_diff	251.8393325805664	762.3806788126628
22951	orientation_diff	253.24063110351562	761.5068664550781
22998	position_diff	140.0714454650879	444.01832580566406
23013	orientation_diff	155.7425765991211	438.3437042236328
23014	orientation_diff	156.141845703125	437.54709243774414
23015	orientation_diff	157.1186065673828	438.1986503601074
23016	orientation_diff	157.2087745666504	437.8134059906006
23017	orientation_diff	156.4583854675293	436.94969177246094
23018	orientation_diff	158.90899276733398	431.51377296447754
23019	orientation_diff	157.79790496826172	430.23958587646484
23020	orientation_diff	159.2643928527832	435.2453441619873
23021	orientation_diff	160.42943954467773	433.88330841064453
23022	orientation_diff	162.88573455810547	433.70597076416016
23023	orientation_diff	165.67998886108398	432.1315612792969
23024	orientation_diff	165.50767707824707	429.980920791626
23025	orientation_diff	165.33536529541016	427.8302803039551
23044	orientation_diff	463.9807319641113	853.2981224060059
23056	orientation_diff	460.6663475036621	854.7101306915283
23067	orientation_diff	283.7694396972656	831.8110504150391
23068	orientation_diff	287.391056060791	830.6579246520996
23069	orientation_diff	286.42320251464844	829.364221572876
23072	orientation_diff	284.7971534729004	824.1047801971436
23073	orientation_diff	285.77935791015625	823.5867233276367
23112	orientation_diff	448.1435546875	846.5528411865234
23113	orientation_diff	447.9295120239258	846.4893951416016
23397	orientation_diff	641.5519599914551	871.9175338745117
23398	orientation_diff	641.5864601135254	869.1498794555664
23399	orientation_diff	639.5688133239746	869.8953132629395
23400	orientation_diff	640.1359901428223	866.7179431915283
23401	orientation_diff	639.9640731811523	866.9896869659424
23402	orientation_diff	642.0584239959717	867.1596279144287
23403	orientation_diff	641.2381706237793	869.5602416992188
23405	orientation_diff	414.07777404785156	850.4731559753418
23409	orientation_diff	416.71878814697266	850.5199699401855
23410	orientation_diff	640.002140045166	864.1546173095703
23411	orientation_diff	847.6956329345703	638.7940635681152
23412	orientation_diff	640.038932800293	864.1834411621094
23413	orientation_diff	639.9762725830078	864.2345390319824
23414	orientation_diff	417.81683349609375	845.8912963867188
23415	orientation_diff	416.5549964904785	845.6198272705078
23416	orientation_diff	419.98737716674805	844.0151863098145
23417	orientation_diff	423.7236518859863	841.9586868286133
23418	orientation_diff	841.2445468902588	638.3102340698242
23419	orientation_diff	418.940731048584	840.6568145751953
23420	orientation_diff	420.36856842041016	840.8954639434814
23421	orientation_diff	637.7746772766113	861.9351692199707
23422	orientation_diff	633.8700256347656	860.5147666931152
23423	orientation_diff	633.3427696228027	859.8266181945801
23424	orientation_diff	421.9660873413086	831.8551769256592
23425	orientation_diff	422.35725021362305	832.2771167755127
23426	orientation_diff	424.648250579834	826.4304275512695
23427	orientation_diff	422.6774082183838	827.8278942108154
23428	orientation_diff	421.25017738342285	823.5337619781494
23429	orientation_diff	425.82381439208984	816.9986152648926
23430	orientation_diff	421.2960624694824	820.0549812316895
23633	position_diff	807.2286071777344	784.2015075683594
23638	orientation_diff	798.4118041992188	780.8899993896484
23639	orientation_diff	797.8448867797852	780.4790573120117
23640	orientation_diff	797.5313949584961	780.7389583587646
23641	orientation_diff	795.7984504699707	778.980791091919
23642	orientation_diff	793.1636047363281	781.1551189422607
23645	orientation_diff	792.8315029144287	775.8727569580078
23646	orientation_diff	788.6717185974121	778.7243633270264
23647	orientation_diff	789.5950469970703	776.8382358551025
23648	orientation_diff	789.6051025390625	778.5629425048828
23649	orientation_diff	790.1913261413574	777.5180053710938
23650	orientation_diff	788.0770606994629	776.9487571716309
23651	orientation_diff	786.9440765380859	776.5045642852783
23652	orientation_diff	785.8316650390625	775.1384010314941
23653	orientation_diff	785.3964576721191	774.3932571411133
23654	orientation_diff	785.4649963378906	774.2815055847168
23655	orientation_diff	785.5830268859863	774.2787551879883
23656	orientation_diff	786.0404090881348	774.8990840911865
23657	orientation_diff	786.3809127807617	776.3291015625
23658	orientation_diff	784.3017756144206	774.5506744384766
23659	orientation_diff	785.3413441975911	775.4398880004883
23660	orientation_diff	783.26220703125	773.6614608764648
23661	orientation_diff	781.9311294555664	776.0290985107422
23664	orientation_diff	775.5724296569824	774.7550048828125
23665	orientation_diff	774.107063293457	776.4840393066406
23711	orientation_diff	846.1868019104004	619.4556159973145
23712	orientation_diff	846.3397254943848	620.6486053466797
23713	orientation_diff	846.209774017334	619.1009979248047
23714	orientation_diff	845.1711730957031	618.9060134887695
23715	orientation_diff	842.1095199584961	621.7742462158203
23716	orientation_diff	840.8519859313965	621.5721168518066
23717	orientation_diff	840.2256851196289	620.3405952453613
23719	orientation_diff	842.504695892334	624.241512298584
23720	orientation_diff	839.2329711914062	627.2946395874023
23721	orientation_diff	840.2860736846924	621.7724761962891
23722	orientation_diff	839.7373428344727	622.0114631652832
23723	orientation_diff	838.6794815063477	622.2300834655762
23724	orientation_diff	839.2578353881836	622.0543060302734
23725	orientation_diff	841.2206401824951	624.202579498291
23726	position_diff	845.2425079345703	620.3725395202637
23727	position_diff	844.4078750610352	619.6325531005859
23728	orientation_diff	835.2103157043457	619.038384437561
23729	orientation_diff	838.2761688232422	619.2364406585693
23730	position_diff	841.3420219421387	619.4344968795776
23731	orientation_diff	832.1444625854492	618.8403282165527
23732	orientation_diff	830.0630798339844	621.4331169128418
23733	orientation_diff	831.388599395752	625.2500038146973
23734	orientation_diff	832.2358913421631	627.0699939727783
23735	orientation_diff	833.0108337402344	628.362678527832
23736	orientation_diff	827.7924499511719	623.1162548065186
23737	orientation_diff	827.8151893615723	622.502836227417
23738	orientation_diff	827.3446578979492	623.3169059753418
23739	orientation_diff	825.337610244751	621.1857604980469
23740	orientation_diff	828.6163139343262	624.1663227081299
23741	orientation_diff	827.1614532470703	621.0134010314941
23742	orientation_diff	828.2223472595215	619.396354675293
23743	orientation_diff	825.709210395813	616.3343276977539
23744	orientation_diff	826.5469226837158	617.3550033569336
23745	orientation_diff	827.3846349716187	618.3756790161133
23746	orientation_diff	824.8714981079102	615.3136520385742
23747	orientation_diff	822.0714378356934	615.5867500305176
23817	orientation_diff	747.0030040740967	801.5565090179443
23818	orientation_diff	747.1562004089355	804.8017311096191
23819	orientation_diff	209.22706604003906	250.96268463134766
23820	orientation_diff	210.0472640991211	251.5849494934082
23821	position_diff	748.3224430084229	797.753288269043
23822	orientation_diff	208.48508834838867	253.52673721313477
23823	orientation_diff	745.9036293029785	799.0711631774902
23824	orientation_diff	743.1287651062012	801.6194229125977
23825	orientation_diff	736.8435897827148	810.3563079833984
23826	orientation_diff	737.0074481964111	807.7851791381836
23827	orientation_diff	745.0533142089844	796.4736595153809
23828	orientation_diff	740.6490859985352	795.865550994873
23829	orientation_diff	739.4771251678467	796.2470207214355
23830	orientation_diff	740.966760635376	796.0880508422852
23831	orientation_diff	740.6207942962646	800.5507736206055
23833	orientation_diff	739.4007682800293	807.1200942993164
23834	orientation_diff	740.3245277404785	798.1473960876465
23835	orientation_diff	741.9098987579346	797.9651317596436
23836	orientation_diff	743.4952697753906	797.7828674316406
23837	orientation_diff	740.603551864624	798.4478034973145
23839	orientation_diff	743.1480484008789	799.3507041931152
23847	position_diff	748.6290245056152	810.6781196594238
23848	position_diff	747.3304405212402	812.7793045043945
23849	position_diff	746.5329322814941	814.1242828369141
23850	position_diff	747.434497833252	813.804328918457
23906	orientation_diff	789.9406471252441	749.1275081634521
23907	orientation_diff	789.8535232543945	747.0579872131348
23908	orientation_diff	789.5486965179443	743.0068798065186
23909	orientation_diff	790.4617233276367	746.8891048431396
23910	orientation_diff	786.1346664428711	736.4746522903442
23911	orientation_diff	787.577018737793	739.9461364746094
23912	orientation_diff	789.0193710327148	743.4176206588745
23913	orientation_diff	784.6923141479492	733.0031681060791
23916	position_diff	853.4461097717285	730.727165222168
23917	position_diff	848.9520568847656	730.5712890625
23924	orientation_diff	846.971004486084	721.2067680358887
23929	orientation_diff	842.571891784668	713.5373115539551
23930	orientation_diff	841.7957038879395	714.3452491760254
23931	orientation_diff	842.6511917114258	712.0460319519043
23932	orientation_diff	842.74049949646	709.3732223510742
23933	orientation_diff	841.6802978515625	707.9528865814209
23934	orientation_diff	840.6764545440674	706.2693367004395
23935	orientation_diff	840.4281959533691	705.925407409668
23936	orientation_diff	840.4485969543457	709.6729164123535
23937	orientation_diff	838.1563854217529	703.3668270111084
23938	orientation_diff	835.9104242324829	703.022349357605
23939	orientation_diff	833.6644630432129	702.6778717041016
23940	orientation_diff	827.5864499409994	699.5571759541829
23941	orientation_diff	830.6254564921061	701.1175238291423
23942	orientation_diff	824.5474433898926	697.9968280792236
23943	orientation_diff	821.867130279541	696.0722961425781
23944	orientation_diff	819.9624824523926	695.0306644439697
23945	orientation_diff	820.834888458252	693.5206775665283
23946	orientation_diff	821.7095069885254	692.753662109375
24048	position_diff	142.45293045043945	473.39973068237305
24050	orientation_diff	149.78055953979492	461.2624320983887
24051	orientation_diff	148.7956771850586	461.98340606689453
24055	orientation_diff	151.05683135986328	462.34766006469727
24062	orientation_diff	151.35414123535156	463.2501754760742
24063	orientation_diff	150.62631607055664	464.15700912475586
24065	orientation_diff	151.12211990356445	462.3134536743164
24066	orientation_diff	151.05411911010742	463.99724197387695
24067	orientation_diff	149.22113418579102	459.1155776977539
24068	orientation_diff	150.25204467773438	461.5101890563965
24070	orientation_diff	150.99760055541992	458.32981872558594
24071	orientation_diff	605.7274284362793	888.518367767334
24072	orientation_diff	604.2680969238281	887.0308570861816
24073	orientation_diff	601.091869354248	892.8440856933594
24074	orientation_diff	602.6238555908203	890.5864486694336
24075	orientation_diff	601.8149185180664	890.0915145874023
24076	orientation_diff	604.1659812927246	888.0603904724121
24077	orientation_diff	601.9687519073486	888.951042175293
24078	orientation_diff	163.0216941833496	451.19939041137695
24079	orientation_diff	605.9788475036621	883.8515281677246
24080	orientation_diff	604.9501304626465	883.8297424316406
24081	orientation_diff	600.0396194458008	886.4463157653809
24082	orientation_diff	599.7181510925293	884.5949376424154
24083	orientation_diff	599.878885269165	885.5206267038981
24084	orientation_diff	599.5574169158936	883.6692485809326
24085	orientation_diff	597.3044204711914	882.6011428833008
24086	orientation_diff	600.2238082885742	877.9021282196045
24087	orientation_diff	598.4069900512695	878.9631843566895
24088	orientation_diff	599.2066612243652	880.3354969024658
24089	orientation_diff	594.0735511779785	882.1381912231445
24090	orientation_diff	596.2418556213379	875.1852951049805
24091	orientation_diff	593.9178771972656	874.2474937438965
24092	orientation_diff	593.5618286132812	874.2163581848145
24093	orientation_diff	591.7960586547852	876.8464202880859
24105	orientation_diff	593.1323280334473	882.7904281616211
24107	orientation_diff	584.2822914123535	876.5037002563477
24108	orientation_diff	583.5337359110514	876.4981371561687
24109	orientation_diff	583.9080136617025	876.5009187062581
24325	orientation_diff	442.7034149169922	114.3563232421875
24326	orientation_diff	445.1000099182129	114.67203521728516
24327	orientation_diff	442.9144630432129	113.75946807861328
24328	orientation_diff	444.94565200805664	114.6395149230957
24329	orientation_diff	442.67190170288086	111.50151062011719
24330	orientation_diff	440.19364166259766	112.6601791381836
24331	orientation_diff	441.9035758972168	112.64206314086914
24332	orientation_diff	441.24948501586914	113.83469009399414
24334	orientation_diff	442.1382598876953	115.18339920043945
24335	orientation_diff	439.34224700927734	117.81620025634766
24336	orientation_diff	437.64892196655273	120.65168380737305
24337	orientation_diff	439.3630676269531	119.84688186645508
24338	orientation_diff	440.37945556640625	119.7835922241211
24339	orientation_diff	439.7035446166992	121.29336929321289
24434	orientation_diff	754.1437492370605	815.0102233886719
24435	orientation_diff	755.109245300293	811.4674072265625
24436	position_diff	756.0747413635254	807.9245910644531
24437	orientation_diff	755.3314514160156	810.8098182678223
24438	orientation_diff	752.5895252227783	817.821044921875
24439	orientation_diff	754.6948623657227	813.4780006408691
24441	orientation_diff	751.7571487426758	815.8037910461426
24443	orientation_diff	749.7961387634277	817.4189224243164
24445	orientation_diff	749.9509620666504	820.4851493835449
24446	orientation_diff	749.3533172607422	818.2123336791992
24447	orientation_diff	749.9707355499268	818.5408821105957
24449	orientation_diff	752.4621467590332	818.4385795593262
24450	orientation_diff	748.5133895874023	820.4757385253906
24451	orientation_diff	744.5761222839355	818.2117156982422
24452	orientation_diff	746.5997009277344	815.851749420166
24453	orientation_diff	737.8692398071289	820.1024932861328
24454	orientation_diff	742.6073532104492	815.9519309997559
24455	orientation_diff	743.544023513794	816.7309532165527
24456	orientation_diff	743.0929489135742	814.7502784729004
24457	orientation_diff	744.0226707458496	813.0593872070312
24458	orientation_diff	748.0241298675537	808.5700645446777
24459	orientation_diff	748.3398704528809	808.9608402252197
24460	orientation_diff	748.3724250793457	808.1480865478516
24461	orientation_diff	745.341230392456	807.6101551055908
24462	orientation_diff	742.6528778076172	807.5797958374023
24463	orientation_diff	742.6067333221436	803.9292707443237
24464	orientation_diff	742.5605888366699	800.2787456512451
24465	orientation_diff	749.109432220459	801.6202545166016
24466	orientation_diff	747.9823112487793	802.5403137207031
24467	orientation_diff	744.4558296203613	800.0777626037598
24468	orientation_diff	745.5309371948242	799.0241241455078
24469	orientation_diff	748.5890464782715	797.2812805175781
24470	orientation_diff	744.3809013366699	794.0317611694336
24471	orientation_diff	743.2528266906738	795.3403205871582
24472	orientation_diff	741.8339290618896	795.7219848632812
24473	orientation_diff	740.2921714782715	797.5477428436279
24513	orientation_diff	598.4797325134277	142.39310836791992
24514	orientation_diff	599.3313636779785	142.10450744628906
24515	orientation_diff	596.1298065185547	144.56487655639648
24517	orientation_diff	593.0809121131897	143.49917030334473
24518	orientation_diff	593.8679265975952	143.88763809204102
24520	orientation_diff	592.2938976287842	143.11070251464844
24521	orientation_diff	593.5537414550781	143.24551391601562
24522	orientation_diff	592.5321159362793	144.03373336791992
24523	orientation_diff	591.5332431793213	146.06116485595703
24524	orientation_diff	592.4426441192627	148.52764892578125
24525	orientation_diff	595.3158054351807	148.9984588623047
24526	orientation_diff	595.6632194519043	151.42072677612305
24527	orientation_diff	591.8996467590332	149.77910614013672
24528	orientation_diff	591.846866607666	150.44475173950195
24529	orientation_diff	593.0454483032227	151.11535263061523
24530	orientation_diff	593.6207809448242	153.80896759033203
24531	orientation_diff	590.3799648284912	151.10190200805664
24532	orientation_diff	596.5835113525391	150.0202751159668
24533	orientation_diff	595.1448402404785	149.78942108154297
24583	orientation_diff	228.5397605895996	757.6155891418457
24584	orientation_diff	228.28380584716797	754.5487957000732
24594	orientation_diff	875.6826591491699	562.010368347168
24595	orientation_diff	874.1105575561523	561.9414138793945
24596	orientation_diff	874.8321304321289	559.4948043823242
24597	orientation_diff	871.5555381774902	560.3604164123535
24598	orientation_diff	870.7599849700928	564.0841178894043
24599	orientation_diff	869.2392406463623	560.8143882751465
24600	orientation_diff	868.3036956787109	560.176097869873
24601	orientation_diff	867.9222869873047	558.6391181945801
24602	orientation_diff	224.88531112670898	752.9092216491699
24603	orientation_diff	226.3330307006836	750.4181156158447
24604	orientation_diff	225.73825073242188	749.3253402709961
24605	orientation_diff	226.30846786499023	749.0955066680908
24606	orientation_diff	859.7990856170654	563.5723457336426
24607	orientation_diff	861.242036819458	562.994873046875
24608	orientation_diff	857.0770893096924	565.2159194946289
24609	orientation_diff	859.2889251708984	567.5131950378418
24610	orientation_diff	858.879566192627	559.2185096740723
24611	orientation_diff	855.2955703735352	562.2134094238281
24612	orientation_diff	852.5144691467285	559.9514694213867
24613	orientation_diff	231.66002655029297	747.6440544128418
24614	orientation_diff	851.8646602630615	557.4205551147461
24615	orientation_diff	852.1101541519165	555.2583913803101
24616	orientation_diff	852.3556480407715	553.096227645874
24617	orientation_diff	850.675121307373	552.6366386413574
24618	orientation_diff	848.1242065429688	556.8164138793945
24619	orientation_diff	847.61549949646	556.914514541626
24620	orientation_diff	844.7161540985107	560.6479415893555
24621	orientation_diff	844.2393074035645	556.1143684387207
24622	orientation_diff	846.4497604370117	554.5990371704102
24623	position_diff	847.689208984375	554.0411834716797
24624	orientation_diff	234.11341094970703	738.3158988952637
24625	orientation_diff	232.02842330932617	738.1855621337891
24626	orientation_diff	229.68992614746094	737.7056655883789
24628	orientation_diff	227.9933624267578	738.0985717773438
24629	orientation_diff	227.14475631713867	736.7053642272949
24630	orientation_diff	224.60238647460938	736.6410331726074
24631	orientation_diff	225.69773483276367	734.3471946716309
24633	orientation_diff	232.84856796264648	730.9324760437012
24634	orientation_diff	233.79853439331055	726.1210060119629
24711	orientation_diff	861.852725982666	704.5039901733398
24719	orientation_diff	853.9268379211426	700.8755302429199
24720	orientation_diff	852.9796524047852	697.1622009277344
24721	orientation_diff	852.9146156311035	696.1979675292969
24722	orientation_diff	854.153736114502	692.8842544555664
24723	orientation_diff	851.4816646575928	693.8980445861816
24724	orientation_diff	850.8049049377441	693.8943939208984
24725	orientation_diff	375.1380081176758	862.999641418457
24726	orientation_diff	374.4271354675293	862.2783966064453
24727	orientation_diff	376.5822639465332	861.7588348388672
24728	orientation_diff	377.63038635253906	862.6415138244629
24729	orientation_diff	375.3925361633301	861.4989891052246
24730	orientation_diff	376.9634590148926	860.5391883850098
24733	orientation_diff	370.8769226074219	862.3767623901367
24735	orientation_diff	376.61754989624023	864.6690063476562
24736	orientation_diff	376.40807723999023	860.3209203084309
24737	orientation_diff	376.51281356811523	862.4949633280437
24738	orientation_diff	376.30334091186523	858.1468772888184
24739	orientation_diff	376.9376220703125	856.6733169555664
24740	orientation_diff	376.8883285522461	854.2114028930664
24741	orientation_diff	378.6663818359375	853.4654808044434
24742	orientation_diff	379.66761016845703	853.0716953277588
24743	orientation_diff	381.5026435852051	850.0831050872803
24744	orientation_diff	381.7648620605469	843.6238174438477
24746	orientation_diff	384.8246765136719	847.8541069030762
24783	orientation_diff	263.62928009033203	788.2190895080566
24784	orientation_diff	264.51356760660804	787.2907778422037
24785	orientation_diff	264.0714238484701	787.7549336751302
24786	orientation_diff	264.9557113647461	786.8266220092773
24788	orientation_diff	264.89846420288086	785.8232231140137
24800	orientation_diff	262.5560836791992	777.3425178527832
24801	orientation_diff	262.12004470825195	775.0649108886719
24802	orientation_diff	262.3858184814453	774.9620208740234
24803	orientation_diff	259.80997467041016	775.7729835510254
24804	orientation_diff	257.7081756591797	775.5705490112305
24805	orientation_diff	260.3728256225586	775.0214157104492
24806	orientation_diff	260.20530954996747	774.8918609619141
24807	orientation_diff	260.289067586263	774.9566383361816
24808	orientation_diff	260.1215515136719	774.8270835876465
24809	orientation_diff	259.68841552734375	771.6964263916016
24810	orientation_diff	258.6122646331787	769.4496593475342
24811	orientation_diff	258.9573554992676	769.496431350708
24812	orientation_diff	259.09716415405273	766.7202644348145
24813	orientation_diff	254.73715209960938	772.2654838562012
24814	orientation_diff	255.15471267700195	767.4377861022949
24834	orientation_diff	667.342227935791	886.3594512939453
24843	orientation_diff	665.8591270446777	881.0141487121582
24844	orientation_diff	664.9573268890381	879.5130958557129
24845	orientation_diff	664.1277751922607	878.16064453125
24846	orientation_diff	664.0287132263184	877.4205627441406
24847	orientation_diff	664.5490684509277	875.552806854248
24848	orientation_diff	665.5112419128418	874.0584049224854
24855	orientation_diff	665.783447265625	869.4052124023438
24856	orientation_diff	667.1360931396484	866.6784973144531
24857	orientation_diff	667.3668403625488	864.2164192199707
24858	orientation_diff	668.2467041015625	865.9179267883301
24859	orientation_diff	667.1747131347656	862.3751220703125
24860	orientation_diff	668.9313354492188	862.4546318054199
24861	orientation_diff	666.636589050293	861.9710731506348
24862	orientation_diff	669.0591163635254	860.0781059265137
24863	orientation_diff	666.9928512573242	861.1986274719238
24864	orientation_diff	667.8741054534912	860.6084899902344
24865	orientation_diff	668.7553596496582	860.0183525085449
24883	orientation_diff	670.1537017822266	130.3058624267578
24884	orientation_diff	671.7026290893555	132.14163208007812
24896	orientation_diff	667.4423408508301	160.7099151611328
24923	orientation_diff	605.8133373260498	146.37222290039062
24924	orientation_diff	605.7989902496338	147.45483016967773
24925	orientation_diff	605.67307472229	149.27621841430664
24926	orientation_diff	605.232536315918	149.0280303955078
24927	orientation_diff	604.6394081115723	146.31499099731445
24928	orientation_diff	604.7039222717285	148.89990615844727
24929	orientation_diff	874.9563674926758	652.7016067504883
24930	orientation_diff	872.6413192749023	651.8041152954102
24932	orientation_diff	872.029426574707	650.7708473205566
24934	orientation_diff	867.968936920166	646.4591865539551
24935	orientation_diff	604.6169624328613	150.05994033813477
24936	orientation_diff	603.5012283325195	147.5396385192871
24949	orientation_diff	592.4152011871338	152.11228942871094
24950	orientation_diff	592.6883277893066	152.97373962402344
24951	orientation_diff	591.2443428039551	152.2605743408203
24952	orientation_diff	593.1765518188477	144.48351669311523
24953	orientation_diff	594.7322616577148	149.01332092285156
25050	orientation_diff	384.6519775390625	876.0176124572754
25055	orientation_diff	378.9326057434082	866.7680015563965
25056	orientation_diff	375.65464782714844	870.1307640075684
25057	orientation_diff	374.2200927734375	870.8275871276855
25058	orientation_diff	375.01740646362305	871.0827503204346
25059	orientation_diff	375.85174560546875	866.6715621948242
25060	orientation_diff	375.8068046569824	866.3502311706543
25061	orientation_diff	375.5618724822998	867.026237487793
25062	orientation_diff	375.77940368652344	865.8181457519531
25063	orientation_diff	373.4639091491699	866.2661724090576
25064	orientation_diff	373.354772567749	864.2592658996582
25065	orientation_diff	372.4620018005371	861.0854167938232
25066	orientation_diff	373.0812873840332	863.2123107910156
25067	orientation_diff	372.12720108032227	866.2394485473633
25068	orientation_diff	372.03617095947266	862.4554100036621
25069	orientation_diff	373.92512130737305	861.5913677215576
25071	orientation_diff	886.5470886230469	478.43213653564453
25073	orientation_diff	371.9162788391113	859.8225631713867
25076	orientation_diff	883.0124397277832	484.24513244628906
25077	orientation_diff	879.184663772583	480.7482662200928
25078	orientation_diff	878.368579864502	481.8559322357178
25079	orientation_diff	877.0979671478271	481.482967376709
25080	orientation_diff	875.6370906829834	481.78772099812824
25081	orientation_diff	876.3675289154053	481.63534418741864
25082	orientation_diff	874.9066524505615	481.9400978088379
25083	orientation_diff	873.0149641036987	483.12060928344727
25084	orientation_diff	871.1232757568359	484.30112075805664
25085	orientation_diff	869.8765487670898	488.55907821655273
25086	orientation_diff	871.2930526733398	482.1455421447754
25087	orientation_diff	871.7207641601562	484.9055633544922
25102	orientation_diff	854.6998291015625	479.9421920776367
25179	orientation_diff	333.8229522705078	847.925666809082
25180	orientation_diff	333.6666603088379	847.8258209228516
25181	orientation_diff	334.70320892333984	844.9252662658691
25182	orientation_diff	334.5169143676758	849.0388107299805
25183	orientation_diff	331.6068344116211	847.9549808502197
25184	orientation_diff	331.2700424194336	847.0718574523926
25214	orientation_diff	718.6382598876953	553.8142356872559
25220	position_diff	696.9555521011353	607.0177459716797
25234	orientation_diff	185.34606170654297	700.2395439147949
25236	orientation_diff	187.03682327270508	701.4718551635742
25241	orientation_diff	187.98971939086914	693.3802299499512
25242	orientation_diff	192.9694709777832	697.0592613220215
25243	orientation_diff	193.89044189453125	692.1317901611328
25279	orientation_diff	764.1154975891113	822.2427787780762
25280	orientation_diff	764.0286712646484	822.0300369262695
25281	orientation_diff	763.9418449401855	821.8172950744629
25282	orientation_diff	765.2455024719238	821.8234443664551
25283	orientation_diff	765.6605987548828	823.0739402770996
25284	orientation_diff	763.6720237731934	823.4024810791016
25285	orientation_diff	765.2071590423584	819.5377922058105
25286	orientation_diff	764.7290382385254	820.2433032989502
25287	orientation_diff	765.9667053222656	818.4565162658691
25288	orientation_diff	765.7930107116699	820.1134223937988
25289	orientation_diff	768.3411827087402	817.0228729248047
25309	orientation_diff	766.1264724731445	797.7330932617188
25310	orientation_diff	764.2416114807129	797.6354331970215
25311	orientation_diff	767.186601638794	795.5735301971436
25312	orientation_diff	766.1447277069092	795.3509635925293
25313	orientation_diff	766.6606140136719	795.3542366027832
25314	orientation_diff	768.6893348693848	792.6853790283203
25315	orientation_diff	769.4696006774902	795.1356391906738
25346	orientation_diff	195.59881973266602	704.0604438781738
25347	orientation_diff	203.49449920654297	702.8839454650879
25364	orientation_diff	308.8714370727539	147.06501007080078
25367	orientation_diff	785.2591552734375	773.611213684082
25368	orientation_diff	781.5470066070557	769.1671485900879
25369	orientation_diff	306.704345703125	154.32314682006836
25374	orientation_diff	314.98609161376953	155.01476669311523
25385	orientation_diff	760.459774017334	747.410514831543
25386	orientation_diff	761.5722465515137	744.5026321411133
25387	orientation_diff	760.545036315918	737.4718360900879
25388	orientation_diff	756.6067352294922	730.7639923095703
25508	orientation_diff	870.2673263549805	493.4543876647949
25509	orientation_diff	871.1011276245117	493.3660774230957
25510	orientation_diff	873.2206764221191	496.1606788635254
25511	orientation_diff	870.6369857788086	496.5625648498535
25512	orientation_diff	870.0439949035645	498.3382377624512
25513	orientation_diff	871.2523612976074	497.9983825683594
25514	orientation_diff	870.6822910308838	498.2271537780762
25515	orientation_diff	868.6647472381592	506.6188850402832
25516	orientation_diff	874.0662288665771	504.0938911437988
25517	position_diff	876.0797443389893	506.0808906555176
25617	orientation_diff	898.1361217498779	548.0251350402832
25619	orientation_diff	892.4059791564941	543.5600757598877
25628	orientation_diff	901.1278495788574	547.5573921203613
25629	orientation_diff	902.0495338439941	549.0388526916504
25630	orientation_diff	899.8120079040527	547.6164703369141
25631	orientation_diff	899.8845958709717	546.1566162109375
25632	orientation_diff	898.3944931030273	547.9562492370605
25633	orientation_diff	899.2930278778076	546.9411697387695
25634	orientation_diff	901.5747489929199	546.910213470459
25635	orientation_diff	900.821849822998	548.1039047241211
25643	orientation_diff	895.4069004058838	552.1052932739258
25648	orientation_diff	891.102237701416	543.7453956604004
25680	orientation_diff	782.9828777313232	240.3940315246582
25681	orientation_diff	778.6059341430664	242.0086326599121
25703	orientation_diff	769.7663402557373	250.7631072998047
25704	orientation_diff	767.2579898834229	248.1211280822754
25705	position_diff	775.0948848724365	242.18006896972656
25707	orientation_diff	767.1117477416992	242.5113182067871
25708	position_diff	773.0575008392334	236.6729621887207
25759	orientation_diff	342.3647766113281	833.2804679870605
25760	orientation_diff	803.4266605377197	773.9912414550781
25761	orientation_diff	805.3022003173828	773.0279579162598
25762	orientation_diff	803.0819931030273	774.0215797424316
25764	orientation_diff	793.5569343566895	774.890625
25765	orientation_diff	796.413932800293	773.4422149658203
25766	orientation_diff	793.85964012146	771.8232421875
25767	orientation_diff	792.7332077026367	772.5928421020508
25768	orientation_diff	789.4750347137451	769.6797142028809
25802	orientation_diff	753.8008346557617	793.7988891601562
25818	position_diff	770.3243064880371	587.0068073272705
25820	position_diff	763.7430267333984	591.5473384857178
25821	position_diff	762.3806953430176	591.608039855957
25822	position_diff	761.7971096038818	591.4395599365234
25823	position_diff	764.3257522583008	595.7841453552246
25824	position_diff	765.0679969787598	594.5109825134277
25825	position_diff	765.4997100830078	595.6646957397461
25826	position_diff	766.0327129364014	594.7436676025391
25827	position_diff	764.1596145629883	590.8139514923096
25828	position_diff	767.7364768981934	591.491678237915
25830	position_diff	767.379280090332	590.7064819335938
25831	position_diff	767.8353672027588	589.2882442474365
25832	position_diff	769.6603260040283	588.2018337249756
25897	orientation_diff	900.0531520843506	523.0958595275879
25898	orientation_diff	893.2104206085205	523.9211692810059
25899	orientation_diff	890.8963470458984	525.2677536010742
25900	orientation_diff	893.4481925964355	527.1755619049072
25901	orientation_diff	895.0038261413574	525.5096626281738
25902	orientation_diff	892.73655128479	524.5040264129639
25903	orientation_diff	892.4706630706787	523.3498153686523
25904	orientation_diff	890.7021999359131	523.2717685699463
25905	orientation_diff	883.8194885253906	527.3718338012695
25907	orientation_diff	884.4113368988037	524.4981689453125
25908	orientation_diff	882.7524967193604	523.5505180358887
25909	orientation_diff	883.2539291381836	523.1437606811523
25910	orientation_diff	886.4346466064453	521.4454078674316
25911	orientation_diff	884.2386436462402	520.0017929077148
25927	orientation_diff	831.5402412414551	289.71593856811523
25928	orientation_diff	828.5474071502686	290.81493377685547
25929	orientation_diff	827.7146625518799	290.78001403808594
25930	orientation_diff	829.2273559570312	288.7923355102539
25932	orientation_diff	824.3060073852539	289.22751235961914
25933	orientation_diff	824.6471862792969	292.63427734375
25934	orientation_diff	823.0177593231201	295.6745262145996
25935	orientation_diff	821.4331169128418	293.98577880859375
25936	orientation_diff	821.2513084411621	294.27067947387695
25937	orientation_diff	819.6729030609131	295.0242385864258
25938	orientation_diff	819.2106399536133	296.5013084411621
25939	orientation_diff	819.6603584289551	296.44871520996094
25940	orientation_diff	817.3898429870605	297.801025390625
25941	orientation_diff	815.2323532104492	299.83167266845703
25942	orientation_diff	816.3110980987549	298.816349029541
25943	orientation_diff	814.1536083221436	300.84699630737305
25944	orientation_diff	812.6184997558594	300.72301864624023
25945	orientation_diff	811.3844032287598	299.8314666748047
26104	orientation_diff	621.0107250213623	119.88600158691406
26116	orientation_diff	609.6890449523926	134.0258560180664
26117	orientation_diff	609.503662109375	134.96084594726562
26118	orientation_diff	608.8718431260851	133.6243379380968
26119	orientation_diff	608.2400241427952	132.28782992892795
26120	orientation_diff	607.6082051595052	130.95132191975912
26121	orientation_diff	606.9763861762153	129.61481391059027
26122	orientation_diff	606.3445671929253	128.27830590142145
26123	orientation_diff	605.7127482096354	126.94179789225261
26124	orientation_diff	605.0809292263455	125.60528988308377
26125	orientation_diff	604.4491102430555	124.26878187391493
26126	orientation_diff	603.8172912597656	122.9322738647461
26127	orientation_diff	603.1589088439941	123.86434936523438
26128	orientation_diff	600.9372100830078	125.51227188110352
26158	orientation_diff	898.1258735656738	565.7600364685059
26160	orientation_diff	893.5909366607666	567.2265739440918
26161	orientation_diff	894.8364696502686	564.7117538452148
26162	orientation_diff	896.1119499206543	566.320629119873
26165	orientation_diff	895.5850563049316	563.9903335571289
26166	orientation_diff	894.8566932678223	563.5142440795898
26167	orientation_diff	897.3077430725098	563.7261428833008
26168	orientation_diff	896.9155006408691	563.1766242980957
26169	orientation_diff	896.127498626709	563.10791015625
26170	orientation_diff	896.2967071533203	561.5430526733398
26171	orientation_diff	893.672004699707	560.8807067871094
26172	orientation_diff	893.5310554504395	562.3814239501953
26177	orientation_diff	539.9584579467773	126.27033996582031
26191	orientation_diff	525.830997467041	135.67881393432617
26192	orientation_diff	527.2743110656738	136.8807373046875
26193	orientation_diff	524.6464004516602	137.78599548339844
26195	orientation_diff	523.3936538696289	143.2552719116211
26196	orientation_diff	523.7004013061523	145.40758895874023
26385	orientation_diff	159.43958282470703	361.7802619934082
26386	orientation_diff	160.2976837158203	361.43389892578125
26387	orientation_diff	162.7160186767578	361.857177734375
26388	orientation_diff	162.15330123901367	362.79229736328125
26389	orientation_diff	162.66857528686523	356.48068618774414
26390	orientation_diff	164.07443237304688	360.59667205810547
26391	orientation_diff	168.36892318725586	361.77902603149414
26392	orientation_diff	170.15154647827148	361.5064392089844
26393	orientation_diff	173.8658447265625	361.7860336303711
26394	orientation_diff	173.92354583740234	361.3980712890625
26402	position_diff	750.5209471384684	653.1704533894856
26403	position_diff	751.9482816060384	641.9347254435222
26512	orientation_diff	152.99961471557617	322.19655990600586
26533	orientation_diff	179.7527198791504	606.4823417663574
26534	orientation_diff	180.48688888549805	605.3753604888916
26535	orientation_diff	183.74092864990234	606.4568748474121
26536	orientation_diff	184.46969604492188	606.6741142272949
26537	orientation_diff	185.0614471435547	606.9124069213867
26538	orientation_diff	186.53473281860352	605.4431896209717
26539	orientation_diff	186.58602142333984	605.8941249847412
26540	orientation_diff	187.37955474853516	605.7996139526367
26541	orientation_diff	189.83754348754883	611.8607177734375
26542	orientation_diff	189.47777557373047	606.4496383666992
26543	orientation_diff	190.76255798339844	603.7877311706543
26544	orientation_diff	191.27476501464844	607.3554840087891
26545	orientation_diff	190.7333755493164	606.5411605834961
26546	orientation_diff	191.0061798095703	605.0505218505859
26547	orientation_diff	193.4239501953125	606.339786529541
26548	orientation_diff	193.07727432250977	602.9620685577393
26549	orientation_diff	193.21314430236816	601.5586252212524
26550	orientation_diff	193.34901428222656	600.1551818847656
26551	orientation_diff	195.05783081054688	601.351583480835
26552	orientation_diff	197.10652542114258	596.2797317504883
26556	orientation_diff	895.4908752441406	421.0757827758789
26565	orientation_diff	890.4458770751953	418.874324798584
26566	orientation_diff	887.6655921936035	424.24779891967773
26567	orientation_diff	884.0994491577148	425.1027183532715
26650	orientation_diff	772.642448425293	778.9305934906006
26651	orientation_diff	775.1826133728027	779.7146110534668
26652	orientation_diff	772.0209350585938	779.0863609313965
26653	orientation_diff	772.1844024658203	778.4971771240234
26654	orientation_diff	772.3323631286621	780.4717864990234
26655	orientation_diff	773.9667892456055	780.3604354858398
26656	orientation_diff	774.1075210571289	780.1133270263672
26657	orientation_diff	774.903678894043	779.185546875
26658	orientation_diff	771.1790542602539	778.0222320556641
26659	orientation_diff	772.0462913513184	776.3679027557373
26660	orientation_diff	772.0104331970215	777.8271312713623
26666	orientation_diff	779.0283737182617	774.9076232910156
26668	orientation_diff	777.4755439758301	774.3903846740723
26669	orientation_diff	777.6648864746094	776.106014251709
26670	orientation_diff	774.5501899719238	776.8440780639648
26671	orientation_diff	776.4238510131836	774.2665977478027
26672	orientation_diff	774.994836807251	774.7521781921387
26673	orientation_diff	774.9474620819092	774.9075241088867
26674	orientation_diff	773.9575023651123	777.3777160644531
26675	orientation_diff	775.6337776184082	774.7529602050781
26676	orientation_diff	774.3259696960449	775.5490188598633
26677	orientation_diff	775.3540153503418	775.7696685791016
26679	orientation_diff	773.9948539733887	771.4313507080078
26680	orientation_diff	773.4302062988281	772.3354301452637
26681	orientation_diff	772.2631225585938	772.6987648010254
26682	orientation_diff	771.4167823791504	773.4857406616211
26683	orientation_diff	770.7935256958008	772.5928802490234
26684	orientation_diff	769.5415534973145	770.6535186767578
26685	orientation_diff	769.8042831420898	769.5360145568848
26686	orientation_diff	770.2955551147461	769.8590126037598
26698	orientation_diff	888.1465377807617	399.65816497802734
26699	orientation_diff	885.4707183837891	401.39646911621094
26706	orientation_diff	877.6968631744385	399.60339546203613
26707	orientation_diff	876.8532905578613	398.0982208251953
26708	orientation_diff	874.9595603942871	397.7278251647949
26709	orientation_diff	875.699785232544	397.59070205688477
26710	orientation_diff	874.4702758789062	399.1644744873047
26711	orientation_diff	873.7288913726807	398.05039978027344
26712	orientation_diff	875.7248458862305	399.8325538635254
26897	orientation_diff	218.8011131286621	264.08703994750977
26900	orientation_diff	220.9923210144043	268.21693420410156
26901	orientation_diff	221.7931365966797	263.95190048217773
26911	position_diff	213.4356460571289	693.0222091674805
26912	position_diff	214.36268615722656	696.2447814941406
26913	orientation_diff	234.5612678527832	714.0851287841797
26914	orientation_diff	253.5306167602539	707.9682807922363
26923	orientation_diff	772.9757995605469	224.70926666259766
26924	orientation_diff	771.2109031677246	226.5926399230957
26925	orientation_diff	774.0472793579102	228.1228904724121
26926	orientation_diff	707.8470306396484	829.8056564331055
26927	orientation_diff	711.3923015594482	828.2203159332275
26928	orientation_diff	706.482593536377	828.9793834686279
26929	orientation_diff	770.8604888916016	230.35402297973633
26930	orientation_diff	770.6118927001953	229.63675689697266
26931	orientation_diff	769.8307628631592	229.13504028320312
26932	orientation_diff	767.2314033508301	231.2772445678711
26933	orientation_diff	771.4110202789307	227.805908203125
26934	orientation_diff	767.0309047698975	228.3019561767578
26935	orientation_diff	763.8907604217529	230.99980545043945
26936	orientation_diff	761.3794612884521	233.14945220947266
26937	orientation_diff	761.22483253479	234.09296417236328
26939	orientation_diff	762.210039138794	233.67884063720703
26942	orientation_diff	756.4979057312012	237.03078842163086
26944	orientation_diff	754.058952331543	242.12473678588867
26947	orientation_diff	756.1640033721924	241.84736251831055
26948	orientation_diff	756.9929943084717	239.84700775146484
26949	orientation_diff	758.4834690093994	239.4849452972412
26950	orientation_diff	759.9739437103271	239.12288284301758
26951	orientation_diff	759.9757537841797	238.13082122802734
26952	orientation_diff	756.8474292755127	235.58816146850586
26953	orientation_diff	757.6540851593018	235.2915204366048
26954	orientation_diff	757.2507572174072	235.43984095255536
26955	orientation_diff	758.0574131011963	235.1431999206543
26956	orientation_diff	757.1972465515137	238.35024642944336
26957	orientation_diff	758.5938949584961	235.3706512451172
26958	orientation_diff	759.4101505279541	235.53204345703125
26959	orientation_diff	757.9246234893799	239.31777572631836
26960	orientation_diff	756.2893981933594	240.75479125976562
26962	orientation_diff	754.8924566904705	241.2425702412923
27143	orientation_diff	187.9812240600586	357.8450622558594
27144	orientation_diff	192.2539291381836	361.7140693664551
27148	orientation_diff	118.31502151489258	490.1919746398926
27156	orientation_diff	128.25221252441406	490.0709228515625
27157	orientation_diff	129.56166458129883	487.4478530883789
27158	orientation_diff	129.2945671081543	491.4100570678711
27159	orientation_diff	129.7965316772461	488.4529457092285
27160	orientation_diff	130.8272590637207	487.81289291381836
27161	orientation_diff	131.8169174194336	488.3961753845215
27162	orientation_diff	130.1793212890625	488.9230041503906
27249	orientation_diff	367.8120880126953	206.48778533935547
27252	position_diff	356.48181915283203	225.87603187561035
27253	orientation_diff	381.0886764526367	235.79535675048828
27352	orientation_diff	478.131290435791	89.64717483520508
27353	orientation_diff	476.42095947265625	93.74470138549805
27354	orientation_diff	476.93957901000977	91.99283599853516
27357	orientation_diff	477.984317779541	95.21467971801758
27358	orientation_diff	478.9259605407715	95.7224235534668
27359	orientation_diff	476.50189208984375	96.45827102661133
27362	orientation_diff	488.5409164428711	95.0401382446289
27385	orientation_diff	886.7400016784668	544.6427726745605
27386	orientation_diff	884.188512802124	540.978271484375
27387	orientation_diff	883.5720558166504	545.2949295043945
27388	orientation_diff	884.327709197998	545.3369598388672
27392	orientation_diff	883.2596206665039	543.2597351074219
27403	orientation_diff	474.6420593261719	110.01237869262695
27405	orientation_diff	453.2168083190918	137.1639060974121
27408	position_diff	459.4155330657959	132.43457794189453
27409	position_diff	469.124966370432	116.7348179064299
27410	position_diff	459.6500358581543	132.42060089111328
27411	position_diff	458.36964416503906	129.13714218139648
27412	position_diff	457.2949905395508	134.83380889892578
27413	position_diff	460.79322624206543	127.14081192016602
27414	position_diff	458.9335651397705	128.57292556762695
27415	position_diff	458.3916702270508	128.9993133544922
27416	position_diff	455.9645748138428	131.8450584411621
27417	position_diff	453.58834075927734	127.83471298217773
27418	position_diff	453.3201198577881	131.84905242919922
27419	position_diff	454.2110939025879	131.91648864746094
27420	position_diff	454.01963806152344	127.82880783081055
27421	position_diff	454.73894119262695	133.1584243774414
27422	position_diff	457.2320072776393	123.22377736944901
27423	position_diff	445.2660903930664	139.69289779663086
27424	orientation_diff	447.2886848449707	149.08387756347656
27425	orientation_diff	449.33264923095703	152.16512298583984
27426	orientation_diff	451.37661361694336	155.24636840820312
27427	orientation_diff	453.8086280822754	157.61857986450195
27428	orientation_diff	456.8985061645508	153.32190704345703
27429	orientation_diff	456.1246871948242	154.1199836730957
27430	orientation_diff	455.1708297729492	155.51787948608398
27431	orientation_diff	452.8589782714844	156.81871795654297
27432	orientation_diff	450.56514739990234	160.05171585083008
27433	orientation_diff	453.8184242248535	161.05335998535156
27434	orientation_diff	454.2465476989746	161.16244506835938
27436	orientation_diff	451.06279373168945	164.25114059448242
27437	orientation_diff	450.81926345825195	160.19939041137695
27438	orientation_diff	451.94264221191406	167.78271865844727
27439	orientation_diff	453.4010925292969	168.15598678588867
27442	orientation_diff	452.2532615661621	174.7562255859375
27444	orientation_diff	452.94517517089844	174.64483261108398
27445	orientation_diff	838.9248542785645	554.3923759460449
27469	orientation_diff	280.0506591796875	213.44892120361328
27582	orientation_diff	138.70712661743164	443.49905014038086
27840	orientation_diff	841.4284896850586	640.9239807128906
27841	orientation_diff	841.3737754821777	640.8130340576172
27842	orientation_diff	840.9069766998291	639.8024444580078
27843	orientation_diff	840.8497772216797	639.0433006286621
27844	orientation_diff	841.5496997833252	638.6611804962158
27845	orientation_diff	846.6419410705566	638.7231941223145
27846	orientation_diff	847.0835418701172	636.3455963134766
28050	orientation_diff	599.4860572814941	99.51758575439453
28226	orientation_diff	668.0392150878906	836.6438598632812
28228	orientation_diff	663.829906463623	834.6864013671875
28229	orientation_diff	661.8331413269043	835.7596206665039
28230	orientation_diff	662.0361938476562	831.4279899597168
28231	orientation_diff	664.3681526184082	830.0264072418213
28232	orientation_diff	666.8774337768555	831.1315746307373
28233	orientation_diff	668.2335472106934	830.2857875823975
28234	orientation_diff	667.8946342468262	831.486894607544
28235	orientation_diff	664.2023773193359	832.1096744537354
28236	orientation_diff	668.7670593261719	827.6764488220215
28237	orientation_diff	665.6254348754883	827.897590637207
28238	orientation_diff	628.8135795593262	126.15103149414062
28239	orientation_diff	668.4396438598633	824.0784072875977
28240	orientation_diff	626.5600204467773	123.00208282470703
28241	orientation_diff	664.663745880127	820.8001747131348
28242	orientation_diff	624.9002799987793	120.93502044677734
28243	orientation_diff	623.6034774780273	125.54926681518555
28244	orientation_diff	623.9545822143555	127.5984992980957
28245	orientation_diff	621.1682523091634	130.5566012064616
28246	orientation_diff	622.5614172617594	129.07755025227863
28247	orientation_diff	619.7750873565674	132.03565216064453
28248	orientation_diff	620.2910385131836	133.27976989746094
28249	orientation_diff	624.1751556396484	130.80257034301758
28250	orientation_diff	625.6565017700195	134.42670059204102
28251	orientation_diff	624.1893768310547	133.56106185913086
28252	orientation_diff	624.4151802062988	135.555908203125
28255	orientation_diff	663.6679563522339	803.0161709785461
28258	orientation_diff	664.1741828918457	801.772647857666
28439	orientation_diff	649.4324741363525	818.9049301147461
28440	orientation_diff	653.6976890563965	817.699146270752
28441	orientation_diff	648.3364639282227	819.9335327148438
28452	orientation_diff	639.3550605773926	814.9257926940918
28453	orientation_diff	638.2743644714355	814.6172218322754
28454	orientation_diff	637.121223449707	816.7771873474121
28455	orientation_diff	634.5457592010498	815.062084197998
28456	orientation_diff	635.8502216339111	816.5646896362305
28457	orientation_diff	634.1909027099609	817.2112579345703
28458	orientation_diff	633.3661861419678	817.8324432373047
28460	orientation_diff	633.8509559631348	817.8437461853027
28461	orientation_diff	630.8986949920654	818.2347984313965
28462	orientation_diff	630.2716979980469	817.7383651733398
28463	orientation_diff	239.55710983276367	296.4886894226074
28464	orientation_diff	624.5565910339355	821.6408882141113
28465	orientation_diff	626.3086357116699	819.4219932556152
28466	orientation_diff	626.2395668029785	820.4921760559082
28616	orientation_diff	766.5865535736084	196.64503479003906
28617	orientation_diff	762.7341651916504	201.44597625732422
28618	orientation_diff	765.377571105957	200.17741012573242
28619	orientation_diff	762.4809627532959	199.66655731201172
28620	orientation_diff	761.2723636627197	199.53858439127606
28621	orientation_diff	761.8766632080078	199.60257085164386
28622	orientation_diff	760.6680641174316	199.4745979309082
28646	orientation_diff	167.7472038269043	341.6845893859863
28647	orientation_diff	169.7121810913086	344.2670021057129
28648	orientation_diff	170.49049758911133	345.86477279663086
28649	orientation_diff	171.93463134765625	344.8577346801758
28655	orientation_diff	176.9634895324707	343.39463806152344
28657	orientation_diff	181.5729522705078	342.46230697631836
28658	orientation_diff	184.90071868896484	349.37771224975586
28669	orientation_diff	819.1909332275391	333.94538497924805
28672	position_diff	811.1602725982666	312.76961008707684
28772	orientation_diff	628.4183082580566	882.9377250671387
28774	orientation_diff	626.4406776428223	883.9863090515137
28781	orientation_diff	628.7409286499023	873.1983642578125
28782	orientation_diff	628.4636764526367	869.421802520752
28783	orientation_diff	631.0561141967773	867.1196041107178
28784	orientation_diff	630.8556289672852	867.8244323730469
28797	orientation_diff	810.5649681091309	256.6566047668457
28798	orientation_diff	809.6533889770508	260.4659843444824
28799	orientation_diff	807.9515342712402	256.7271308898926
28800	orientation_diff	807.319580078125	257.6002998352051
28801	orientation_diff	807.3814716339111	259.240779876709
28802	orientation_diff	805.8728313446045	260.1529884338379
28803	orientation_diff	805.2407360076904	260.75917053222656
28804	orientation_diff	806.8904724121094	259.21120834350586
28805	orientation_diff	807.1439685821533	261.9532928466797
28806	orientation_diff	803.6344604492188	264.4968681335449
28808	orientation_diff	803.5828037261963	265.3880844116211
28810	orientation_diff	803.8822085062664	265.6785990397135
28811	orientation_diff	804.4810180664062	266.25962829589844
28814	orientation_diff	804.795783996582	272.3769721984863
28815	orientation_diff	804.1457672119141	272.0911445617676
28816	orientation_diff	802.7025909423828	273.4114646911621
28817	orientation_diff	802.7322807312012	274.39372634887695
28819	orientation_diff	801.8645133972168	275.6202049255371
28820	orientation_diff	803.2691955566406	275.0980110168457
28821	orientation_diff	804.0793762207031	274.9941291809082
28978	orientation_diff	655.5422554016113	252.69121932983398
28979	orientation_diff	639.1588897705078	250.01602172851562
29067	position_diff	732.0451602935791	748.7722339630127
29068	orientation_diff	731.591609954834	750.4153099060059
29069	orientation_diff	731.696418762207	746.4956359863281
29070	orientation_diff	731.1845951080322	743.5454788208008
29071	position_diff	740.0441436767578	743.5128593444824
29072	orientation_diff	736.3316243489583	748.9534289042156
29073	position_diff	738.1878840128581	746.2331441243489
29074	orientation_diff	734.4753646850586	751.673713684082
29076	orientation_diff	720.2145538330078	750.3202438354492
29131	orientation_diff	805.362361907959	722.1034851074219
29198	orientation_diff	537.9089393615723	282.1100540161133
29201	orientation_diff	573.0112228393555	120.30169296264648
29203	orientation_diff	573.3676986694336	124.66965866088867
29204	orientation_diff	576.0304908752441	124.42585372924805
29212	orientation_diff	568.903205871582	125.63782501220703
29213	orientation_diff	570.3647155761719	125.08821868896484
29214	orientation_diff	571.4600925445557	125.15608596801758
29215	orientation_diff	573.6924432118734	127.72653325398764
29216	orientation_diff	572.5762678782145	126.4413096110026
29217	orientation_diff	574.8086185455322	129.01175689697266
29218	orientation_diff	575.423942565918	127.19929122924805
29219	orientation_diff	576.0752296447754	127.23870086669922
29220	orientation_diff	576.0612678527832	127.76571273803711
29225	orientation_diff	577.8201141357422	136.29740142822266
29226	orientation_diff	579.388256072998	141.61188888549805
29282	orientation_diff	230.2085075378418	628.4747886657715
29285	orientation_diff	226.03354263305664	634.256778717041
29289	orientation_diff	229.11663055419922	633.2126178741455
29297	orientation_diff	229.29729461669922	633.2747573852539
29298	orientation_diff	231.0648078918457	630.6383972167969
29299	orientation_diff	231.97918319702148	631.1460609436035
29300	orientation_diff	231.79725646972656	634.2725791931152
29301	orientation_diff	228.93253326416016	636.1034317016602
29302	orientation_diff	228.52491760253906	631.9149131774902
29303	orientation_diff	227.98169708251953	630.7694034576416
29304	orientation_diff	230.6534881591797	631.1859931945801
29305	orientation_diff	232.4378433227539	634.6064491271973
29306	orientation_diff	235.08860778808594	634.3129425048828
29307	orientation_diff	239.31801223754883	632.2519302368164
29308	orientation_diff	239.29270935058594	630.2278518676758
29309	orientation_diff	244.26889419555664	636.9711608886719
29310	orientation_diff	245.07512283325195	634.0225257873535
29311	orientation_diff	246.23890686035156	638.1194591522217
29312	orientation_diff	247.08969497680664	635.8150272369385
29313	orientation_diff	245.59013748168945	636.3322105407715
29314	orientation_diff	248.10628128051758	632.8057403564453
29315	orientation_diff	247.36621475219727	636.904369354248
29316	orientation_diff	248.47809600830078	635.334716796875
29317	orientation_diff	247.42925643920898	633.3553504943848
29318	orientation_diff	250.27822494506836	634.9244270324707
29319	orientation_diff	251.71587371826172	631.1127166748047
29370	orientation_diff	265.253719329834	203.08909225463867
29371	orientation_diff	264.0842056274414	205.25786209106445
29372	orientation_diff	265.66351318359375	203.10091018676758
29373	orientation_diff	263.9168243408203	205.2191047668457
29374	orientation_diff	264.8172187805176	204.5465545654297
29375	orientation_diff	262.3741989135742	204.78442764282227
29376	orientation_diff	263.9524402618408	203.7799015045166
29377	orientation_diff	265.5306816101074	202.77537536621094
29378	orientation_diff	265.41016387939453	205.5207176208496
29379	orientation_diff	265.80225372314453	210.7202606201172
29380	orientation_diff	265.10079193115234	213.61755752563477
29381	orientation_diff	265.19855880737305	213.4079475402832
29382	orientation_diff	263.4270820617676	212.28335571289062
29383	orientation_diff	265.6795539855957	212.0419807434082
29384	orientation_diff	265.28961181640625	213.76860809326172
29385	orientation_diff	264.4055290222168	213.19611740112305
29386	orientation_diff	265.7280807495117	212.60577011108398
29387	orientation_diff	267.45298767089844	207.42578506469727
29388	orientation_diff	267.0958251953125	212.40486907958984
29389	orientation_diff	268.2697448730469	214.4430046081543
29390	orientation_diff	267.77899169921875	212.69590759277344
29391	orientation_diff	270.14797592163086	212.6118927001953
29392	orientation_diff	270.3139839172363	211.4201431274414
29393	orientation_diff	272.245849609375	211.83515167236328
29394	orientation_diff	275.0957450866699	214.46860885620117
29395	orientation_diff	859.1068820953369	389.0552062988281
29396	orientation_diff	857.6998558044434	388.6029224395752
29397	orientation_diff	856.7451591491699	388.31028747558594
29398	orientation_diff	857.079683303833	387.0769844055176
29399	orientation_diff	855.4850692749023	389.39513969421387
29400	orientation_diff	853.2952880859375	388.8271484375
29401	orientation_diff	852.1425704956055	387.1924133300781
29402	orientation_diff	854.9323825836182	384.1404151916504
29403	orientation_diff	856.2703857421875	384.80127334594727
29404	orientation_diff	852.4505386352539	392.42914962768555
29405	orientation_diff	851.6308822631836	393.0817565917969
29406	orientation_diff	847.5442409515381	391.4139213562012
29407	orientation_diff	842.248300075531	395.97865772247314
29408	orientation_diff	844.0136137008667	394.4570789337158
29409	orientation_diff	845.7789273262024	392.9355001449585
29410	orientation_diff	840.4829864501953	397.50023651123047
29413	orientation_diff	323.93223762512207	237.10220336914062
29416	orientation_diff	324.9334411621094	234.83831977844238
29417	orientation_diff	320.0177803039551	241.8132495880127
29418	orientation_diff	323.08344650268555	241.76050567626953
29466	orientation_diff	358.65636444091797	816.7189464569092
29467	orientation_diff	360.1242790222168	819.0153350830078
29468	orientation_diff	361.7657661437988	819.4960784912109
29469	orientation_diff	352.3414421081543	819.8294334411621
29470	orientation_diff	355.36751556396484	820.5818367004395
29471	orientation_diff	358.10779571533203	816.627799987793
29472	orientation_diff	354.3929901123047	813.3126564025879
29473	orientation_diff	356.0855598449707	815.1540660858154
29474	orientation_diff	358.4423828125	813.4665546417236
29475	orientation_diff	356.13026428222656	815.4505786895752
29476	orientation_diff	358.77598571777344	818.2181797027588
29477	orientation_diff	354.32772064208984	811.4810981750488
29478	orientation_diff	357.73365020751953	815.2783908843994
29479	orientation_diff	359.19094467163086	811.4770793914795
29480	orientation_diff	351.0112190246582	809.7816944122314
29481	orientation_diff	349.51511001586914	813.9412860870361
29485	orientation_diff	352.54297256469727	816.2603950500488
29486	orientation_diff	353.5615072250366	817.3124752044678
29487	orientation_diff	354.580041885376	818.3645553588867
29488	orientation_diff	354.2132987976074	816.3521213531494
29489	orientation_diff	357.50574493408203	815.9592304229736
29490	orientation_diff	356.4849739074707	815.554536819458
29491	orientation_diff	357.130615234375	814.6664962768555
29492	orientation_diff	356.52796173095703	813.6042938232422
29493	orientation_diff	355.068359375	807.4195594787598
29495	orientation_diff	353.66140365600586	810.178653717041
29496	orientation_diff	353.5326690673828	808.2234764099121
29501	orientation_diff	354.6648635864258	805.9629173278809
29502	orientation_diff	353.2722969055176	803.3870620727539
29503	orientation_diff	354.89295196533203	803.1532115936279
29504	orientation_diff	354.1669807434082	802.7346878051758
29505	orientation_diff	354.4237823486328	803.3612232208252
29506	orientation_diff	357.0719566345215	803.1001968383789
29507	orientation_diff	353.2686004638672	800.5313720703125
29508	orientation_diff	354.56404876708984	800.0906810760498
29509	orientation_diff	355.30298233032227	799.803503036499
29510	orientation_diff	354.5453758239746	798.2451400756836
29511	orientation_diff	355.5155143737793	797.3660621643066
29512	orientation_diff	355.9872741699219	799.0191955566406
29513	orientation_diff	354.9569206237793	795.673755645752
29514	orientation_diff	357.34752655029297	797.6180572509766
29515	orientation_diff	358.6750144958496	795.0666122436523
29516	orientation_diff	358.1284065246582	794.4085006713867
29524	orientation_diff	165.70528411865234	508.97132301330566
29581	orientation_diff	696.050910949707	274.84920501708984
29583	orientation_diff	660.5887069702148	236.6461944580078
29584	orientation_diff	647.0388984680176	216.3576889038086
29585	orientation_diff	625.176685333252	205.58240127563477
29586	orientation_diff	616.2766227722168	202.96831893920898
29587	orientation_diff	612.5716552734375	206.4031639099121
29588	orientation_diff	614.8441467285156	199.82660293579102
29661	orientation_diff	189.32469940185547	680.528003692627
29662	orientation_diff	188.0184326171875	678.5810775756836
29678	orientation_diff	193.84645080566406	692.1646842956543
29680	orientation_diff	194.20635986328125	692.9848670959473
29681	orientation_diff	194.94379425048828	693.2967948913574
29682	orientation_diff	195.57115173339844	691.8925018310547
29685	orientation_diff	198.20117950439453	690.4831320444744
29687	orientation_diff	199.43828201293945	689.7646179199219
29688	orientation_diff	200.51174926757812	689.719913482666
29699	position_diff	231.7282829284668	677.5829067230225
29700	position_diff	234.09237670898438	676.4119606018066
29701	position_diff	235.98778915405273	674.6915302276611
29702	position_diff	237.33343124389648	674.8262596130371
29703	position_diff	236.26279067993164	673.2790336608887
29704	position_diff	237.78964233398438	674.807071685791
29705	position_diff	238.93036270141602	673.3953399658203
29706	position_diff	239.45001602172852	672.4431629180908
29707	position_diff	241.32491302490234	671.7824172973633
29708	position_diff	241.53757858276367	669.4160499572754
29709	position_diff	242.10163497924805	668.0161113739014
29710	position_diff	241.64545440673828	668.032787322998
29711	position_diff	240.06010246276855	667.8154735565186
29712	position_diff	241.3799705505371	668.2043781280518
29713	position_diff	242.80010604858398	666.334997177124
29714	position_diff	244.11546325683594	666.9719371795654
29715	position_diff	244.94041061401367	662.6908283233643
29748	orientation_diff	527.1208610534668	106.61329650878906
29749	orientation_diff	524.7591514587402	113.65009307861328
29809	orientation_diff	133.99016189575195	439.86724853515625
29810	orientation_diff	137.5019874572754	435.0478286743164
29811	orientation_diff	137.84275817871094	434.7234916687012
29812	orientation_diff	137.5638313293457	433.62690353393555
29813	orientation_diff	138.09418869018555	433.02624130249023
29814	orientation_diff	136.25656127929688	432.4011459350586
29819	orientation_diff	138.67800903320312	438.26250076293945
29820	orientation_diff	136.287841796875	441.0091247558594
29821	orientation_diff	136.88415145874023	438.86803436279297
29822	orientation_diff	135.96875381469727	441.4280548095703
29823	orientation_diff	136.7422103881836	440.00343322753906
29824	orientation_diff	138.80734634399414	439.85404205322266
29825	orientation_diff	136.04793548583984	441.00559997558594
29826	orientation_diff	139.59899139404297	439.3595314025879
29827	orientation_diff	138.7230567932129	439.4765739440918
29828	orientation_diff	140.24376678466797	439.9617919921875
29835	orientation_diff	139.06290435791016	439.86598205566406
29840	orientation_diff	142.67676162719727	440.1614532470703
29855	orientation_diff	157.66390228271484	440.9780387878418
29905	orientation_diff	597.2922668457031	106.0496940612793
29906	orientation_diff	597.180908203125	107.38174438476562
29907	orientation_diff	595.7522010803223	106.95343780517578
29908	orientation_diff	599.5553245544434	107.77488708496094
29909	orientation_diff	597.1605796813965	109.40015029907227
29910	orientation_diff	598.1781845092773	108.25638961791992
29911	orientation_diff	598.3862266540527	110.32169342041016
29912	orientation_diff	596.1836853027344	109.04757690429688
29914	orientation_diff	596.4330978393555	112.43281173706055
29915	orientation_diff	594.5086135864258	115.49627685546875
29916	orientation_diff	595.149471282959	116.47786712646484
29917	orientation_diff	595.405590057373	118.90327453613281
29918	orientation_diff	594.8562164306641	120.0229606628418
29919	orientation_diff	595.0929489135742	121.54226303100586
29927	orientation_diff	602.4443435668945	142.3223648071289
29928	orientation_diff	610.0468635559082	140.90513610839844
29987	orientation_diff	314.7197494506836	788.5323181152344
29988	orientation_diff	316.2344093322754	787.0252342224121
29989	orientation_diff	318.92943954467773	789.5317573547363
29990	orientation_diff	316.12729263305664	785.3830184936523
29991	orientation_diff	318.83961486816406	786.306396484375
29992	orientation_diff	318.6540412902832	784.0747509002686
29993	orientation_diff	316.6431999206543	785.3173408508301
29994	orientation_diff	318.20354080200195	782.640718460083
29995	orientation_diff	319.8539810180664	783.1920528411865
29996	orientation_diff	321.50442123413086	783.74338722229
29997	orientation_diff	321.0953063964844	780.7639274597168
29998	orientation_diff	321.26053619384766	781.2269153594971
29999	orientation_diff	324.9235076904297	779.944393157959
30000	orientation_diff	332.1857719421387	778.3929252624512
30008	position_diff	356.9106559753418	761.5822105407715
30061	orientation_diff	714.8046875	145.62434768676758
30062	orientation_diff	710.2449645996094	151.36044311523438
30063	orientation_diff	708.9801559448242	153.73833465576172
30064	orientation_diff	706.8624362945557	154.8605079650879
30065	orientation_diff	709.4919395446777	152.92792510986328
30066	orientation_diff	706.7142868041992	156.14083862304688
30067	orientation_diff	699.3603096008301	161.89096069335938
30068	orientation_diff	699.5093517303467	162.13016891479492
30069	orientation_diff	698.5727825164795	163.11596298217773
30070	orientation_diff	697.2988948822021	164.1324691772461
30071	orientation_diff	695.1807975769043	164.54990005493164
30072	orientation_diff	694.1504917144775	164.9044418334961
30074	orientation_diff	696.8586616516113	169.46649551391602
30090	orientation_diff	512.5571899414062	140.1243438720703
30091	orientation_diff	513.4088401794434	138.47390365600586
30093	orientation_diff	516.4156684875488	142.37733840942383
30094	orientation_diff	517.7285308837891	143.50450134277344
30095	orientation_diff	519.0329055786133	144.05242919921875
30096	orientation_diff	520.2128486633301	144.64794921875
30097	orientation_diff	521.7575035095215	145.57580184936523
30098	orientation_diff	523.3465538024902	147.2736473083496
30099	orientation_diff	522.1844234466553	150.834716796875
30100	orientation_diff	522.5718002319336	149.6476936340332
30101	orientation_diff	522.9591770172119	148.4606704711914
30102	orientation_diff	521.797046661377	152.0217399597168
30103	orientation_diff	526.8520278930664	152.22116470336914
30104	orientation_diff	529.5790939331055	150.18072128295898
30105	orientation_diff	527.9155349731445	151.56866455078125
30106	orientation_diff	532.0415980021158	153.56922149658203
30107	orientation_diff	529.9785664876302	152.56894302368164
30108	orientation_diff	534.1046295166016	154.56949996948242
30109	orientation_diff	534.1398696899414	157.82966232299805
30110	orientation_diff	531.9377136230469	157.85515594482422
30111	orientation_diff	531.9345092773438	157.84003448486328
30112	orientation_diff	532.0178871154785	159.46712112426758
30116	orientation_diff	151.26754760742188	445.2453784942627
30117	orientation_diff	150.34927368164062	445.8358573913574
30118	orientation_diff	151.26313018798828	446.8410186767578
30119	orientation_diff	532.5604095458984	167.30524063110352
30120	orientation_diff	528.3465805053711	168.19296646118164
30121	orientation_diff	526.6037063598633	168.39270782470703
30122	orientation_diff	521.8461303710938	172.2429428100586
30130	orientation_diff	173.31493377685547	447.1771240234375
30131	orientation_diff	206.90046310424805	269.8768310546875
30132	orientation_diff	206.94648361206055	269.674560546875
30133	orientation_diff	205.59317016601562	268.00336837768555
30134	orientation_diff	211.90117645263672	267.9554977416992
30135	orientation_diff	214.52059173583984	267.9335422515869
30136	orientation_diff	215.36798477172852	266.89672088623047
30137	orientation_diff	215.75889205932617	266.4083023071289
30139	orientation_diff	215.97750091552734	264.6662940979004
30140	orientation_diff	214.63968658447266	262.61156463623047
30141	orientation_diff	217.78023529052734	267.78800201416016
30142	orientation_diff	217.7849998474121	267.73603439331055
30143	orientation_diff	218.9351348876953	267.6307544708252
30144	orientation_diff	220.45139694213867	267.13868141174316
30145	orientation_diff	221.80481338500977	268.50362968444824
30146	orientation_diff	222.32038497924805	268.70766258239746
30147	orientation_diff	222.98778915405273	265.7240982055664
30148	orientation_diff	222.23562240600586	270.33212661743164
30149	orientation_diff	222.00312042236328	269.941463470459
30150	orientation_diff	222.30533599853516	268.4143829345703
30151	orientation_diff	222.30000686645508	263.1624984741211
30152	orientation_diff	225.24501037597656	265.06137466430664
30153	orientation_diff	225.68975448608398	263.20923042297363
30154	position_diff	229.79474639892578	262.70902252197266
30155	orientation_diff	229.5192756652832	265.1308898925781
30156	position_diff	229.2346534729004	261.7067337036133
30157	orientation_diff	224.73585510253906	262.2267265319824
30158	orientation_diff	222.01466751098633	262.54151153564453
30159	orientation_diff	220.87166213989258	269.5149841308594
30160	orientation_diff	220.94455337524414	270.5199165344238
30161	orientation_diff	219.10799407958984	269.56675720214844
30162	orientation_diff	216.48019409179688	269.3689270019531
30163	orientation_diff	216.80770874023438	268.4170570373535
30164	orientation_diff	217.80232620239258	269.32434463500977
30165	orientation_diff	218.36382293701172	269.0231475830078
30166	orientation_diff	217.70238494873047	268.84941482543945
30167	orientation_diff	217.98019790649414	269.11660957336426
30168	orientation_diff	218.77869033813477	268.90832710266113
30169	orientation_diff	217.44948959350586	267.57675552368164
30170	orientation_diff	218.20171737670898	267.4006690979004
30171	orientation_diff	218.22247695922852	265.5569133758545
30172	orientation_diff	218.7620735168457	266.78430938720703
30173	orientation_diff	223.07643127441406	264.12213134765625
30174	orientation_diff	220.47851181030273	268.0818901062012
30175	orientation_diff	221.57543563842773	269.1889705657959
30176	orientation_diff	222.71895217895508	270.63072204589844
30177	orientation_diff	222.71356582641602	269.4291000366211
30178	orientation_diff	222.66967010498047	269.11006927490234
30179	orientation_diff	222.76077270507812	268.64089584350586
30180	orientation_diff	222.32956314086914	268.7849807739258
30181	orientation_diff	222.44091415405273	270.36072540283203
30182	orientation_diff	222.08724975585938	269.6215705871582
30183	orientation_diff	225.2120704650879	266.4578742980957
30203	orientation_diff	135.6322021484375	548.7650909423828
30204	orientation_diff	140.43831634521484	550.1169624328613
30205	orientation_diff	138.89683151245117	550.9043388366699
30211	orientation_diff	140.62416458129883	563.1001052856445
30214	orientation_diff	151.26282755533856	559.4526837666829
30216	orientation_diff	152.61238861083984	558.5611877441406
30217	orientation_diff	155.36011505126953	562.7023391723633
30218	orientation_diff	155.3914680480957	561.456901550293
30219	orientation_diff	157.87105560302734	558.9946250915527
30220	orientation_diff	160.57702255249023	561.4788246154785
30221	orientation_diff	161.73437881469727	564.2557601928711
30222	orientation_diff	164.1976490020752	565.2335796356201
30223	orientation_diff	166.66091918945312	566.2113990783691
30224	orientation_diff	174.95287704467773	568.4284477233887
30263	orientation_diff	564.5044097900391	890.1818008422852
30264	orientation_diff	564.4236183166504	888.7546081542969
30265	orientation_diff	564.7211608886719	890.327220916748
30266	orientation_diff	565.1191291809082	888.9896087646484
30267	orientation_diff	563.1611595153809	885.5970764160156
30268	orientation_diff	567.243968963623	879.8977756500244
30271	orientation_diff	540.9134979248047	840.5765533447266
30338	orientation_diff	686.1438446044922	152.35482788085938
30339	orientation_diff	683.9248390197754	154.0959930419922
30340	orientation_diff	686.6893997192383	154.2304344177246
30341	orientation_diff	686.1969184875488	154.13051223754883
30342	orientation_diff	683.3743705749512	157.23678970336914
30343	orientation_diff	683.4953079223633	159.0048942565918
30344	orientation_diff	682.6716461181641	159.28087615966797
30345	orientation_diff	681.6717758178711	160.10688400268555
30347	orientation_diff	679.5260028839111	153.34138107299805
30348	orientation_diff	684.3930969238281	153.9191436767578
30349	orientation_diff	684.0897483825684	155.73162841796875
30350	orientation_diff	684.7029724121094	154.91103744506836
30351	orientation_diff	679.6075630187988	160.37772750854492
30352	orientation_diff	681.3242950439453	162.55709838867188
30353	orientation_diff	682.133264541626	162.9908790588379
30354	orientation_diff	685.2275276184082	164.63872528076172
30355	orientation_diff	681.1828727722168	162.36114883422852
30383	orientation_diff	146.96697235107422	583.1674003601074
30393	orientation_diff	150.8552017211914	581.6969985961914
30396	orientation_diff	152.7411231994629	577.7563133239746
30397	orientation_diff	151.1517448425293	577.7833862304688
30399	orientation_diff	145.23046493530273	578.712215423584
30400	orientation_diff	150.63118362426758	578.3707733154297
30401	orientation_diff	149.58601760864258	576.070686340332
30403	orientation_diff	152.8535270690918	576.6665496826172
30404	orientation_diff	154.38862991333008	576.104061126709
30406	orientation_diff	159.0416488647461	577.8486061096191
30407	orientation_diff	160.6661720275879	577.9421195983887
30408	orientation_diff	161.66959762573242	579.6511421203613
30409	orientation_diff	161.15021514892578	576.4702758789062
30410	orientation_diff	160.0952262878418	575.0983219146729
30411	orientation_diff	162.53171157836914	573.5131378173828
30412	orientation_diff	165.01992797851562	574.2123985290527
30413	orientation_diff	254.54290771484375	204.1522560119629
30414	orientation_diff	255.17786407470703	202.4035415649414
30415	orientation_diff	169.66491317749023	577.9662322998047
30416	orientation_diff	177.45314407348633	577.2105522155762
30417	orientation_diff	182.19686126708984	580.5386352539062
30418	orientation_diff	182.61038970947266	586.4160652160645
30419	orientation_diff	183.47842407226562	590.9279479980469
30420	orientation_diff	193.22645568847656	592.0455017089844
30439	orientation_diff	283.8945198059082	192.30810165405273
30494	orientation_diff	733.0895118713379	161.51896286010742
30498	orientation_diff	729.4062652587891	164.89296340942383
30499	orientation_diff	731.1998100280762	169.73823165893555
30500	orientation_diff	731.3603553771973	171.78021621704102
30501	orientation_diff	726.8614692687988	175.00899124145508
30504	orientation_diff	732.5645065307617	176.1571273803711
30505	orientation_diff	729.0080795288086	173.89755249023438
30506	orientation_diff	727.2242012023926	172.97771072387695
30507	orientation_diff	725.0751037597656	173.38330078125
30508	orientation_diff	723.4223690032959	173.83717727661133
30509	orientation_diff	723.3080043792725	175.7890739440918
30510	orientation_diff	723.251350402832	173.57247924804688
30511	orientation_diff	722.8111038208008	173.64495468139648
30512	orientation_diff	720.8298282623291	173.65625381469727
30513	orientation_diff	721.1784744262695	173.31142044067383
30514	orientation_diff	718.8703022003174	174.57565689086914
30515	orientation_diff	718.7082557678223	175.00865173339844
30516	orientation_diff	717.3073043823242	175.07655715942383
30517	orientation_diff	716.6975936889648	174.9373550415039
30518	orientation_diff	715.7117328643799	174.9958953857422
30519	orientation_diff	716.0773677825928	176.0080223083496
30520	orientation_diff	715.8344764709473	176.93150329589844
30521	orientation_diff	724.447774887085	811.4278221130371
30522	orientation_diff	723.8998336791992	813.5359878540039
30523	orientation_diff	724.9490776062012	810.2476005554199
30524	orientation_diff	723.2587490081787	813.8095855712891
30525	orientation_diff	723.7497100830078	810.2145862579346
30526	orientation_diff	724.696418762207	806.0025978088379
30527	orientation_diff	725.9098587036133	812.1758117675781
30528	orientation_diff	720.7675247192383	808.0175189971924
30529	orientation_diff	719.444164276123	808.3649749755859
30530	orientation_diff	718.7699356079102	807.5564212799072
30531	orientation_diff	717.9467144012451	806.704610824585
30532	orientation_diff	716.8938961029053	805.7173404693604
30533	orientation_diff	714.7482490539551	807.0344562530518
30534	orientation_diff	719.5395126342773	803.6570091247559
30647	orientation_diff	894.1043891906738	526.745475769043
30649	orientation_diff	893.0058517456055	520.2490081787109
30650	orientation_diff	893.1408576965332	519.1814098358154
30652	orientation_diff	185.76662063598633	737.5475196838379
30653	orientation_diff	186.7789306640625	737.0732803344727
30654	orientation_diff	887.9835510253906	526.6945037841797
30655	orientation_diff	189.4937858581543	736.1153450012207
30656	orientation_diff	190.31981658935547	735.0771102905273
30657	orientation_diff	191.77921295166016	735.0328330993652
30658	orientation_diff	190.9187717437744	734.535587310791
30659	orientation_diff	188.69511795043945	736.3986434936523
30660	orientation_diff	192.8868637084961	733.4048042297363
30661	orientation_diff	192.87974166870117	734.343620300293
30662	orientation_diff	194.36165618896484	732.5475883483887
30663	orientation_diff	192.8790626525879	731.3422584533691
30664	orientation_diff	189.93262100219727	730.3669967651367
30665	orientation_diff	190.87483596801758	729.1137886047363
30666	orientation_diff	191.63844299316406	727.8131408691406
30667	orientation_diff	191.36110496520996	727.5267276763916
30668	orientation_diff	191.08376693725586	727.2403144836426
30669	orientation_diff	190.9881362915039	725.4649505615234
30670	orientation_diff	192.31302452087402	723.3182754516602
30671	orientation_diff	188.14025115966797	720.3875427246094
30672	orientation_diff	190.15808486938477	722.2936096191406
30681	orientation_diff	339.80348205566406	129.58316040039062
30682	orientation_diff	339.8529853820801	133.58671951293945
30683	orientation_diff	341.9862174987793	131.8726806640625
30684	orientation_diff	340.8419532775879	132.33822631835938
30735	orientation_diff	183.2313003540039	612.8048324584961
30908	orientation_diff	224.1225128173828	243.45929336547852
30915	orientation_diff	161.04502487182617	520.6987342834473
30916	orientation_diff	159.2654037475586	521.712329864502
30919	orientation_diff	157.29717636108398	520.7710266113281
30928	orientation_diff	240.19610977172852	767.6508522033691
30940	orientation_diff	239.95073318481445	772.910343170166
30941	orientation_diff	238.97043228149414	773.3412017822266
30942	orientation_diff	238.5355224609375	773.5822639465332
30943	orientation_diff	240.6917495727539	773.4144020080566
30944	orientation_diff	240.4084014892578	775.3171272277832
30945	orientation_diff	237.9799919128418	776.5936317443848
30946	orientation_diff	238.95528030395508	774.4099464416504
30947	orientation_diff	175.99082565307617	523.6076507568359
30950	position_diff	239.49787521362305	785.232967376709
30952	orientation_diff	901.1907043457031	490.0998992919922
30953	orientation_diff	895.2868270874023	491.21563720703125
30954	orientation_diff	894.8405704498291	492.161319732666
30955	orientation_diff	896.7083625793457	490.53219985961914
30956	orientation_diff	897.9759922027588	487.8055419921875
30957	orientation_diff	897.8081226348877	490.39728927612305
30958	orientation_diff	898.7222213745117	489.8810806274414
30959	orientation_diff	898.2145805358887	488.33417892456055
30966	orientation_diff	245.3614959716797	780.0088367462158
30967	orientation_diff	246.94479751586914	779.3596515655518
30968	orientation_diff	248.71751022338867	777.2562389373779
30969	orientation_diff	250.22714042663574	779.2172088623047
30970	orientation_diff	250.48028182983398	775.5038890838623
30971	orientation_diff	252.0665397644043	776.0318584442139
30973	orientation_diff	254.4624786376953	771.8246650695801
30975	orientation_diff	879.8661251068115	476.5873222351074
31139	orientation_diff	894.6215705871582	437.34626388549805
31143	orientation_diff	900.2020797729492	433.0136260986328
31144	orientation_diff	896.6206712722778	433.2753086090088
31147	orientation_diff	895.3526039123535	434.6822280883789
31148	orientation_diff	893.9413566589355	434.4389305114746
31149	orientation_diff	894.1980018615723	434.9805450439453
31150	orientation_diff	895.1823234558105	433.2194709777832
31151	orientation_diff	893.8511848449707	435.65772247314453
31152	orientation_diff	895.4228057861328	435.27626037597656
31153	orientation_diff	891.7111549377441	434.1852378845215
31154	orientation_diff	890.068962097168	432.2169380187988
31155	orientation_diff	891.675594329834	430.21248626708984
31156	orientation_diff	890.2778091430664	426.6980457305908
31157	orientation_diff	887.6129493713379	421.1970615386963
31193	orientation_diff	240.1593017578125	193.19255447387695
31213	orientation_diff	324.571346282959	826.933536529541
31215	orientation_diff	325.6746826171875	824.8529281616211
31216	orientation_diff	323.3106880187988	825.3504753112793
31217	orientation_diff	322.77896881103516	821.6577110290527
31218	orientation_diff	323.51647186279297	820.812068939209
31219	orientation_diff	327.0507011413574	820.5458679199219
31220	orientation_diff	328.22258377075195	814.4003715515137
31221	orientation_diff	327.6211700439453	812.8424301147461
31222	orientation_diff	328.333683013916	814.1816139221191
31223	orientation_diff	326.03095626831055	812.4861793518066
31225	orientation_diff	326.94520568847656	814.5329093933105
31251	orientation_diff	252.16804122924805	156.299072265625
31252	orientation_diff	251.68938064575195	158.2817153930664
31254	orientation_diff	253.24649810791016	163.40353965759277
31298	orientation_diff	208.3440170288086	735.6671752929688
31299	orientation_diff	210.85971450805664	729.7252006530762
31300	orientation_diff	209.85597229003906	729.6862831115723
31311	orientation_diff	208.586820602417	736.0026950836182
31312	orientation_diff	209.9517593383789	735.910608291626
31313	orientation_diff	214.00100326538086	738.6293334960938
31314	orientation_diff	212.17495727539062	735.5994701385498
31315	orientation_diff	212.96411895751953	735.3241291046143
31316	orientation_diff	216.39415740966797	736.6842994689941
31317	orientation_diff	215.74707794189453	733.3046741485596
31324	orientation_diff	230.71591567993164	719.7749633789062
31326	orientation_diff	753.9437370300293	183.37170791625977
31341	orientation_diff	890.8707275390625	458.2890510559082
31342	orientation_diff	888.316162109375	458.7871284484863
31343	orientation_diff	887.3502721786499	457.87081718444824
31344	orientation_diff	886.3843822479248	456.95450592041016
31345	orientation_diff	747.708065032959	197.70014190673828
31346	orientation_diff	749.0619926452637	194.9245376586914
31347	orientation_diff	748.6766204833984	193.89382553100586
31348	orientation_diff	751.0520095825195	195.39875030517578
31349	orientation_diff	752.0404205322266	191.75606155395508
31350	orientation_diff	881.3914966583252	450.66414642333984
31351	orientation_diff	882.4376754760742	449.6775779724121
31352	orientation_diff	881.2114105224609	447.04588317871094
31353	orientation_diff	878.5022411346436	450.5676040649414
31354	orientation_diff	881.2931804656982	447.21630477905273
31355	orientation_diff	880.1872138977051	444.97100830078125
31356	orientation_diff	882.3385620117188	440.5083999633789
31357	orientation_diff	882.3073196411133	439.5857734680176
31358	orientation_diff	881.1570014953613	439.0160331726074
31359	orientation_diff	748.0188293457031	198.31603240966797
31360	orientation_diff	882.237003326416	437.6509704589844
31361	orientation_diff	748.2588233947754	191.81023406982422
31362	orientation_diff	746.0128860473633	190.73137283325195
31363	orientation_diff	749.3087387084961	188.20785903930664
31364	orientation_diff	749.9717636108398	191.3450813293457
31365	orientation_diff	747.0847129821777	196.6609115600586
31366	orientation_diff	746.1698341369629	192.56385803222656
31367	orientation_diff	749.4389343261719	191.17770385742188
31368	orientation_diff	748.3019142150879	190.97846221923828
31369	orientation_diff	749.6390151977539	191.71268844604492
31375	orientation_diff	743.6574592590332	194.54523468017578
31376	orientation_diff	748.3522911071777	191.10637283325195
31377	orientation_diff	747.3972129821777	193.76980209350586
31378	orientation_diff	742.791332244873	196.6436653137207
31379	orientation_diff	741.8165664672852	198.99389266967773
31380	orientation_diff	744.7875747680664	200.57779693603516
31392	orientation_diff	750.0936470031738	204.69083786010742
31393	orientation_diff	750.9321441650391	207.15843963623047
31403	orientation_diff	744.8883399963379	204.6414451599121
31404	orientation_diff	745.8912467956543	205.8992042541504
31407	orientation_diff	743.0340614318848	207.43421173095703
31409	orientation_diff	742.9300918579102	205.33098220825195
31411	orientation_diff	230.26798629760742	744.1158313751221
31412	orientation_diff	230.19006729125977	742.5099067687988
31413	orientation_diff	232.32816696166992	742.0161609649658
31415	orientation_diff	233.2473030090332	743.9241905212402
31416	orientation_diff	233.19293975830078	748.3478507995605
31417	orientation_diff	233.46758651733398	751.1145668029785
31418	position_diff	236.27021408081055	755.4270477294922
31419	orientation_diff	242.28329340616864	746.5825983683269
31420	orientation_diff	239.27675374348956	751.0048230489094
31421	orientation_diff	245.28983306884766	742.1603736877441
31422	orientation_diff	249.89354705810547	740.036642074585
31423	orientation_diff	250.1679458618164	741.7376346588135
31424	orientation_diff	252.27795791625977	743.8075752258301
31425	orientation_diff	254.19329452514648	744.8709487915039
31433	position_diff	685.2216873168945	189.2920036315918
31436	orientation_diff	681.591869354248	191.61321640014648
31439	orientation_diff	908.0342445373535	440.2030372619629
31440	orientation_diff	908.003828048706	440.304256439209
31441	orientation_diff	907.9734115600586	440.4054756164551
31549	orientation_diff	798.4054145812988	225.48436737060547
31551	orientation_diff	794.3467836380005	227.81167602539062
31552	orientation_diff	796.3760991096497	226.64802169799805
31561	orientation_diff	795.279712677002	233.58944702148438
31562	orientation_diff	793.556812286377	231.79879760742188
31563	orientation_diff	790.5181217193604	230.7151222229004
31564	orientation_diff	791.684139251709	233.83705139160156
31565	orientation_diff	792.8926620483398	235.36965942382812
31566	orientation_diff	791.0416488647461	238.00763320922852
31587	orientation_diff	783.3634490966797	242.9444465637207
31597	orientation_diff	778.0936737060547	249.45965194702148
31598	orientation_diff	777.2350425720215	259.6221122741699
31608	orientation_diff	388.4367256164551	113.08983993530273
31628	orientation_diff	121.8740005493164	379.32050704956055
31633	orientation_diff	138.96392822265625	376.3473587036133
31634	orientation_diff	140.16384887695312	380.24586486816406
31707	orientation_diff	696.4862594604492	292.6152648925781
31709	orientation_diff	189.5281867980957	283.2306900024414
31710	orientation_diff	193.32463836669922	285.80594635009766
31711	orientation_diff	692.5890235900879	289.6026268005371
31712	orientation_diff	193.22304916381836	286.5552787780762
31714	orientation_diff	196.50683339436847	287.58584340413415
31716	orientation_diff	692.0044898986816	292.1438407897949
31717	orientation_diff	198.00594329833984	289.42176818847656
31718	orientation_diff	201.35073947906494	288.25562953948975
31719	orientation_diff	200.23580741882324	288.64434242248535
31720	orientation_diff	199.12087535858154	289.03305530548096
31721	orientation_diff	202.46567153930664	287.86691665649414
31722	orientation_diff	200.74601364135742	288.92724227905273
31723	orientation_diff	202.8791160583496	286.6048698425293
31724	orientation_diff	203.93053817749023	287.02819442749023
31725	orientation_diff	203.96598434448242	289.48504638671875
31726	orientation_diff	203.9375	289.0071716308594
31728	orientation_diff	686.3309059143066	295.42070388793945
31734	orientation_diff	690.1306610107422	303.8418617248535
31736	orientation_diff	692.4448165893555	307.8634567260742
31737	orientation_diff	694.9196472167969	308.80139923095703
31738	orientation_diff	693.7785110473633	307.7997741699219
31739	orientation_diff	693.3756790161133	309.7886428833008
31740	orientation_diff	692.8856163024902	307.17563247680664
31741	orientation_diff	693.7093353271484	308.51803970336914
31742	orientation_diff	696.3961791992188	311.42070388793945
31743	orientation_diff	699.7513198852539	314.1566162109375
31744	orientation_diff	701.1111869812012	314.9163131713867
31745	orientation_diff	703.3539390563965	314.89318466186523
31746	orientation_diff	704.0468063354492	311.51990509033203
31747	orientation_diff	707.6457061767578	315.3176155090332
31748	orientation_diff	702.9507865905762	313.0699920654297
31845	orientation_diff	122.01077270507812	501.38189697265625
31846	orientation_diff	121.76837539672852	499.6736183166504
31847	orientation_diff	122.7056884765625	496.0530071258545
31848	orientation_diff	122.6426773071289	501.0398120880127
31849	orientation_diff	121.85163497924805	502.9345054626465
31850	orientation_diff	123.73915100097656	499.9003047943115
31851	orientation_diff	124.30843353271484	500.68323516845703
31852	orientation_diff	124.86875534057617	501.7911262512207
31853	orientation_diff	125.43268203735352	501.6892967224121
31854	orientation_diff	127.44038391113281	502.00943756103516
31855	orientation_diff	262.9842071533203	239.57912826538086
31856	orientation_diff	266.93017196655273	240.3306541442871
31857	orientation_diff	268.0387992858887	238.3743782043457
31858	orientation_diff	267.6117706298828	243.20335006713867
31859	orientation_diff	267.7405891418457	244.4375762939453
31860	orientation_diff	269.5781898498535	244.71118927001953
31861	orientation_diff	270.25414276123047	243.85625076293945
31862	orientation_diff	270.5940856933594	246.2029685974121
31863	orientation_diff	272.6929931640625	248.84406661987305
31864	orientation_diff	272.2893180847168	249.6483268737793
31865	orientation_diff	272.63709259033203	253.39489364624023
31866	orientation_diff	272.21166229248047	257.3390884399414
31867	orientation_diff	272.93645095825195	254.37277221679688
31868	orientation_diff	272.5417251586914	256.1593322753906
31869	orientation_diff	273.292236328125	256.04545974731445
31870	orientation_diff	273.0722961425781	258.9219665527344
31871	orientation_diff	276.57508850097656	259.8082618713379
31872	orientation_diff	279.372989654541	259.2916946411133
31885	orientation_diff	894.260175704956	533.378870010376
31886	orientation_diff	894.4830894470215	535.4835662841797
31887	orientation_diff	896.9269180297852	537.8109169006348
31888	orientation_diff	894.8568916320801	537.6736335754395
31889	orientation_diff	894.9142532348633	537.4578132629395
31890	orientation_diff	894.3142013549805	540.3130111694336
31891	orientation_diff	894.417896270752	540.3132019042969
31892	orientation_diff	894.9580078125	537.4928779602051
31893	orientation_diff	895.5827407836914	537.1351585388184
31894	orientation_diff	894.8986473083496	534.8794593811035
31895	orientation_diff	892.0997123718262	539.4022521972656
31896	orientation_diff	891.6645774841309	540.7900466918945
31897	orientation_diff	889.423397064209	540.1700859069824
31959	orientation_diff	816.2289390563965	244.87789916992188
31960	orientation_diff	814.5425987243652	242.5335922241211
31962	orientation_diff	812.3091869354248	246.7361183166504
31975	orientation_diff	808.7553215026855	256.06582260131836
31976	orientation_diff	809.587459564209	257.36733627319336
31977	orientation_diff	806.400749206543	257.1431694030762
31978	orientation_diff	807.5428638458252	258.25070571899414
31985	orientation_diff	803.063907623291	244.73772811889648
31990	orientation_diff	799.0460014343262	250.24536514282227
31991	orientation_diff	797.2581996917725	251.06314849853516
31992	orientation_diff	797.392147064209	250.38357162475586
32212	orientation_diff	745.7774696350098	190.97052764892578
32213	orientation_diff	745.9647665023804	192.83089065551758
32214	orientation_diff	745.9023342132568	192.2107696533203
32215	orientation_diff	745.8399019241333	191.59064865112305
32216	orientation_diff	746.0271987915039	193.45101165771484
32217	orientation_diff	744.5920562744141	196.3895606994629
32219	orientation_diff	744.4070116678874	199.03767903645834
32251	orientation_diff	296.3624687194824	159.7269744873047
32252	orientation_diff	296.1523017883301	159.28184700012207
32253	orientation_diff	295.94213485717773	158.83671951293945
32254	orientation_diff	295.1657524108887	157.15692901611328
32257	orientation_diff	297.116455078125	157.6584701538086
32271	orientation_diff	320.295223236084	187.62841415405273
32313	orientation_diff	131.08540725708008	617.9908065795898
32314	orientation_diff	131.89470672607422	620.0166282653809
32315	orientation_diff	128.95341873168945	616.807300567627
32316	orientation_diff	129.73565673828125	617.1922225952148
32317	orientation_diff	133.96329879760742	618.6805572509766
32594	position_diff	238.07052993774414	269.6631965637207
32595	position_diff	237.43881607055664	269.87406158447266
32596	position_diff	237.93754959106445	270.13048553466797
32597	position_diff	238.10329818725586	267.97246170043945
32598	position_diff	239.71380233764648	269.470890045166
32599	position_diff	240.10707092285156	273.0414009094238
32600	position_diff	239.4793701171875	272.7752456665039
32601	position_diff	236.5668487548828	270.2241668701172
32602	position_diff	238.5979461669922	269.97771072387695
32603	position_diff	236.97673416137695	271.22693634033203
32604	position_diff	238.16595077514648	271.2692070007324
32605	position_diff	237.98407363891602	277.76701736450195
32606	orientation_diff	245.53575897216797	282.34161376953125
32617	orientation_diff	247.42595291137695	288.7357978820801
32618	orientation_diff	247.6316680908203	285.4981155395508
32621	orientation_diff	250.26629257202148	285.50835037231445
32622	orientation_diff	248.21539688110352	286.3921241760254
32623	orientation_diff	252.31707763671875	284.63107681274414
32625	orientation_diff	250.8882179260254	284.9783363342285
32627	orientation_diff	248.15680313110352	288.33548736572266
32632	orientation_diff	254.5476837158203	285.2941474914551
32633	orientation_diff	254.65797805786133	284.0883026123047
32634	orientation_diff	254.8695182800293	285.15636825561523
32635	orientation_diff	254.52277755737305	283.95940017700195
32636	orientation_diff	251.96706008911133	283.486026763916
32640	orientation_diff	253.84308624267578	286.09703063964844
32641	orientation_diff	255.88229751586914	285.4111442565918
32642	orientation_diff	255.58971405029297	285.12134552001953
32643	orientation_diff	258.42572021484375	284.2928695678711
32648	orientation_diff	260.5888137817383	279.4274139404297
32649	orientation_diff	260.0345916748047	280.4434814453125
32650	orientation_diff	258.0644721984863	283.3768119812012
32651	orientation_diff	257.3143005371094	282.9034423828125
32652	orientation_diff	263.1586494445801	282.0141067504883
32653	orientation_diff	261.56842041015625	283.56092834472656
32654	orientation_diff	266.1551818847656	283.9687805175781
32655	orientation_diff	262.1952362060547	284.1131401062012
32656	orientation_diff	264.1118583679199	284.10854721069336
32657	orientation_diff	264.4227714538574	285.28619384765625
32658	orientation_diff	262.1721839904785	286.3006362915039
32659	orientation_diff	261.7931423187256	291.0257225036621
32660	orientation_diff	264.6541404724121	285.3349723815918
32661	orientation_diff	266.0558967590332	284.47118949890137
32662	orientation_diff	267.4576530456543	283.60740661621094
32663	orientation_diff	265.5511283874512	286.2191352844238
32664	orientation_diff	265.353417078654	286.64347139994305
32665	orientation_diff	265.15570576985675	287.0678075154622
32666	orientation_diff	264.95799446105957	287.49214363098145
32667	orientation_diff	264.7602831522624	287.91647974650067
32668	orientation_diff	264.56257184346515	288.34081586201984
32669	orientation_diff	264.36486053466797	288.76515197753906
32670	orientation_diff	264.3436698913574	289.46114349365234
32671	orientation_diff	262.53512954711914	289.0253715515137
32672	orientation_diff	265.5647621154785	288.4924125671387
32673	orientation_diff	266.70191192626953	286.56592178344727
32674	orientation_diff	265.9708251953125	286.33354568481445
32675	orientation_diff	267.38465118408203	287.981689453125
32676	orientation_diff	267.35337829589844	288.24808502197266
32677	orientation_diff	265.42037200927734	283.7125358581543
32678	position_diff	270.3280372619629	258.8424949645996
32679	position_diff	267.9423179626465	260.7950630187988
32680	orientation_diff	265.15247344970703	289.7941589355469
32681	orientation_diff	264.295467376709	298.3167381286621
32682	orientation_diff	262.1778984069824	305.11065673828125
32684	orientation_diff	265.1708450317383	301.42553329467773
32687	position_diff	270.37872314453125	271.79894638061523
32688	position_diff	266.74850845336914	256.6879234313965
32689	position_diff	265.5596618652344	262.2905502319336
32690	position_diff	263.1752128601074	260.52525329589844
32691	orientation_diff	266.35973358154297	294.4128189086914
32692	orientation_diff	266.2033100128174	295.9577884674072
32693	orientation_diff	266.0468864440918	297.50275802612305
32694	orientation_diff	270.5704040527344	298.7521057128906
32695	orientation_diff	269.84292221069336	299.98714447021484
32696	position_diff	266.99791717529297	290.8800468444824
32697	orientation_diff	266.27530670166016	301.29418182373047
32698	orientation_diff	265.67955780029297	298.6837501525879
32699	orientation_diff	269.375789642334	305.4379196166992
32700	orientation_diff	267.74341583251953	301.6709175109863
32701	orientation_diff	270.3672180175781	298.87586975097656
32702	orientation_diff	272.49355125427246	298.66355323791504
32703	orientation_diff	274.6198844909668	298.4512367248535
32704	orientation_diff	273.5068836212158	300.0077266693115
32705	orientation_diff	272.39388275146484	301.56421661376953
32706	orientation_diff	272.7393798828125	302.25429916381836
32707	orientation_diff	275.3008155822754	299.4717597961426
32708	orientation_diff	275.21006774902344	300.71223068237305
32709	orientation_diff	275.10213470458984	301.52705001831055
32710	orientation_diff	275.6373519897461	302.3406066894531
32711	orientation_diff	277.7142219543457	300.5567626953125
32712	orientation_diff	277.50497817993164	300.8361701965332
32713	orientation_diff	276.17659759521484	301.65760803222656
32714	orientation_diff	277.11546325683594	301.3705406188965
32715	orientation_diff	275.50357818603516	300.6926460266113
32718	orientation_diff	278.98110580444336	300.04112243652344
32719	orientation_diff	280.1005668640137	296.5267143249512
32720	orientation_diff	282.6514015197754	299.2133483886719
32721	orientation_diff	281.12922286987305	298.02478408813477
32724	orientation_diff	485.2703628540039	148.5414924621582
32727	orientation_diff	487.28070068359375	147.87380981445312
32728	orientation_diff	487.9019317626953	146.69887161254883
32729	orientation_diff	486.3240203857422	145.58111572265625
32730	orientation_diff	488.43761444091797	147.4989013671875
32731	orientation_diff	487.0117530822754	148.51043319702148
32732	orientation_diff	485.91854095458984	147.1229476928711
32733	orientation_diff	488.6982841491699	146.4688949584961
32734	orientation_diff	488.67835235595703	146.22394561767578
32735	orientation_diff	487.7194480895996	145.99406051635742
32736	orientation_diff	488.2225112915039	146.86224365234375
32737	position_diff	491.1692924499512	145.39517211914062
32738	position_diff	491.9293518066406	147.3507080078125
32739	orientation_diff	490.5896873474121	148.38955688476562
32740	orientation_diff	488.4080238342285	149.10849380493164
32741	orientation_diff	491.35970878601074	150.5385398864746
32742	orientation_diff	494.31139373779297	151.96858596801758
32743	orientation_diff	494.9855422973633	153.81815719604492
32744	orientation_diff	489.2950096130371	158.48593521118164
32745	orientation_diff	488.90714263916016	159.10332870483398
32746	orientation_diff	486.93030166625977	161.0798568725586
32747	orientation_diff	488.14496994018555	160.64854049682617
32748	orientation_diff	489.0470161437988	161.80066299438477
32749	orientation_diff	487.26931381225586	162.64502716064453
32750	orientation_diff	486.105655670166	163.32962799072266
32751	orientation_diff	486.9029731750488	163.4343719482422
32752	orientation_diff	487.11408615112305	163.95352172851562
32753	orientation_diff	487.0342559814453	163.64889526367188
32754	orientation_diff	489.69892501831055	163.58080291748047
32755	orientation_diff	488.6971740722656	164.02093505859375
32756	orientation_diff	489.8782501220703	163.35260772705078
32757	orientation_diff	487.6275100708008	166.4463005065918
32758	orientation_diff	489.84865951538086	166.23101043701172
32759	orientation_diff	490.5134468078613	166.65912246704102
32760	orientation_diff	487.206298828125	168.25846481323242
32761	orientation_diff	490.93311309814453	169.65874481201172
32762	orientation_diff	490.30412673950195	169.25554656982422
32763	orientation_diff	491.5998764038086	170.35026168823242
32764	orientation_diff	494.5212211608887	172.07630157470703
32765	orientation_diff	491.09600830078125	172.2194480895996
32766	orientation_diff	493.1155433654785	171.36054611206055
32768	orientation_diff	492.94054412841797	175.0739402770996
32791	orientation_diff	171.3358268737793	299.92926025390625
32806	orientation_diff	184.8015375137329	305.4300012588501
32807	orientation_diff	186.14819860458374	305.00120306015015
32808	orientation_diff	187.49485969543457	304.5724048614502
32809	orientation_diff	188.8415207862854	304.14360666275024
32810	orientation_diff	190.18818187713623	303.7148084640503
32811	orientation_diff	191.53484296798706	303.28601026535034
32812	orientation_diff	192.8815040588379	302.8572120666504
32813	orientation_diff	192.7031135559082	301.6305122375488
32815	orientation_diff	191.76771545410156	299.1715621948242
32816	orientation_diff	259.2801322937012	191.83929824829102
32817	orientation_diff	261.1174736022949	188.98923110961914
32818	orientation_diff	260.1190490722656	189.40007781982422
32819	orientation_diff	259.1206245422363	189.8109245300293
32822	orientation_diff	262.82555389404297	189.96982192993164
32823	orientation_diff	264.76158905029297	190.4069595336914
32824	orientation_diff	262.44537353515625	191.92003631591797
32825	orientation_diff	264.0865020751953	191.72522735595703
32826	orientation_diff	269.1434783935547	189.80841445922852
32827	orientation_diff	268.5560531616211	190.56890106201172
32828	orientation_diff	268.4364128112793	191.36669921875
32829	orientation_diff	272.8408966064453	192.2439422607422
32830	orientation_diff	276.7038040161133	191.81211853027344
32835	orientation_diff	276.58544158935547	197.61810302734375
32836	orientation_diff	279.2873764038086	199.26640701293945
32837	orientation_diff	280.23246002197266	199.2225799560547
32838	orientation_diff	283.6175537109375	199.33946228027344
32839	orientation_diff	285.15597915649414	198.08599853515625
32840	orientation_diff	287.12706756591797	197.3301239013672
32841	orientation_diff	287.80725479125977	198.2897720336914
32983	orientation_diff	253.18136978149414	219.21389389038086
32984	orientation_diff	252.46324157714844	223.6203498840332
32985	orientation_diff	253.87845993041992	225.07492446899414
32986	orientation_diff	254.10109329223633	225.05869674682617
32987	orientation_diff	254.68130111694336	224.63155364990234
32988	orientation_diff	254.0054054260254	226.64125442504883
32989	orientation_diff	254.24606323242188	228.19814682006836
32991	orientation_diff	255.84189224243164	231.51540756225586
32992	orientation_diff	255.7285499572754	231.6448211669922
32993	orientation_diff	258.5007209777832	232.88811111450195
32994	orientation_diff	257.78257751464844	230.19887161254883
32995	orientation_diff	256.5381546020508	231.26300811767578
32996	orientation_diff	260.84353256225586	231.2377471923828
32997	orientation_diff	259.69885635375977	238.11174392700195
32998	orientation_diff	262.8041458129883	236.5731315612793
33002	orientation_diff	268.4554901123047	241.77619171142578
33009	position_diff	267.63174629211426	273.93400382995605
33010	position_diff	266.5477352142334	273.76112174987793
33011	position_diff	266.0453987121582	273.8622016906738
33012	position_diff	265.86335372924805	273.9485607147217
33013	position_diff	265.83074378967285	273.8496551513672
33014	position_diff	268.72189712524414	275.2617378234863
33015	position_diff	266.2034339904785	274.2217044830322
33016	position_diff	266.4323387145996	274.56739807128906
33017	position_diff	266.42866134643555	274.62106704711914
33018	position_diff	266.27571868896484	273.7686424255371
33019	position_diff	267.0043411254883	274.0408134460449
33020	position_diff	266.7875442504883	273.6416416168213
33021	position_diff	266.97281646728516	274.33438301086426
33022	position_diff	266.87646865844727	274.3338966369629
33023	position_diff	265.28926849365234	271.6204528808594
33024	position_diff	267.5068531036377	274.3908863067627
33025	position_diff	266.5396614074707	273.7551918029785
33026	position_diff	268.40447998046875	275.2511787414551
33027	orientation_diff	269.72557067871094	276.3767509460449
33028	orientation_diff	269.6609363555908	275.9014072418213
33029	position_diff	268.03110694885254	275.0018367767334
33030	position_diff	267.32184410095215	274.4605407714844
33031	position_diff	267.1875114440918	274.9685859680176
33032	position_diff	265.91653633117676	276.38011741638184
33033	position_diff	266.73056983947754	277.5749797821045
33034	orientation_diff	269.17128562927246	282.64190673828125
33035	orientation_diff	268.49999618530273	284.8859004974365
33036	orientation_diff	267.80563735961914	286.75475883483887
33037	position_diff	265.7096290588379	288.65358543395996
33038	orientation_diff	268.9767951965332	290.51671600341797
33039	position_diff	269.34553146362305	288.730318069458
33041	position_diff	271.8270263671875	296.0885124206543
33102	orientation_diff	784.3448715209961	714.0659866333008
33104	orientation_diff	782.9209632873535	713.8530921936035
33108	orientation_diff	782.2184181213379	716.6411666870117
33111	orientation_diff	785.4270133972168	708.1328868865967
33112	orientation_diff	785.1045074462891	706.2711315155029
33117	orientation_diff	784.6130180358887	710.270751953125
33126	orientation_diff	778.2885551452637	713.7875022888184
33128	orientation_diff	782.6629829406738	708.5448722839355
33129	orientation_diff	782.8403663635254	707.8569240570068
33130	orientation_diff	783.4978904724121	706.8970813751221
33131	orientation_diff	781.6980857849121	706.7950420379639
33132	orientation_diff	779.8540534973145	710.056360244751
33133	position_diff	786.0831985473633	705.5083999633789
33134	orientation_diff	780.3215866088867	709.3531322479248
33135	orientation_diff	782.3451957702637	706.1963214874268
33136	orientation_diff	781.8403015136719	704.6841239929199
33137	orientation_diff	781.1854839324951	706.126802444458
33138	orientation_diff	780.6491603851318	708.2236976623535
33139	position_diff	784.5656318664551	703.8214645385742
33140	position_diff	783.4788036346436	706.7836284637451
33141	position_diff	785.1340389251709	703.1763381958008
33142	position_diff	782.9625854492188	704.3720073699951
33143	orientation_diff	779.9773864746094	703.9213962554932
33144	orientation_diff	777.2770729064941	705.2133312225342
33145	orientation_diff	779.3208522796631	706.6908664703369
33146	position_diff	780.175687789917	701.4502944946289
33147	position_diff	778.8811550140381	699.3512687683105
33148	position_diff	780.6469554901123	700.3886184692383
33149	orientation_diff	774.3022060394287	701.3634910583496
33150	orientation_diff	770.6846771240234	697.6876411437988
33151	orientation_diff	768.7591209411621	698.6776885986328
33152	orientation_diff	773.3627166748047	697.0936069488525
33153	orientation_diff	771.232063293457	700.3400077819824
33154	orientation_diff	773.8647594451904	698.1530933380127
33155	orientation_diff	770.4266357421875	696.9546928405762
33156	orientation_diff	767.8061866760254	697.9284915924072
33157	orientation_diff	768.2535457611084	696.1066379547119
33158	orientation_diff	766.1872444152832	698.181245803833
33159	orientation_diff	764.708517074585	697.3147621154785
33160	orientation_diff	763.6895427703857	697.9100379943848
33161	orientation_diff	766.4313926696777	694.0757122039795
33162	orientation_diff	765.6271591186523	693.200984954834
33163	orientation_diff	771.6878814697266	689.7447280883789
33164	orientation_diff	764.4489593505859	688.4245262145996
33165	orientation_diff	762.9394702911377	687.7033920288086
33166	orientation_diff	761.6032209396362	688.1081829071045
33167	orientation_diff	760.2669715881348	688.5129737854004
33168	orientation_diff	761.8306999206543	687.5652313232422
33169	orientation_diff	763.6056137084961	682.552412033081
33170	orientation_diff	763.3435688018799	681.2729930877686
33171	orientation_diff	765.3873538970947	684.6400203704834
33172	orientation_diff	762.6522178649902	682.7245044708252
33305	orientation_diff	762.539234161377	402.5120086669922
33306	orientation_diff	762.587881565094	407.35680770874023
33307	orientation_diff	762.571665763855	405.7418746948242
33308	orientation_diff	762.555449962616	404.1269416809082
33309	position_diff	372.20226287841797	138.21593856811523
33315	orientation_diff	375.6812973022461	153.49491500854492
33316	orientation_diff	373.1399841308594	155.19313430786133
33317	orientation_diff	376.979248046875	153.27251815795898
33318	orientation_diff	377.0138816833496	153.68552780151367
33319	orientation_diff	379.358642578125	155.71586227416992
33320	orientation_diff	373.82496643066406	161.35602569580078
33321	orientation_diff	376.44421768188477	157.8259048461914
33322	orientation_diff	374.27703857421875	160.18677520751953
33323	orientation_diff	375.93358612060547	158.454833984375
33324	orientation_diff	378.38147354125977	158.58234786987305
33325	orientation_diff	379.08697509765625	158.2826805114746
33326	orientation_diff	377.9509811401367	157.8167839050293
33327	orientation_diff	376.791015625	160.11828994750977
33328	orientation_diff	376.3198471069336	162.67323303222656
33329	orientation_diff	376.029842376709	164.36893844604492
33330	orientation_diff	372.19238662719727	172.98042678833008
33331	orientation_diff	373.0144691467285	169.61750030517578
33332	orientation_diff	369.9423065185547	173.69981002807617
33333	orientation_diff	371.95337677001953	183.87623977661133
33365	orientation_diff	181.1804656982422	305.4214668273926
33366	orientation_diff	181.30816650390625	302.77043533325195
33367	orientation_diff	180.74958419799805	306.0852394104004
33370	orientation_diff	181.7580108642578	304.8854217529297
33371	orientation_diff	182.68249130249023	303.8894729614258
33372	orientation_diff	182.73284530639648	304.7000389099121
33373	orientation_diff	183.50875854492188	307.14908599853516
33374	orientation_diff	184.43047714233398	303.9311981201172
33375	orientation_diff	184.75408554077148	311.7190132141113
33376	orientation_diff	189.70114517211914	311.0600891113281
33377	orientation_diff	190.92021369934082	312.5132598876953
33378	orientation_diff	192.1392822265625	313.9664306640625
33383	orientation_diff	207.8199119567871	318.7993507385254
33384	orientation_diff	211.774658203125	315.3850326538086
33385	orientation_diff	214.9006462097168	313.61645126342773
33386	orientation_diff	213.2398338317871	316.41700744628906
33448	orientation_diff	603.0515213012695	836.1563682556152
33449	orientation_diff	605.6812705993652	831.802173614502
33450	orientation_diff	604.1236991882324	831.8609218597412
33451	orientation_diff	600.9109954833984	834.1354293823242
33452	orientation_diff	597.6664619445801	834.8254261016846
33453	orientation_diff	596.5184173583984	838.500789642334
33454	orientation_diff	594.3606491088867	836.9471302032471
33455	orientation_diff	599.4432678222656	832.2887001037598
33456	orientation_diff	600.3536415100098	833.8398857116699
33457	orientation_diff	598.8112449645996	832.2022380828857
33458	orientation_diff	596.0852813720703	826.7204399108887
33459	orientation_diff	597.6498756408691	825.6148567199707
33462	orientation_diff	589.7033576965332	836.3877334594727
33463	orientation_diff	590.5974655151367	833.4805088043213
33464	orientation_diff	593.456184387207	828.0841178894043
33465	orientation_diff	591.1866035461426	828.149772644043
33466	orientation_diff	593.2985782623291	826.3844165802002
33467	orientation_diff	593.2055759429932	824.5214653015137
33468	orientation_diff	592.5477714538574	824.387866973877
33472	orientation_diff	595.3367805480957	825.9033393859863
33473	orientation_diff	594.2067832946777	827.1373500823975
33474	orientation_diff	594.9626789093018	825.4620685577393
33475	orientation_diff	593.7506351470947	825.4909362792969
33476	orientation_diff	593.0352535247803	823.8172492980957
33477	orientation_diff	592.990650177002	822.4239158630371
33478	orientation_diff	592.7739868164062	822.9188594818115
33479	orientation_diff	591.4746150970459	823.6357803344727
33480	orientation_diff	592.8770523071289	819.6169624328613
33481	orientation_diff	592.8721790313721	819.9977779388428
33482	orientation_diff	594.109130859375	819.0825099945068
33483	orientation_diff	594.940673828125	818.2065811157227
33484	orientation_diff	594.9826049804688	817.7765293121338
33485	orientation_diff	595.7218971252441	815.7454471588135
33486	orientation_diff	591.4051666259766	819.2583484649658
33487	orientation_diff	588.6973266601562	820.0735530853271
33488	orientation_diff	588.4666843414307	820.1750679016113
33489	orientation_diff	592.6349067687988	816.6200942993164
33490	orientation_diff	597.3689002990723	815.6176052093506
33491	orientation_diff	598.3975372314453	812.4642486572266
33492	orientation_diff	598.7072257995605	813.7008781433105
33493	orientation_diff	594.7814407348633	814.1994647979736
33494	orientation_diff	598.5083656311035	812.4154834747314
33495	orientation_diff	598.8450736999512	809.7051334381104
33496	orientation_diff	594.0660457611084	815.0923099517822
33497	orientation_diff	595.5378742218018	812.0320854187012
33498	orientation_diff	596.5213413238525	810.5224304199219
33499	orientation_diff	594.8974456787109	813.4364471435547
33500	orientation_diff	596.3834590911865	811.141622543335
33501	orientation_diff	234.56229400634766	760.5082168579102
33502	orientation_diff	232.99102401733398	758.0993003845215
33503	orientation_diff	236.10235977172852	758.7938995361328
33504	orientation_diff	237.14600372314453	756.458740234375
33505	orientation_diff	596.9312171936035	809.6441059112549
33506	orientation_diff	595.8036346435547	809.3885765075684
33507	orientation_diff	598.0847015380859	809.5349140167236
33508	orientation_diff	593.7947578430176	812.2886123657227
33509	orientation_diff	236.8485984802246	753.6548767089844
33510	orientation_diff	237.30135345458984	752.6007766723633
33511	orientation_diff	237.50001525878906	752.2892818450928
33512	orientation_diff	589.1812267303467	810.6759376525879
33513	orientation_diff	590.1249128977457	808.1644630432129
33514	orientation_diff	237.52244186401367	750.6910171508789
33515	orientation_diff	237.3507080078125	749.8915405273438
33516	orientation_diff	237.4840431213379	749.059139251709
33517	orientation_diff	237.96744537353516	746.7622528076172
33518	orientation_diff	240.97445678710938	744.4490051269531
33519	orientation_diff	240.94985580444336	746.7925109863281
33521	orientation_diff	159.0343780517578	567.2925720214844
33522	orientation_diff	242.05280685424805	743.8130073547363
33523	orientation_diff	160.7758026123047	566.9561462402344
33524	orientation_diff	162.13825607299805	565.643798828125
33525	orientation_diff	163.11087799072266	565.6389312744141
33526	orientation_diff	162.4657974243164	567.0642776489258
33527	orientation_diff	164.3946418762207	565.9838790893555
33528	orientation_diff	170.56546783447266	562.6103706359863
33529	orientation_diff	172.40994262695312	563.522575378418
33530	orientation_diff	169.99130630493164	564.7271385192871
33536	orientation_diff	177.76543807983398	571.0341835021973
33537	orientation_diff	183.0811767578125	571.462646484375
33538	orientation_diff	189.11212539672852	573.1436729431152
33564	orientation_diff	527.028923034668	119.9137191772461
33565	orientation_diff	528.2667388916016	118.21255493164062
33566	orientation_diff	528.8789939880371	120.31996154785156
33567	orientation_diff	528.9044952392578	118.24943542480469
33568	orientation_diff	531.5042877197266	117.62614059448242
33569	orientation_diff	529.011417388916	120.76890182495117
33570	orientation_diff	528.7814598083496	120.71051788330078
33571	orientation_diff	525.1687431335449	119.30630874633789
33572	orientation_diff	525.316577911377	119.1094856262207
33573	orientation_diff	527.8155517578125	120.44020462036133
33574	orientation_diff	532.3651542663574	124.57425308227539
33575	orientation_diff	532.1114158630371	127.17487716674805
33576	orientation_diff	533.6567878723145	127.93400955200195
33577	orientation_diff	532.0492935180664	125.95267105102539
33578	orientation_diff	530.693473815918	126.00944137573242
33579	orientation_diff	528.949146270752	128.68807983398438
33581	orientation_diff	534.7103805541992	131.96847915649414
33582	orientation_diff	534.3523445129395	133.39871215820312
33583	orientation_diff	532.2681770324707	137.10576629638672
33584	orientation_diff	533.9683876037598	135.69353103637695
33585	orientation_diff	532.1524085998535	140.46892929077148
33586	orientation_diff	530.975772857666	131.03546524047852
33587	orientation_diff	534.4414100646973	129.41324996948242
33588	orientation_diff	531.4646606445312	133.7065315246582
33589	orientation_diff	536.1980361938477	134.28472518920898
33590	orientation_diff	534.7586097717285	135.50986862182617
33637	orientation_diff	766.4345207214355	197.30278396606445
33640	orientation_diff	768.5019912719727	202.45760345458984
33642	orientation_diff	768.2996673583984	202.99393463134766
33646	orientation_diff	767.1248550415039	199.79998397827148
33647	orientation_diff	768.0677833557129	200.80825424194336
33648	orientation_diff	765.5461921691895	204.3159637451172
33649	orientation_diff	767.7447166442871	202.7788200378418
33650	orientation_diff	769.0761299133301	201.85462188720703
33651	orientation_diff	767.7677154541016	204.17256927490234
33652	orientation_diff	764.1595001220703	209.96144485473633
33653	orientation_diff	768.2291297912598	205.81678771972656
33654	orientation_diff	761.5232734680176	210.0267105102539
33655	orientation_diff	762.3728065490723	211.21509170532227
33656	orientation_diff	763.2117328643799	210.12393188476562
33657	orientation_diff	764.0850296020508	210.83084869384766
33658	orientation_diff	764.4191818237305	210.77248764038086
33659	orientation_diff	765.0282363891602	215.03313446044922
33660	orientation_diff	757.4465007781982	218.52508163452148
33664	orientation_diff	749.9370021820068	217.28400421142578
33665	orientation_diff	749.0916366577148	223.35744094848633
33666	orientation_diff	747.8996334075928	222.45215225219727
33667	orientation_diff	747.9974670410156	221.66207122802734
33668	orientation_diff	746.8650169372559	223.89972305297852
33708	orientation_diff	135.14870071411133	401.3667640686035
33709	orientation_diff	135.46099090576172	400.6129035949707
33712	orientation_diff	138.08007049560547	400.0412063598633
33713	orientation_diff	139.34785652160645	398.89319705963135
33714	orientation_diff	140.61564254760742	397.7451877593994
33715	orientation_diff	142.30628967285156	398.5409126281738
33717	orientation_diff	143.75869369506836	397.96858978271484
33718	orientation_diff	146.47156143188477	397.1785430908203
33725	orientation_diff	155.18274688720703	394.7007026672363
33726	orientation_diff	157.94516372680664	395.7208824157715
33727	orientation_diff	158.01894760131836	396.2866859436035
33728	orientation_diff	158.87121963500977	396.78583908081055
33729	orientation_diff	161.0456085205078	396.3420829772949
33730	orientation_diff	162.7913703918457	396.524169921875
33764	orientation_diff	199.97564697265625	426.91947174072266
33765	orientation_diff	197.96594619750977	430.63721466064453
33766	orientation_diff	191.5102767944336	429.42341232299805
33815	orientation_diff	713.0201072692871	160.15156936645508
33816	orientation_diff	716.0040130615234	161.04109573364258
33817	orientation_diff	716.5731163024902	161.1484375
33818	orientation_diff	713.3417358398438	159.55014419555664
33822	orientation_diff	708.1835556030273	158.72620391845703
33823	orientation_diff	710.3085136413574	160.10902404785156
33824	orientation_diff	710.8288688659668	162.20383071899414
33825	orientation_diff	710.8370761871338	163.24950790405273
33826	orientation_diff	703.2261295318604	161.52673721313477
33827	orientation_diff	715.6450958251953	163.56268310546875
33828	position_diff	719.4014472961426	164.12938690185547
33829	orientation_diff	717.206750869751	164.98847579956055
33830	orientation_diff	712.4012222290039	162.80876922607422
33831	orientation_diff	717.6166076660156	168.5877456665039
33832	orientation_diff	712.0770225524902	171.69024658203125
33833	orientation_diff	127.07073211669922	620.3339805603027
33834	orientation_diff	710.5992012023926	175.71276092529297
33835	orientation_diff	707.8424015045166	176.21438598632812
33836	orientation_diff	707.9008560180664	173.6494140625
33837	orientation_diff	707.0788097381592	176.0030403137207
33838	orientation_diff	705.9545726776123	176.42974090576172
33839	orientation_diff	705.9191036224365	178.40203094482422
33840	orientation_diff	132.4436149597168	617.833417892456
33841	orientation_diff	132.67332077026367	615.7917976379395
33842	orientation_diff	706.7008743286133	177.67832565307617
33843	orientation_diff	704.9608955383301	179.12562942504883
33844	orientation_diff	704.7424716949463	180.08260345458984
33845	orientation_diff	704.1920986175537	180.7979621887207
33846	orientation_diff	133.81562423706055	613.2043266296387
33847	orientation_diff	134.81336975097656	609.5053558349609
33848	orientation_diff	135.3587188720703	610.1611607869465
33849	orientation_diff	135.08604431152344	609.8332583109539
33850	orientation_diff	707.6863250732422	186.04684829711914
33851	orientation_diff	136.12071228027344	607.3476982116699
33864	orientation_diff	479.8242893218994	123.65165138244629
33899	orientation_diff	147.70502853393555	593.7649784088135
33929	orientation_diff	137.9410171508789	380.9054412841797
33930	orientation_diff	142.0229263305664	380.7790298461914
33931	orientation_diff	141.04589080810547	379.6638641357422
33932	orientation_diff	143.7256622314453	379.6201858520508
33933	orientation_diff	143.19115447998047	382.1468734741211
33934	orientation_diff	146.06878280639648	383.4139404296875
33935	orientation_diff	146.19348526000977	384.8896007537842
33936	orientation_diff	146.22250747680664	385.22957611083984
33937	orientation_diff	146.72162246704102	385.89696502685547
33938	orientation_diff	150.83228302001953	384.5496025085449
33939	orientation_diff	150.5328254699707	384.5447082519531
33940	orientation_diff	148.6876106262207	384.5405082702637
33941	orientation_diff	147.40248107910156	387.3782730102539
33942	orientation_diff	151.40434519449872	384.4684778849284
33943	orientation_diff	149.4034131368001	385.9233754475911
33944	orientation_diff	153.40527725219727	383.0135803222656
33947	orientation_diff	645.2102165222168	146.10556030273438
33949	orientation_diff	161.82354736328125	387.98147201538086
33950	orientation_diff	166.3561782836914	389.2891502380371
33951	orientation_diff	163.86791610717773	391.21018981933594
33952	orientation_diff	168.10887145996094	390.96289825439453
33953	orientation_diff	169.18838119506836	392.1044502258301
33954	orientation_diff	168.86426162719727	394.46261978149414
33955	orientation_diff	172.14987564086914	396.33068084716797
33956	orientation_diff	178.70045471191406	398.4325942993164
33957	orientation_diff	635.0612678527832	154.5546875
33960	orientation_diff	634.5347785949707	151.40529251098633
34126	orientation_diff	240.54115676879883	196.68070220947266
34145	orientation_diff	119.0140609741211	424.18576431274414
34146	orientation_diff	120.41602325439453	420.5896110534668
34147	orientation_diff	120.48196411132812	424.2724418640137
34148	orientation_diff	119.8368148803711	425.3602600097656
34149	orientation_diff	120.01900863647461	426.6627960205078
34150	orientation_diff	121.1314582824707	427.3314895629883
34153	orientation_diff	120.59954071044922	426.45264053344727
34155	orientation_diff	120.44174194335938	427.12664794921875
34158	orientation_diff	122.2458267211914	429.60014724731445
34161	orientation_diff	121.20241165161133	431.64775466918945
34190	orientation_diff	472.22400665283203	873.4854354858398
34191	orientation_diff	475.1443557739258	872.4270095825195
34192	orientation_diff	476.4447555541992	870.0656051635742
34194	orientation_diff	476.0177688598633	867.846622467041
34214	orientation_diff	575.1374702453613	866.3758640289307
34215	orientation_diff	576.0091743469238	865.4072456359863
34216	orientation_diff	576.3942375183105	863.7304496765137
34217	orientation_diff	574.9403305053711	862.7300834655762
34218	orientation_diff	575.5997085571289	860.3289661407471
34219	orientation_diff	574.6766395568848	858.8640098571777
34221	orientation_diff	576.9815711975098	853.8105430603027
34222	orientation_diff	576.0297966003418	852.9180526733398
34223	orientation_diff	576.9535751342773	856.8100509643555
34228	orientation_diff	565.4700813293457	846.7135353088379
34235	orientation_diff	183.22727966308594	366.4531593322754
34391	orientation_diff	601.7081432342529	848.0726585388184
34392	orientation_diff	602.8022785186768	846.5413017272949
34393	orientation_diff	602.8329582214355	844.9829750061035
34394	orientation_diff	603.9334487915039	843.911376953125
34395	orientation_diff	605.1498756408691	843.0841865539551
34396	orientation_diff	606.600492477417	841.6756019592285
34398	position_diff	615.7285537719727	833.7216606140137
34399	position_diff	618.9468879699707	833.7819976806641
34400	position_diff	619.2756805419922	834.0624618530273
34518	orientation_diff	163.60846633911132	539.9519332885742
34519	orientation_diff	162.66702842712402	540.9715251922607
34520	orientation_diff	161.72559051513673	541.9911170959473
34521	orientation_diff	160.7841526031494	543.0107089996338
34522	position_diff	159.84271469116212	544.0303009033203
34523	position_diff	158.9012767791748	545.0498928070068
34524	position_diff	157.9598388671875	546.0694847106934
34525	position_diff	159.56736755371094	545.5674591064453
34526	position_diff	161.600341796875	543.1676807403564
34527	position_diff	162.49053192138672	545.2482147216797
34528	position_diff	161.07386016845703	542.6814994812012
34584	orientation_diff	128.03575134277344	510.08021545410156
34590	orientation_diff	133.20311737060547	507.18829345703125
34591	orientation_diff	132.7086296081543	504.0319938659668
34592	orientation_diff	134.79287719726562	507.48481369018555
34593	orientation_diff	135.1764030456543	511.1799736022949
34594	orientation_diff	136.27791213989258	508.6827163696289
34596	orientation_diff	140.00717544555664	513.1275329589844
34597	orientation_diff	139.66687393188477	511.35391998291016
34598	orientation_diff	143.67345428466797	516.6700820922852
34599	orientation_diff	146.16944885253906	513.0388813018799
34600	orientation_diff	193.40538024902344	699.0028419494629
34601	orientation_diff	151.10321044921875	509.3665962219238
34602	orientation_diff	152.123779296875	511.79218673706055
34603	orientation_diff	189.38255310058594	696.9417762756348
34605	orientation_diff	191.94489288330078	696.6217676798503
34607	orientation_diff	198.59020233154297	696.3268356323242
34608	orientation_diff	198.57272720336914	693.4054756164551
34610	orientation_diff	199.4754524230957	691.9878063201904
34611	orientation_diff	198.78428649902344	690.9588031768799
34612	orientation_diff	199.77180862426758	688.602108001709
34613	orientation_diff	202.22637176513672	688.1377143859863
34615	orientation_diff	203.6082649230957	685.2072830200195
34616	orientation_diff	205.39612197875977	686.9861259460449
34617	orientation_diff	207.3352165222168	684.353063583374
34706	orientation_diff	918.7756004333496	591.3347930908203
34713	orientation_diff	910.5273170471191	588.002010345459
34714	orientation_diff	910.9437103271484	587.902271270752
34715	orientation_diff	910.8397026062012	585.7069301605225
34716	orientation_diff	909.5980453491211	584.3035430908203
34717	orientation_diff	910.0382804870605	583.5090599060059
34718	orientation_diff	910.1272926330566	581.9891128540039
34719	orientation_diff	907.9312782287598	584.4876251220703
34723	orientation_diff	906.7427558898926	587.2020797729492
34725	orientation_diff	907.0983810424805	576.536111831665
34726	orientation_diff	906.3143081665039	578.545244216919
34727	orientation_diff	905.0864658355713	578.5929412841797
34728	orientation_diff	903.9894104003906	579.5360641479492
34729	orientation_diff	905.1800193786621	579.3744430541992
34730	orientation_diff	904.0269470214844	577.9417762756348
34731	orientation_diff	903.1994647979736	576.3276481628418
34732	orientation_diff	904.6637992858887	576.3177795410156
34733	orientation_diff	902.491455078125	579.3145179748535
34736	orientation_diff	894.1441650390625	579.2416000366211
34737	orientation_diff	133.99956893920898	585.4980773925781
34738	orientation_diff	134.0290184020996	585.5697174072266
34739	orientation_diff	133.41095352172852	583.8326530456543
34740	orientation_diff	134.23943710327148	582.5576553344727
34748	orientation_diff	887.4866762161255	546.2157764434814
34906	orientation_diff	215.97393035888672	688.6504211425781
34907	orientation_diff	216.09619903564453	690.9735107421875
34908	orientation_diff	219.47646713256836	687.635139465332
34910	orientation_diff	228.11981201171875	685.4370498657227
34911	orientation_diff	231.7079315185547	686.8589782714844
34912	orientation_diff	230.34103775024414	684.5061264038086
34913	orientation_diff	237.13580322265625	685.9850845336914
34914	orientation_diff	239.84706497192383	685.3477973937988
34915	orientation_diff	248.96955490112305	686.3194618225098
34959	orientation_diff	810.2538051605225	246.79571533203125
34960	orientation_diff	811.7094974517822	244.48974609375
34961	orientation_diff	808.8995685577393	243.7797737121582
34962	orientation_diff	804.6363487243652	243.62790298461914
34963	orientation_diff	804.3887062072754	244.04063034057617
34964	orientation_diff	805.5530529022217	240.16328811645508
34965	orientation_diff	804.9748363494873	246.0662384033203
34966	orientation_diff	801.92262840271	248.2768096923828
34967	orientation_diff	804.0323963165283	247.27486419677734
34968	orientation_diff	802.886812210083	244.19798278808594
34969	orientation_diff	799.3154029846191	249.66686248779297
34970	orientation_diff	800.919921875	251.8293571472168
34971	orientation_diff	802.8517112731934	254.09668731689453
34972	orientation_diff	797.3457107543945	253.2420539855957
34973	orientation_diff	800.081958770752	248.93030548095703
34974	orientation_diff	797.6137561798096	255.3255271911621
34975	orientation_diff	802.1524467468262	256.89833068847656
34976	orientation_diff	797.9042892456055	253.56411361694336
34977	orientation_diff	794.5492909749348	254.79999923706055
34978	orientation_diff	796.2267901102703	254.18205642700195
34979	orientation_diff	792.8717918395996	255.41794204711914
34980	orientation_diff	791.1946392059326	256.5481643676758
34981	orientation_diff	791.3544044494629	256.8964538574219
34982	orientation_diff	789.7069778442383	256.6974983215332
35037	orientation_diff	730.0734748840332	277.6922187805176
35104	orientation_diff	179.66207885742188	419.05431747436523
35105	orientation_diff	182.6127700805664	420.71834564208984
35106	orientation_diff	183.37082290649414	426.5899887084961
35107	orientation_diff	189.73353576660156	423.0678901672363
35108	orientation_diff	185.2415771484375	425.3070297241211
35109	orientation_diff	186.37002182006836	427.55305099487305
35110	orientation_diff	189.0890998840332	426.3465919494629
35111	orientation_diff	193.36199569702148	434.0442237854004
35112	orientation_diff	191.35026931762695	430.4917640686035
35113	orientation_diff	189.42560195922852	427.3375549316406
35114	orientation_diff	459.24830627441406	124.84639358520508
35115	orientation_diff	459.62207539876306	125.1181526184082
35116	orientation_diff	459.4351908365885	124.98227310180664
35117	orientation_diff	459.8089599609375	125.25403213500977
35118	orientation_diff	201.49989318847656	427.2709541320801
35125	orientation_diff	464.7514343261719	139.92844772338867
35126	orientation_diff	469.5536918640137	142.36234664916992
35127	orientation_diff	469.9506492614746	143.5488739013672
35208	orientation_diff	508.33028411865234	104.93977355957031
35209	orientation_diff	509.27788162231445	107.40573120117188
35210	orientation_diff	511.3768424987793	108.4533462524414
35211	orientation_diff	511.16840744018555	109.41823959350586
35291	orientation_diff	782.6724624633789	793.1152610778809
35292	orientation_diff	782.3880195617676	792.7413597106934
35293	orientation_diff	779.3280296325684	796.8085670471191
35295	orientation_diff	779.8494853973389	795.333740234375
35296	orientation_diff	778.0088863372803	795.1771214803059
35297	orientation_diff	778.9291858673096	795.2554308573406
35298	orientation_diff	777.088586807251	795.0988121032715
35299	orientation_diff	778.5138702392578	793.5834503173828
35300	orientation_diff	778.9533996582031	794.2660140991211
35301	orientation_diff	782.9793510437012	788.0816345214844
35302	orientation_diff	783.6433868408203	790.2840194702148
35303	orientation_diff	786.3998527526855	788.87278175354
35304	orientation_diff	783.2359237670898	787.8310031890869
35305	orientation_diff	785.3391914367676	786.9172840118408
35306	orientation_diff	783.5423545837402	787.8725242614746
35307	orientation_diff	783.9957466125488	788.3793201446533
35308	orientation_diff	782.569221496582	789.3746452331543
35310	orientation_diff	776.0422744750977	794.9248638153076
35311	orientation_diff	774.8221893310547	795.0659351348877
35314	orientation_diff	779.0837821960449	792.1213550567627
35315	orientation_diff	779.8944129943848	790.5012893676758
35316	orientation_diff	778.0081558227539	791.6483306884766
35317	orientation_diff	775.2009601593018	795.0816917419434
35318	orientation_diff	774.657621383667	795.8629035949707
35319	orientation_diff	774.6749038696289	795.3824310302734
35320	orientation_diff	774.0271301269531	794.0186653137207
35321	orientation_diff	773.9591464996338	789.8498573303223
35322	orientation_diff	772.9663887023926	790.4829368591309
35323	orientation_diff	774.3648452758789	787.2934722900391
35324	orientation_diff	778.1237258911133	784.2805366516113
35325	orientation_diff	768.5482540130615	788.0220489501953
35326	orientation_diff	774.8162956237793	785.5439167022705
35327	orientation_diff	776.6404628753662	783.3846664428711
35328	orientation_diff	772.3112850189209	782.632495880127
35329	orientation_diff	774.0712852478027	780.446044921875
35330	orientation_diff	774.3156318664551	780.4066944122314
35331	orientation_diff	777.8491020202637	779.5435180664062
35332	orientation_diff	773.4486122131348	778.2197132110596
35333	orientation_diff	774.2434978485107	777.3381195068359
35502	orientation_diff	337.3739318847656	150.79186630249023
35512	orientation_diff	272.8582763671875	247.28746795654297
35513	orientation_diff	275.8772964477539	249.84989547729492
35514	orientation_diff	273.59130096435547	248.78466033935547
35515	orientation_diff	271.9748992919922	247.45223999023438
35524	orientation_diff	279.81103515625	253.99067306518555
35525	orientation_diff	280.15763092041016	253.26879501342773
35526	orientation_diff	280.4903984069824	256.78642654418945
35527	orientation_diff	281.4247283935547	254.67587661743164
35528	position_diff	281.48691177368164	253.30243301391602
35529	orientation_diff	279.27358627319336	255.01395416259766
35530	orientation_diff	271.0543098449707	259.00085067749023
35531	orientation_diff	268.77672576904297	261.6322937011719
35532	orientation_diff	274.1659812927246	258.7335090637207
35649	orientation_diff	764.9825038909912	836.2463073730469
35652	orientation_diff	765.6999893188477	834.6834983825684
35653	orientation_diff	765.2916717529297	834.4063186645508
35654	orientation_diff	762.7156982421875	829.1327819824219
35667	orientation_diff	753.1152267456055	817.0835800170898
35668	orientation_diff	754.0043678283691	814.4590969085693
35669	orientation_diff	752.2572059631348	813.2238140106201
35670	orientation_diff	753.1637802124023	813.0450134277344
35671	orientation_diff	753.4620132446289	811.7480640411377
35672	orientation_diff	749.3759326934814	812.6029434204102
35673	orientation_diff	751.0443267822266	812.3977355957031
35674	orientation_diff	747.4945964813232	813.792293548584
35675	orientation_diff	748.6458320617676	813.8090057373047
35679	orientation_diff	741.3222599029541	814.4887084960938
35680	orientation_diff	744.6559371948242	812.0856666564941
35683	orientation_diff	744.7709541320801	805.0785808563232
35684	orientation_diff	740.0200958251953	804.2604274749756
35685	orientation_diff	744.3150253295898	802.3600234985352
35686	orientation_diff	742.8792114257812	799.9866428375244
35687	orientation_diff	741.9080009460449	799.5231742858887
35688	orientation_diff	741.6532325744629	800.4562835693359
35727	orientation_diff	287.0958251953125	193.1036376953125
35737	orientation_diff	292.17449951171875	200.01722717285156
35761	orientation_diff	878.6721992492676	323.6689643859863
35762	orientation_diff	874.3082046508789	321.30090713500977
35763	orientation_diff	873.1023330688477	323.7495460510254
35764	orientation_diff	872.5049076080322	324.5384063720703
35765	orientation_diff	873.7361297607422	322.90198135375977
35766	orientation_diff	871.8249168395996	323.3093070983887
35767	orientation_diff	871.703800201416	323.87937927246094
35768	orientation_diff	871.5826835632324	324.4494514465332
35769	orientation_diff	869.8105697631836	325.9190864562988
35770	orientation_diff	870.8577308654785	322.3020668029785
35772	orientation_diff	864.8391494750977	323.67462158203125
35773	orientation_diff	863.0617802937826	325.0621236165365
35774	orientation_diff	863.9504648844401	324.3683725992838
35775	orientation_diff	862.173095703125	325.75587463378906
35776	orientation_diff	861.1138095855713	320.0941162109375
35777	orientation_diff	854.8521423339844	323.02953720092773
35826	orientation_diff	517.9784088134766	111.19223022460938
35827	orientation_diff	518.9166793823242	112.51969146728516
35838	orientation_diff	895.8300476074219	619.5058898925781
35839	orientation_diff	895.4950294494629	618.020622253418
35840	orientation_diff	893.4807090759277	620.3145370483398
35841	orientation_diff	891.6639556884766	621.6980857849121
35842	orientation_diff	892.0771751403809	620.142183303833
35843	orientation_diff	891.9354763031006	620.1402492523193
35844	orientation_diff	892.3036117553711	620.4053764343262
35845	orientation_diff	891.9494438171387	620.6056566238403
35846	orientation_diff	891.5952758789062	620.8059368133545
35847	orientation_diff	890.6030883789062	620.0598831176758
35848	orientation_diff	888.6037483215332	620.9875907897949
35849	orientation_diff	889.7703437805176	620.3842792510986
35850	orientation_diff	889.363224029541	622.3696804046631
35851	orientation_diff	889.8503227233887	623.2317008972168
35852	orientation_diff	886.6638374328613	621.1837425231934
35853	orientation_diff	887.0230369567871	618.899227142334
35854	orientation_diff	884.441535949707	619.678316116333
35855	orientation_diff	881.7553043365479	618.2878913879395
35856	orientation_diff	877.0220108032227	617.3719139099121
35857	orientation_diff	873.9320087432861	616.7347259521484
35858	orientation_diff	875.5034408569336	617.3485507965088
35859	orientation_diff	876.6647834777832	617.9245223999023
35860	orientation_diff	873.6702842712402	615.6963577270508
35861	orientation_diff	873.0458106994629	611.1659660339355
35862	orientation_diff	871.5573577880859	610.196943283081
35863	orientation_diff	868.9733924865723	612.3234615325928
35864	orientation_diff	867.9302978515625	607.8450469970703
35894	orientation_diff	893.6971244812012	489.84101486206055
35978	orientation_diff	139.5959129333496	482.8239097595215
35983	orientation_diff	917.7917098999023	557.9210891723633
35984	orientation_diff	915.7509174346924	556.3429374694824
35985	orientation_diff	913.7101249694824	554.7647857666016
35986	orientation_diff	915.2668342590332	556.1415138244629
35987	orientation_diff	919.4014205932617	559.6757736206055
35988	orientation_diff	918.8904495239258	561.1547737121582
35989	orientation_diff	923.2176284790039	555.1840324401855
35991	orientation_diff	920.6405220031738	552.0295104980469
35992	orientation_diff	919.2591896057129	555.7996368408203
35993	orientation_diff	922.1117210388184	556.073169708252
35994	orientation_diff	924.6524696350098	553.8152084350586
35995	orientation_diff	924.890079498291	554.9952659606934
35996	orientation_diff	141.53248596191406	479.37070083618164
35997	orientation_diff	142.86446380615234	477.54671478271484
35998	orientation_diff	144.17587280273438	478.3045196533203
35999	orientation_diff	145.1009063720703	482.31738662719727
36000	orientation_diff	138.44158554077148	477.40718841552734
36001	orientation_diff	138.4491081237793	474.46128273010254
36002	orientation_diff	349.6875305175781	172.36977005004883
36003	orientation_diff	141.72089385986328	477.0063667297363
36004	orientation_diff	145.20677947998047	476.5959587097168
36005	orientation_diff	352.5033073425293	176.57812881469727
36006	orientation_diff	351.07640838623047	179.2775650024414
36007	orientation_diff	353.3362121582031	175.89122772216797
36008	orientation_diff	353.2572479248047	175.8265037536621
36009	orientation_diff	354.02214431762695	177.1687774658203
36010	orientation_diff	353.79551696777344	181.42214965820312
36011	orientation_diff	354.1176643371582	182.16325759887695
36012	orientation_diff	355.612060546875	180.8880958557129
36013	orientation_diff	158.05432510375977	478.63082122802734
36014	orientation_diff	157.87247467041016	481.8582077026367
36015	orientation_diff	158.91518783569336	479.35237884521484
36016	orientation_diff	159.80508422851562	483.6320686340332
36017	orientation_diff	159.22504043579102	484.02336502075195
36018	orientation_diff	160.74266052246094	483.1659049987793
36019	orientation_diff	161.26246643066406	482.66728591918945
36020	orientation_diff	160.20217514038086	479.6407012939453
36021	orientation_diff	162.8233184814453	479.0392761230469
36022	orientation_diff	165.24713134765625	477.3406448364258
36023	orientation_diff	167.08709716796875	475.4851875305176
36024	orientation_diff	171.67620086669922	473.4718780517578
36025	orientation_diff	174.47412872314453	478.20486068725586
36057	orientation_diff	665.9417114257812	847.7498588562012
36059	orientation_diff	667.286319732666	843.7344589233398
36060	orientation_diff	665.2330169677734	839.1354637145996
36061	orientation_diff	662.8752708435059	842.542423248291
36062	orientation_diff	666.6600456237793	840.4689826965332
36063	orientation_diff	662.0060977935791	841.5958480834961
36064	orientation_diff	666.2783432006836	838.0288505554199
36065	orientation_diff	668.4494667053223	835.7268218994141
36066	orientation_diff	666.0016555786133	836.825252532959
36067	orientation_diff	666.6196250915527	835.6351928710938
36068	orientation_diff	666.0376205444336	835.37890625
36069	orientation_diff	666.2276763916016	836.0174713134766
36070	orientation_diff	667.7940368652344	836.1362380981445
36071	orientation_diff	667.2713356018066	836.2133255004883
36072	orientation_diff	668.2210845947266	835.1232414245605
36073	orientation_diff	664.9554786682129	834.8226947784424
36074	orientation_diff	665.2977085113525	833.5543537139893
36075	orientation_diff	665.2783336639404	833.1234836578369
36076	orientation_diff	665.4223232269287	832.5975303649902
36077	orientation_diff	666.3857955932617	831.4169692993164
36078	orientation_diff	663.3871307373047	831.4818572998047
36079	orientation_diff	663.3508148193359	830.1291351318359
36080	orientation_diff	667.4910163879395	829.4777641296387
36081	orientation_diff	662.7213973999023	828.5381908416748
36082	orientation_diff	666.3156585693359	826.0601463317871
36083	orientation_diff	663.0462760925293	827.9221630096436
36084	orientation_diff	659.2371273040771	828.4119777679443
36085	orientation_diff	659.8603134155273	826.7556896209717
36086	orientation_diff	662.0127563476562	823.4921073913574
36087	orientation_diff	661.4523010253906	821.6606216430664
36088	orientation_diff	661.3887042999268	819.1173553466797
36089	orientation_diff	661.0122184753418	814.6615257263184
36090	orientation_diff	661.6280555725098	811.0642604827881
36091	orientation_diff	662.8035774230957	807.627628326416
36092	orientation_diff	665.5769577026367	800.2491836547852
36198	orientation_diff	882.3455047607422	683.061897277832
36199	orientation_diff	886.9018249511719	677.351734161377
36200	orientation_diff	884.3512878417969	678.0262832641602
36201	orientation_diff	882.481840133667	683.2166023254395
36202	orientation_diff	879.4354228973389	680.5192604064941
36291	orientation_diff	411.1775360107422	141.85076522827148
36292	orientation_diff	412.05095291137695	142.95837020874023
36293	orientation_diff	414.4226608276367	140.77387619018555
36294	orientation_diff	414.2309799194336	141.11126708984375
36325	orientation_diff	126.28341674804688	574.3559379577637
36332	orientation_diff	126.35615158081055	573.4303817749023
36333	orientation_diff	122.49111938476562	574.1530265808105
36334	orientation_diff	122.83871459960938	570.2088737487793
36335	orientation_diff	126.06656265258789	568.0002746582031
36336	orientation_diff	125.43976402282715	565.09592628479
36475	orientation_diff	142.2871971130371	625.2840614318848
36476	orientation_diff	143.34309577941895	624.5860004425049
36477	orientation_diff	144.39899444580078	623.887939453125
36490	orientation_diff	793.2446060180664	794.686954498291
36491	orientation_diff	792.8442268371582	791.9541244506836
36492	orientation_diff	794.1455688476562	789.5819053649902
36493	orientation_diff	150.1633415222168	627.199348449707
36494	orientation_diff	787.381420135498	794.1020355224609
36495	orientation_diff	786.6841983795166	792.2950210571289
36496	orientation_diff	788.0459823608398	792.3304252624512
36497	orientation_diff	785.244571685791	790.4237079620361
36498	orientation_diff	784.2477550506592	788.4653129577637
36499	orientation_diff	785.8007202148438	782.5959644317627
36500	orientation_diff	782.7507972717285	786.9645042419434
36501	orientation_diff	782.403678894043	786.2297019958496
36502	orientation_diff	781.5020046234131	785.2307319641113
36503	orientation_diff	780.5916042327881	782.7352981567383
36504	orientation_diff	160.99481201171875	630.4641609191895
36505	orientation_diff	161.2173194885254	630.8815174102783
36506	orientation_diff	162.05764389038086	631.08078956604
36507	orientation_diff	163.24256896972656	631.2760677337646
36508	orientation_diff	164.99159240722656	630.964527130127
36509	orientation_diff	165.66511154174805	631.828821182251
36510	orientation_diff	166.96100997924805	630.5710945129395
36511	orientation_diff	165.79441833496094	631.5628509521484
36512	orientation_diff	166.40419387817383	628.9089164733887
36513	orientation_diff	168.61795806884766	631.4138431549072
36514	orientation_diff	170.83172225952148	633.9187698364258
36515	orientation_diff	175.12772369384766	631.3884887695312
36516	orientation_diff	182.24133682250977	629.0242576599121
36545	orientation_diff	195.04447555541992	622.945182800293
36546	orientation_diff	192.75296783447266	619.0339851379395
36568	orientation_diff	452.9202880859375	122.6541748046875
36569	orientation_diff	455.80173683166504	123.76202392578125
36570	orientation_diff	453.83633613586426	122.27453231811523
36687	orientation_diff	152.52088928222656	538.9230136871338
36688	orientation_diff	155.08713150024414	539.6818313598633
36689	orientation_diff	154.7498664855957	539.0142860412598
36690	orientation_diff	153.84231185913086	536.7966499328613
36691	orientation_diff	155.51905822753906	537.4305000305176
36695	orientation_diff	157.3047981262207	533.1550827026367
36696	orientation_diff	156.3310089111328	530.4378547668457
36697	orientation_diff	155.55998992919922	527.9717769622803
36698	orientation_diff	157.81646728515625	529.8576469421387
36760	orientation_diff	295.0004081726074	807.8033485412598
36761	orientation_diff	293.11583709716797	807.9545860290527
36762	orientation_diff	297.4501075744629	812.4864463806152
36763	orientation_diff	293.22807693481445	809.5174140930176
36764	orientation_diff	299.1371536254883	808.8541717529297
36765	orientation_diff	301.8434410095215	807.6909942626953
36766	orientation_diff	293.887451171875	808.3102722167969
36767	orientation_diff	292.7381286621094	808.6267013549805
36768	orientation_diff	294.5212860107422	810.4580993652344
36769	orientation_diff	290.40386962890625	808.6340141296387
36770	orientation_diff	293.29017639160156	807.2496109008789
36771	orientation_diff	293.2715644836426	807.5749416351318
36772	orientation_diff	290.65036392211914	806.3444080352783
36774	orientation_diff	292.0965003967285	808.1546287536621
36775	orientation_diff	294.3870086669922	805.64404296875
36776	orientation_diff	290.95454025268555	803.1889514923096
36777	orientation_diff	289.2880859375	801.4947910308838
36778	orientation_diff	290.7062454223633	801.5571727752686
36779	orientation_diff	288.5977897644043	799.1525077819824
36780	orientation_diff	287.9602699279785	798.3483619689941
36782	orientation_diff	289.7890930175781	792.1046314239502
37012	orientation_diff	133.71721649169922	401.3735771179199
37013	orientation_diff	132.67026138305664	400.7832450866699
37014	orientation_diff	132.50043487548828	401.5316390991211
37167	orientation_diff	169.6138687133789	621.1882057189941
37168	orientation_diff	171.62940979003906	617.7059631347656
37169	orientation_diff	172.83251953125	620.1746444702148
37170	orientation_diff	169.94168853759766	615.9306983947754
37171	orientation_diff	174.77017211914062	615.6236114501953
37172	orientation_diff	174.32358169555664	619.303035736084
37173	orientation_diff	177.1334228515625	615.4091472625732
37220	orientation_diff	502.1681709289551	899.3437118530273
37221	orientation_diff	502.2979316711426	899.1905784606934
37222	orientation_diff	499.4590644836426	900.5108680725098
37223	orientation_diff	499.27051162719727	897.6745567321777
37224	orientation_diff	496.8778438568115	901.7803077697754
37225	orientation_diff	495.7151908874512	899.789421081543
37226	orientation_diff	496.60822105407715	898.3535575866699
37227	orientation_diff	495.92372131347656	894.2024993896484
37228	orientation_diff	494.9147300720215	885.2728614807129
37307	orientation_diff	141.74829483032227	623.5710048675537
37314	orientation_diff	149.34639739990234	617.4657573699951
37315	orientation_diff	152.46049118041992	618.2480030059814
37316	orientation_diff	157.45868301391602	615.7507019042969
37317	orientation_diff	159.59877014160156	613.6981182098389
37318	orientation_diff	160.4197120666504	613.5645904541016
37325	orientation_diff	173.51031112670898	432.12170791625977
37326	orientation_diff	174.25082778930664	431.0035057067871
37327	orientation_diff	175.91373252868652	429.7971363067627
37328	orientation_diff	177.5766372680664	428.5907669067383
37329	orientation_diff	178.79215621948242	425.15295791625977
37330	orientation_diff	180.91593551635742	427.4171333312988
37331	orientation_diff	179.60580444335938	422.3341293334961
37332	orientation_diff	223.87992095947266	281.30989265441895
37333	orientation_diff	180.56538009643555	427.1526107788086
37334	orientation_diff	182.9742317199707	430.90156173706055
37335	orientation_diff	226.20849990844727	285.3917694091797
37336	orientation_diff	227.438232421875	283.12049102783203
37337	orientation_diff	228.99232482910156	282.79312896728516
37338	orientation_diff	227.89963150024414	282.9724407196045
37339	orientation_diff	228.4353790283203	281.15485763549805
37340	orientation_diff	228.54660034179688	280.95669174194336
37341	orientation_diff	227.75917053222656	282.09588623046875
37342	orientation_diff	229.07136917114258	281.41364669799805
37343	orientation_diff	229.88922500610352	279.2828140258789
37344	orientation_diff	229.5934181213379	280.9275722503662
37345	orientation_diff	230.8351707458496	281.4728317260742
37346	orientation_diff	231.26991271972656	279.13347244262695
37347	orientation_diff	231.90740585327148	281.3634910583496
37348	orientation_diff	231.49695205688477	283.7391662597656
37349	orientation_diff	232.68609619140625	283.34961318969727
37350	orientation_diff	230.71731185913086	281.6969909667969
37351	orientation_diff	231.85992813110352	281.2818031311035
37355	orientation_diff	233.11944198608398	277.8157730102539
37408	orientation_diff	186.5825309753418	629.3583183288574
37409	orientation_diff	188.99790573120117	634.7689323425293
37410	orientation_diff	191.66870880126953	640.0598068237305
37595	orientation_diff	146.63164138793945	385.2636528015137
37596	orientation_diff	149.65568161010742	379.2676544189453
37597	orientation_diff	147.9508514404297	379.27225494384766
37598	orientation_diff	148.34262084960938	376.6700210571289
37599	orientation_diff	150.23497772216797	377.6670780181885
37601	orientation_diff	151.4186019897461	381.0976867675781
37602	orientation_diff	152.85392379760742	386.805965423584
37603	orientation_diff	155.4688835144043	389.44703674316406
37604	orientation_diff	155.96270370483398	389.3254280090332
37605	orientation_diff	156.90604782104492	389.2484931945801
37606	orientation_diff	157.48896408081055	390.7067985534668
37607	orientation_diff	159.78115463256836	391.4742088317871
37608	orientation_diff	160.08698654174805	390.6897087097168
37617	orientation_diff	173.23386001586914	386.57320404052734
37861	orientation_diff	309.6884231567383	204.20343780517578
37862	orientation_diff	305.8047065734863	206.58554458618164
37863	orientation_diff	306.7093620300293	201.7632179260254
37864	orientation_diff	307.76635360717773	205.08471298217773
37865	orientation_diff	308.5563316345215	202.28258895874023
37866	orientation_diff	308.2946014404297	206.18194580078125
37867	orientation_diff	313.47633361816406	212.1480484008789
37868	orientation_diff	313.6161003112793	216.71429061889648
37869	orientation_diff	314.2793769836426	210.77194213867188
37870	orientation_diff	313.31438064575195	217.18938636779785
37871	orientation_diff	312.3493843078613	223.60683059692383
37872	orientation_diff	309.47509765625	224.87079238891602
37873	orientation_diff	311.9188537597656	216.48551559448242
37874	orientation_diff	316.5055503845215	220.81636810302734
37971	orientation_diff	635.4630107879639	334.5318069458008
37979	orientation_diff	255.6846466064453	192.0842742919922
37981	orientation_diff	253.94912338256836	196.80565643310547
37982	orientation_diff	254.91990661621094	197.0646629333496
37983	orientation_diff	257.3987970352173	199.45318794250488
37984	orientation_diff	256.57250022888184	198.65701293945312
37985	orientation_diff	255.7462034225464	197.86083793640137
37986	orientation_diff	258.22509384155273	200.24936294555664
38224	orientation_diff	755.3220825195312	229.0389289855957
38232	orientation_diff	341.3503761291504	804.6037559509277
38233	orientation_diff	340.2755928039551	801.5038108825684
38234	orientation_diff	342.0955619812012	804.4947929382324
38239	orientation_diff	338.8096923828125	803.5640811920166
38240	orientation_diff	339.7635383605957	805.2709274291992
38241	orientation_diff	344.91858291625977	803.0729942321777
38242	orientation_diff	755.20166015625	247.19779205322266
38243	orientation_diff	344.7288055419922	805.6219520568848
38244	orientation_diff	756.4258308410645	249.94904327392578
38248	orientation_diff	754.3090362548828	244.51649475097656
38249	orientation_diff	755.1259918212891	246.87321853637695
38250	orientation_diff	751.4763259887695	247.74159240722656
38251	orientation_diff	757.070858001709	248.52257919311523
38252	orientation_diff	756.1086730957031	248.55116271972656
38253	orientation_diff	754.8887138366699	248.22747421264648
38254	orientation_diff	754.7629508972168	249.77482223510742
38255	orientation_diff	751.9158210754395	250.1389389038086
38256	orientation_diff	751.3760414123535	250.37435150146484
38257	orientation_diff	752.1109390258789	251.50102615356445
38258	orientation_diff	750.8843879699707	253.62380981445312
38259	orientation_diff	748.7289276123047	251.76254653930664
38260	orientation_diff	752.1268463134766	251.6994514465332
38263	orientation_diff	750.5688819885254	252.32300186157227
38264	orientation_diff	750.4246406555176	253.03447341918945
38265	orientation_diff	752.3808898925781	252.10480499267578
38266	orientation_diff	755.9438972473145	253.6296844482422
38267	orientation_diff	753.2137107849121	252.5632781982422
38268	orientation_diff	757.8157272338867	256.3689880371094
38269	orientation_diff	757.0287780761719	256.4025459289551
38270	orientation_diff	755.0778388977051	256.7822456359863
38317	orientation_diff	387.95177841186523	337.2379913330078
38318	position_diff	392.9142608642578	342.43545150756836
38456	orientation_diff	256.0309524536133	751.1979885101318
38457	orientation_diff	255.86890029907227	751.1237144470215
38458	orientation_diff	256.35315704345703	748.0969123840332
38459	orientation_diff	258.3094673156738	750.6441764831543
38460	orientation_diff	258.23556900024414	748.4981212615967
38462	orientation_diff	257.9666404724121	739.8536968231201
38463	orientation_diff	258.52827072143555	736.5065803527832
38464	orientation_diff	260.43697357177734	735.8428039550781
38473	orientation_diff	751.9334812164307	203.4651985168457
38474	orientation_diff	749.152229309082	204.5735626220703
38484	orientation_diff	746.9608688354492	206.51232528686523
38485	orientation_diff	744.2237968444824	205.36688232421875
38486	orientation_diff	743.2706680297852	209.42604446411133
38487	orientation_diff	740.314489364624	206.4917449951172
38488	orientation_diff	744.9128952026367	207.44633865356445
38489	orientation_diff	740.8078632354736	207.9626235961914
38490	orientation_diff	741.2298984527588	204.51670455932617
38491	orientation_diff	740.6962089538574	204.87019729614258
38492	orientation_diff	741.9833106994629	209.22284698486328
38494	orientation_diff	742.7643184661865	208.7549057006836
38495	orientation_diff	739.1336402893066	206.7321891784668
38496	orientation_diff	739.0054105122883	206.05687840779623
38497	orientation_diff	739.0695254007976	206.3945337931315
38498	orientation_diff	738.9412956237793	205.71922302246094
38499	orientation_diff	738.0173435211182	206.96424102783203
38500	orientation_diff	736.3603839874268	207.22147369384766
38501	orientation_diff	734.7073154449463	206.2740592956543
38502	orientation_diff	733.2787952423096	206.35223007202148
38503	orientation_diff	735.2922897338867	206.2663230895996
38504	orientation_diff	732.1498641967773	206.5090560913086
38609	orientation_diff	622.6417751312256	157.39540100097656
38610	orientation_diff	621.2684478759766	156.67741012573242
38611	orientation_diff	624.5227127075195	158.2405014038086
38612	orientation_diff	625.413631439209	161.84802627563477
38613	orientation_diff	624.6842842102051	163.92575454711914
38614	orientation_diff	621.4009628295898	164.2990379333496
38615	orientation_diff	626.1046257019043	165.2656021118164
38616	orientation_diff	623.042121887207	167.81366348266602
38617	orientation_diff	618.4952850341797	167.8172721862793
38618	orientation_diff	619.8418159484863	167.91424179077148
38619	orientation_diff	620.0058174133301	167.82566452026367
38620	orientation_diff	617.5344123840332	170.47491836547852
38621	orientation_diff	621.4637336730957	162.88259506225586
38622	orientation_diff	621.1789245605469	162.71131134033203
38623	orientation_diff	621.8790969848633	163.97245407104492
38624	orientation_diff	622.3317184448242	163.62196731567383
38625	orientation_diff	620.8388214111328	163.24127578735352
38626	orientation_diff	624.6751594543457	169.02045059204102
38627	orientation_diff	616.584587097168	171.72207260131836
38628	orientation_diff	617.3690490722656	169.3157501220703
38629	orientation_diff	613.9760665893555	171.87107849121094
38630	orientation_diff	621.372875213623	167.8313446044922
38631	orientation_diff	616.8300857543945	171.02317428588867
38632	orientation_diff	616.5970916748047	169.39130401611328
38633	orientation_diff	617.4412937164307	174.83636093139648
38634	orientation_diff	617.4430694580078	173.3861312866211
38635	orientation_diff	617.8007221221924	172.81597137451172
38636	orientation_diff	620.9046936035156	166.55747985839844
38637	orientation_diff	617.5307731628418	169.27426147460938
38638	orientation_diff	616.675163269043	172.4012680053711
38639	orientation_diff	616.5716934204102	173.29483032226562
38640	orientation_diff	617.2827072143555	175.22600555419922
38641	orientation_diff	615.7766418457031	172.14445114135742
38642	orientation_diff	612.339973449707	174.7763214111328
38643	orientation_diff	613.1329536437988	177.27852249145508
38644	orientation_diff	614.0063934326172	177.7513656616211
38645	orientation_diff	612.3514556884766	173.7930793762207
38646	orientation_diff	611.6758766174316	177.3812370300293
38647	orientation_diff	610.1387252807617	175.88669967651367
38648	orientation_diff	610.0966262817383	179.88948440551758
38649	orientation_diff	609.9157524108887	180.3770523071289
38650	orientation_diff	609.480354309082	182.25834274291992
38651	orientation_diff	608.9708099365234	178.2534065246582
38652	orientation_diff	607.686393737793	180.74857330322266
38653	orientation_diff	609.1401519775391	177.34479522705078
38654	orientation_diff	607.2899398803711	179.77923583984375
38655	orientation_diff	608.2207546234131	179.77240753173828
38656	orientation_diff	609.6922245025635	178.47996139526367
38657	orientation_diff	608.2846851348877	180.12670135498047
38658	orientation_diff	607.8186378479004	182.3457260131836
38659	orientation_diff	605.0699424743652	182.10647201538086
38660	orientation_diff	602.6899757385254	181.48150253295898
38661	orientation_diff	601.9080505371094	183.76782989501953
38662	orientation_diff	601.7498245239258	186.51958084106445
38663	orientation_diff	599.971305847168	185.4299201965332
38664	orientation_diff	598.6441802978516	189.8290252685547
38813	orientation_diff	173.2200927734375	349.5831489562988
38814	orientation_diff	172.93281173706055	348.4264106750488
38815	orientation_diff	173.2450408935547	348.96697998046875
38816	orientation_diff	173.6025276184082	347.66829109191895
38817	orientation_diff	175.2793960571289	346.99482345581055
38818	orientation_diff	175.74011993408203	348.9194641113281
38819	orientation_diff	176.9766731262207	348.3673629760742
38834	orientation_diff	171.34918212890625	474.5480155944824
38841	orientation_diff	174.4948616027832	470.40758323669434
38842	orientation_diff	177.89321517944336	474.8562126159668
38843	orientation_diff	179.9433708190918	476.32836151123047
38844	orientation_diff	180.39317321777344	479.942081451416
38845	orientation_diff	182.04444885253906	477.8418369293213
38846	orientation_diff	181.35980987548828	475.0074882507324
38847	orientation_diff	180.89421844482422	474.7530517578125
38848	orientation_diff	184.17405319213867	476.4843635559082
38849	orientation_diff	187.73912811279297	478.65530014038086
38850	orientation_diff	190.75256729125977	480.2786102294922
38851	orientation_diff	196.35789108276367	480.4460105895996
38852	orientation_diff	196.1578254699707	480.3434181213379
38853	orientation_diff	197.52017974853516	479.793399810791
38885	orientation_diff	438.5449924468994	192.06417083740234
38886	orientation_diff	412.2154731750488	205.72601699829102
38887	orientation_diff	386.38536834716797	221.06219863891602
38888	orientation_diff	373.8455047607422	220.3903923034668
38889	position_diff	377.11351776123047	229.06721369425458
38890	orientation_diff	375.4795112609863	224.72880299886066
38895	orientation_diff	173.4286994934082	697.5642929077148
38916	orientation_diff	177.81258010864258	689.2765617370605
38919	orientation_diff	180.3389778137207	690.8500709533691
38920	orientation_diff	179.33849334716797	689.452220916748
38921	orientation_diff	177.9564094543457	686.9813175201416
38922	orientation_diff	176.9884262084961	686.8932418823242
38923	orientation_diff	178.07847213745117	685.5634078979492
38924	orientation_diff	178.04553604125977	685.6209812164307
38925	orientation_diff	180.48061752319336	689.0469398498535
38926	orientation_diff	181.3798484802246	688.0970554351807
38927	orientation_diff	180.0653419494629	686.2529296875
38928	orientation_diff	181.00685119628906	684.7334041595459
38929	orientation_diff	184.5018196105957	685.9240970611572
38930	orientation_diff	184.20896530151367	684.0832252502441
38931	orientation_diff	182.42677307128906	683.7898712158203
38932	orientation_diff	184.16154861450195	682.8502807617188
38933	orientation_diff	183.89786529541016	683.017162322998
38934	orientation_diff	184.2104034423828	681.6427154541016
38935	orientation_diff	183.60665130615234	684.6197662353516
38936	orientation_diff	185.63563919067383	685.6533355712891
38937	orientation_diff	188.42809295654297	682.954231262207
38938	orientation_diff	188.91554260253906	686.0054969787598
38939	orientation_diff	186.77564239501953	685.0893268585205
38940	orientation_diff	183.16297912597656	681.1091003417969
38941	position_diff	191.73113632202148	688.7192535400391
38943	orientation_diff	185.6923484802246	681.9869728088379
38945	orientation_diff	186.1768093109131	680.4294967651367
38946	orientation_diff	184.5564422607422	677.5404930114746
38947	orientation_diff	186.22609329223633	679.4349746704102
38948	orientation_diff	188.03065299987793	679.3777503967285
38949	orientation_diff	189.2308006286621	677.2686805725098
38950	orientation_diff	189.77002334594727	676.7609176635742
38951	orientation_diff	189.8817596020906	676.082171647445
38952	orientation_diff	189.9934958582339	675.4034256313158
38953	orientation_diff	190.10523211437723	674.7246796151866
38954	orientation_diff	190.21696837052056	674.0459335990574
38955	orientation_diff	190.32870462666386	673.3671875829282
38956	position_diff	206.4209861755371	665.7487297058105
38957	orientation_diff	190.55217713895053	672.0096955506698
38958	orientation_diff	190.66391339509383	671.3309495345405
38959	orientation_diff	190.77564965123716	670.6522035184114
38960	orientation_diff	190.8873859073805	669.9734575022821
38961	orientation_diff	190.9991221635238	669.294711486153
38962	orientation_diff	191.11085841966712	668.6159654700238
38963	orientation_diff	191.22259467581043	667.9372194538946
38964	orientation_diff	191.33433093195376	667.2584734377654
38965	orientation_diff	191.4460671880971	666.5797274216362
38966	orientation_diff	191.5578034442404	665.900981405507
38967	orientation_diff	191.66953970038372	665.2222353893777
38968	orientation_diff	191.78127595652705	664.5434893732486
38969	orientation_diff	191.89301221267036	663.8647433571193
38970	orientation_diff	192.0047484688137	663.1859973409902
38971	orientation_diff	192.11648472495702	662.5072513248609
38972	orientation_diff	192.22822098110032	661.8285053087318
38973	orientation_diff	192.33995723724365	661.1497592926025
38974	orientation_diff	192.45169349338698	660.4710132764733
38975	orientation_diff	192.5634297495303	659.7922672603441
38976	orientation_diff	192.67516600567362	659.1135212442149
38977	orientation_diff	192.78690226181695	658.4347752280858
38978	orientation_diff	192.89863851796025	657.7560292119565
38979	position_diff	209.55929565429688	660.1157684326172
38980	orientation_diff	193.1221110302469	656.3985371796981
38981	position_diff	203.5843391418457	653.2338733673096
38982	orientation_diff	193.34558354253355	655.0410451474397
38983	orientation_diff	193.45731979867688	654.3622991313105
38984	orientation_diff	193.56905605482018	653.6835531151813
38985	position_diff	203.15392303466797	652.7864856719971
38986	orientation_diff	193.7925285671068	652.3260610829229
38987	orientation_diff	193.90426482325014	651.6473150667937
38988	position_diff	203.9066276550293	649.807050704956
38989	position_diff	206.25362014770508	647.9834842681885
38990	position_diff	208.63156127929688	646.2404651641846
38991	position_diff	205.88437271118164	643.0223007202148
38992	position_diff	209.6743507385254	642.2110919952393
38993	orientation_diff	134.461181640625	529.5555419921875
38994	position_diff	207.71891403198242	643.589937210083
38995	position_diff	208.7205352783203	643.7504730224609
38996	position_diff	209.52943801879883	640.2821378707886
38997	position_diff	209.25980377197266	641.4382495880127
38998	position_diff	208.99016952514648	642.5943613052368
38999	position_diff	209.799072265625	639.1260261535645
39000	position_diff	212.10297775268555	639.4846611022949
39001	orientation_diff	135.6245002746582	534.9577217102051
39002	orientation_diff	135.05562591552734	534.3813514709473
39003	orientation_diff	135.7965545654297	533.8257369995117
39004	orientation_diff	136.5010757446289	531.1721820831299
39005	orientation_diff	195.2686996459961	363.37125396728516
39006	orientation_diff	137.52518844604492	530.8063278198242
39007	orientation_diff	196.61027145385742	362.0677833557129
39008	orientation_diff	139.37835311889648	528.1925106048584
39009	orientation_diff	137.94461822509766	526.659610748291
39010	orientation_diff	137.92018508911133	525.5928382873535
39011	orientation_diff	139.61481094360352	525.6545448303223
39012	orientation_diff	142.61542129516602	525.8763065338135
39013	orientation_diff	144.60560989379883	526.4229011535645
39014	orientation_diff	142.8709602355957	525.1256446838379
39015	orientation_diff	145.37060546875	522.6263427734375
39016	orientation_diff	144.76240158081055	523.1676635742188
39017	orientation_diff	201.2687644958496	368.2859230041504
39018	orientation_diff	203.94651794433594	370.4596138000488
39019	orientation_diff	203.261474609375	374.85017013549805
39020	orientation_diff	204.88904190063477	376.38750076293945
39021	orientation_diff	207.67092895507812	377.6736869812012
39022	orientation_diff	210.28336715698242	377.1051788330078
39023	orientation_diff	210.68732452392578	378.65088272094727
39024	orientation_diff	211.98184967041016	379.3166275024414
39025	orientation_diff	214.05634307861328	381.18392181396484
39026	orientation_diff	213.3859100341797	381.21216773986816
39027	orientation_diff	212.7154769897461	381.2404136657715
39028	orientation_diff	211.416015625	379.23828506469727
39029	orientation_diff	214.21555709838867	380.34875106811523
39030	orientation_diff	214.07039260864258	379.6330032348633
39031	orientation_diff	213.48080444335938	379.2182159423828
39032	orientation_diff	213.2807388305664	380.3526191711426
39033	orientation_diff	215.4415693283081	387.4277286529541
39034	orientation_diff	214.72129249572754	385.0693588256836
39035	orientation_diff	214.00101566314697	382.7109889984131
39036	orientation_diff	216.16184616088867	389.7860984802246
39038	orientation_diff	220.56287002563477	391.47333908081055
39046	orientation_diff	306.23310470581055	551.1946754455566
39058	orientation_diff	342.1795959472656	183.34410095214844
39064	orientation_diff	337.7865409851074	181.86656188964844
39065	orientation_diff	340.3366050720215	179.69973373413086
39071	orientation_diff	349.8565864562988	183.3662986755371
39072	orientation_diff	349.77130126953125	183.12818145751953
39073	orientation_diff	350.9379997253418	184.24604034423828
39074	orientation_diff	351.5373013814291	183.80572255452472
39075	orientation_diff	351.2376505533854	184.02588144938153
39076	orientation_diff	351.83695220947266	183.58556365966797
39077	orientation_diff	353.0198402404785	184.40206146240234
39078	orientation_diff	354.58139419555664	186.38251113891602
39079	orientation_diff	353.6345024108887	190.4736213684082
39080	orientation_diff	355.9723320007324	186.6898078918457
39081	orientation_diff	356.0564765930176	185.5889549255371
39082	orientation_diff	355.5661315917969	185.08007431030273
39083	orientation_diff	356.8735656738281	185.09359741210938
39084	orientation_diff	357.3455123901367	185.41365242004395
39085	orientation_diff	358.3017463684082	184.89364051818848
39086	orientation_diff	359.6294479370117	184.0185832977295
39087	orientation_diff	360.1800308227539	185.8985252380371
39088	orientation_diff	359.8173408508301	183.0166358947754
39120	orientation_diff	276.2512397766113	506.1722831726074
39121	orientation_diff	299.0310173034668	525.4823760986328
39127	position_diff	369.25505447387695	541.7366065979004
39128	orientation_diff	364.2998752593994	543.8274536132812
39129	position_diff	357.8105697631836	534.6836814880371
39150	orientation_diff	344.19909286499023	212.82977676391602
39204	orientation_diff	144.4223518371582	620.6237335205078
39205	orientation_diff	145.8733367919922	619.1391506195068
39206	orientation_diff	145.94588088989258	613.3706741333008
39207	orientation_diff	148.52562713623047	612.9776573181152
39208	orientation_diff	148.4397087097168	613.3748435974121
39209	orientation_diff	148.73467254638672	613.452657699585
39210	orientation_diff	146.25397109985352	619.6301651000977
39211	orientation_diff	149.35534286499023	612.0654335021973
39212	orientation_diff	148.31076049804688	615.0614776611328
39213	orientation_diff	151.0878448486328	621.3099899291992
39214	orientation_diff	152.76594924926758	616.1531753540039
39215	orientation_diff	152.10377883911133	615.3443984985352
39216	orientation_diff	150.17110061645508	614.6150360107422
39219	orientation_diff	153.50468063354492	625.5990104675293
39220	orientation_diff	153.49343872070312	623.0134582519531
39221	orientation_diff	155.50244903564453	618.7428855895996
39222	orientation_diff	157.13176727294922	624.8815116882324
39223	orientation_diff	157.5751190185547	625.8055229187012
39224	orientation_diff	158.82730102539062	625.6980972290039
39225	orientation_diff	160.41572189331055	625.3899116516113
39226	orientation_diff	161.08537673950195	625.3294868469238
39227	orientation_diff	161.6604461669922	626.9242553710938
39231	orientation_diff	162.11458587646484	626.861156463623
39232	orientation_diff	166.14386749267578	624.2873306274414
39238	orientation_diff	791.3533210754395	170.84450912475586
39252	orientation_diff	787.281177520752	182.1729621887207
39257	orientation_diff	784.7807083129883	186.2730827331543
39258	orientation_diff	780.6170558929443	185.83113861083984
39259	orientation_diff	782.4362678527832	188.25580978393555
39260	orientation_diff	781.9368228912354	184.5407829284668
39261	orientation_diff	781.8202018737793	184.7096290588379
39262	orientation_diff	786.006685256958	181.14608001708984
39263	orientation_diff	788.1004943847656	181.57885360717773
39264	position_diff	787.6448841094971	181.02967834472656
39265	orientation_diff	787.054126739502	182.82791137695312
39266	orientation_diff	786.9290504455566	182.58453369140625
39267	orientation_diff	786.4443063735962	181.78698921203613
39268	position_diff	785.9595623016357	180.98944473266602
39269	position_diff	786.0137519836426	182.28118515014648
39270	position_diff	784.9226036071777	181.23345565795898
39271	orientation_diff	780.4365901947021	182.63407516479492
39272	orientation_diff	187.91131210327148	234.5482940673828
39273	orientation_diff	188.23776245117188	234.30324172973633
39275	orientation_diff	189.7652702331543	235.93774032592773
39283	orientation_diff	763.8229141235352	178.76983261108398
39285	orientation_diff	692.311954498291	153.68608856201172
39286	orientation_diff	692.892276763916	156.0814208984375
39287	orientation_diff	692.0537796020508	153.17693328857422
39288	orientation_diff	691.730899810791	153.2712631225586
39289	orientation_diff	694.1427307128906	155.61064529418945
39290	orientation_diff	691.8048934936523	154.79108810424805
39291	orientation_diff	692.9902410507202	158.821213722229
39292	orientation_diff	692.5951251983643	157.47783851623535
39293	orientation_diff	692.2000093460083	156.1344633102417
39294	orientation_diff	693.3853569030762	160.16458892822266
39295	orientation_diff	690.8118209838867	160.55804061889648
39296	orientation_diff	691.8452682495117	159.27006149291992
39297	orientation_diff	690.187915802002	161.2515869140625
39298	orientation_diff	691.4564170837402	161.34487533569336
39299	orientation_diff	691.2206001281738	163.2221908569336
39306	orientation_diff	205.63974380493164	253.2193832397461
39309	orientation_diff	208.50551986694336	255.4518280029297
39310	orientation_diff	210.13855743408203	255.9762840270996
39316	orientation_diff	209.11093521118164	256.8017692565918
39317	orientation_diff	211.9267234802246	260.9039192199707
39318	orientation_diff	212.95082092285156	262.95280838012695
39319	orientation_diff	212.61520385742188	264.0341262817383
39329	orientation_diff	413.1249084472656	838.7876815795898
39331	orientation_diff	413.1039276123047	837.8868408203125
39332	orientation_diff	414.05281829833984	841.6039962768555
39333	orientation_diff	414.6822814941406	835.7460079193115
39334	orientation_diff	417.237060546875	833.2603740692139
39335	orientation_diff	418.160831451416	831.9478874206543
39336	orientation_diff	418.04763412475586	832.5476264953613
39337	orientation_diff	417.7072868347168	828.360273361206
39338	orientation_diff	419.7579650878906	829.1534824371338
39339	orientation_diff	415.3468322753906	832.5464630126953
39340	orientation_diff	418.9615173339844	830.9158382415771
39341	orientation_diff	419.7406806945801	827.7581996917725
39343	orientation_diff	423.6504440307617	818.8671989440918
39344	orientation_diff	416.9985122680664	821.2274208068848
39345	orientation_diff	420.87264251708984	818.8059730529785
39346	orientation_diff	423.6041793823242	816.6386947631836
39347	orientation_diff	423.72644805908203	816.2180442810059
39349	orientation_diff	417.80907440185547	821.4004821777344
39354	orientation_diff	428.24515533447266	810.7990570068359
39360	orientation_diff	421.504825592041	820.0533237457275
39361	orientation_diff	419.7833137512207	825.324010848999
39362	orientation_diff	418.9121780395508	832.326093673706
39363	orientation_diff	420.37751388549805	839.0320873260498
39364	orientation_diff	426.0166816711426	845.661735534668
39365	orientation_diff	433.0800590515137	848.812219619751
39366	orientation_diff	441.8663635253906	849.9668159484863
39367	orientation_diff	449.73779678344727	850.0514888763428
39368	orientation_diff	451.973331451416	848.0678272247314
39369	orientation_diff	450.2638359069824	846.0699195861816
39370	orientation_diff	449.110294342041	846.0055770874023
39371	orientation_diff	447.8432922363281	847.5898494720459
39372	orientation_diff	446.216365814209	849.0285682678223
39373	orientation_diff	443.51224517822266	849.3975486755371
39374	orientation_diff	440.98572158813477	847.0885639190674
39375	orientation_diff	441.882999420166	844.7760829925537
39376	orientation_diff	441.57677841186523	843.4435596466064
39377	orientation_diff	442.64583587646484	843.0762310028076
39378	orientation_diff	443.2340202331543	844.7892189025879
39379	orientation_diff	443.48963928222656	850.564079284668
39380	orientation_diff	442.3772163391113	856.0326175689697
39381	orientation_diff	440.1446647644043	860.2522716522217
39382	orientation_diff	438.2325859069824	862.5407180786133
39383	orientation_diff	439.6595115661621	859.145658493042
39502	orientation_diff	467.8625259399414	113.88067245483398
39509	orientation_diff	469.96392822265625	117.49303436279297
39510	orientation_diff	469.90550231933594	120.00733947753906
39511	orientation_diff	470.43822479248047	123.97390747070312
39512	orientation_diff	473.43453216552734	124.10171890258789
39513	orientation_diff	471.9780464172363	126.36886978149414
39515	orientation_diff	474.0309371948242	128.6288948059082
39527	position_diff	611.7300567626953	314.77539253234863
39528	position_diff	615.0905246734619	313.3247003555298
39668	orientation_diff	208.82972717285156	683.2477035522461
39670	orientation_diff	211.28863525390625	679.8500137329102
39672	orientation_diff	214.84839248657227	681.5080947875977
39673	orientation_diff	214.81885147094727	679.1474609375
39674	orientation_diff	215.41658782958984	682.3624629974365
39675	orientation_diff	216.01432418823242	685.577465057373
39676	orientation_diff	215.85525512695312	678.7869606018066
39677	orientation_diff	217.61558532714844	681.4468879699707
39678	orientation_diff	220.2275047302246	682.112211227417
39679	orientation_diff	220.5045509338379	679.3236122131348
39680	orientation_diff	222.14802169799805	680.3836402893066
39681	orientation_diff	221.57666397094727	675.5875854492188
39682	orientation_diff	223.29592895507812	679.3150310516357
39683	orientation_diff	223.26966857910156	678.2059783935547
39684	orientation_diff	222.83654403686523	676.7936477661133
39685	orientation_diff	225.81956481933594	673.1332321166992
39686	orientation_diff	224.17397594451904	671.2572650909424
39687	orientation_diff	224.722505569458	671.8825874328613
39688	orientation_diff	225.27103519439697	672.5079097747803
39689	orientation_diff	223.62544631958008	670.6319427490234
39736	orientation_diff	153.13005447387695	610.4103546142578
39737	orientation_diff	154.0231819152832	610.4135589599609
39738	orientation_diff	155.51254653930664	610.0540084838867
39739	orientation_diff	160.62268829345703	609.4108791351318
39740	orientation_diff	158.91930770874023	609.6252555847168
39741	orientation_diff	157.21592712402344	609.8396320343018
39742	orientation_diff	162.32606887817383	609.1965026855469
39743	orientation_diff	157.8337516784668	609.8129692077637
39757	orientation_diff	169.52483749389648	595.7072200775146
39758	orientation_diff	163.53455352783203	593.8386249542236
39759	orientation_diff	164.0511589050293	592.9332675933838
39760	orientation_diff	161.34368515014648	592.5290832519531
39762	orientation_diff	159.80764770507812	595.8558921813965
39763	orientation_diff	158.65415573120117	593.8116683959961
39765	orientation_diff	165.7630844116211	593.8173522949219
39766	orientation_diff	167.98262405395508	591.8548431396484
39767	orientation_diff	168.77614974975586	590.3322849273682
39768	orientation_diff	170.96788024902344	590.056957244873
39769	orientation_diff	171.77008819580078	589.49338722229
39770	orientation_diff	172.57229614257812	588.929817199707
39771	orientation_diff	174.3858299255371	589.9911041259766
39772	orientation_diff	176.4120922088623	588.955792427063
39773	orientation_diff	178.4383544921875	587.9204807281494
39774	orientation_diff	181.3605499267578	586.3710651397705
39775	orientation_diff	181.82839584350586	585.8927268981934
39776	orientation_diff	180.31623458862305	583.290153503418
39777	orientation_diff	183.42808151245117	585.2515449523926
39778	orientation_diff	185.7042465209961	586.5179748535156
39779	orientation_diff	187.03509140014648	585.719612121582
39780	orientation_diff	187.48393630981445	585.0031051635742
39781	orientation_diff	188.3666229248047	584.4659461975098
39782	orientation_diff	188.382568359375	584.3434982299805
39783	orientation_diff	188.1471939086914	583.1379203796387
39784	orientation_diff	191.78593063354492	579.8749599456787
39785	orientation_diff	190.91293334960938	578.745906829834
39786	orientation_diff	194.21165084838867	580.3339576721191
39787	orientation_diff	194.68465423583984	581.4187965393066
39788	orientation_diff	196.5196647644043	581.6047172546387
39789	orientation_diff	202.24488830566406	583.148754119873
39854	orientation_diff	373.2935676574707	674.5890235900879
40001	orientation_diff	105.86542129516602	510.32537841796875
40004	orientation_diff	107.8780403137207	510.80982971191406
40070	orientation_diff	400.2109031677246	830.0973930358887
40071	orientation_diff	403.679874420166	830.4250717163086
40072	orientation_diff	401.4212532043457	828.3612785339355
40073	orientation_diff	404.29729080200195	826.5542945861816
40074	orientation_diff	404.5540885925293	829.7412185668945
40078	orientation_diff	401.24185943603516	824.1696109771729
40089	orientation_diff	403.5560073852539	825.5536994934082
40094	orientation_diff	404.9422950744629	823.226016998291
40095	position_diff	416.2057113647461	822.0132808685303
40096	position_diff	418.1834468841553	827.1106910705566
40098	orientation_diff	169.71585845947266	347.337646484375
40099	orientation_diff	169.0782928466797	344.48003005981445
40100	orientation_diff	171.36792373657227	341.92647552490234
40101	orientation_diff	175.40861129760742	345.79832458496094
40322	orientation_diff	352.9564323425293	152.95963668823242
40323	orientation_diff	351.21107482910156	153.10147094726562
40324	orientation_diff	351.2093505859375	153.2519989013672
40325	orientation_diff	353.6418762207031	154.2696418762207
40326	orientation_diff	355.2936363220215	158.56682682037354
40327	orientation_diff	354.74304962158203	157.13443183898926
40328	orientation_diff	354.1924629211426	155.70203685760498
40329	orientation_diff	355.84422302246094	159.9992218017578
40335	orientation_diff	445.87689208984375	171.94754791259766
40341	orientation_diff	551.2331161499023	197.7361946105957
40342	orientation_diff	555.2213363647461	190.8311882019043
40343	orientation_diff	559.7706336975098	180.48943901062012
40344	orientation_diff	566.5794792175293	176.1663589477539
40351	orientation_diff	587.7242240905762	130.15858459472656
40390	orientation_diff	569.2464218139648	162.98183059692383
40500	orientation_diff	177.80199432373047	649.0455017089844
40501	orientation_diff	177.33123016357422	644.2866172790527
40502	orientation_diff	180.1470832824707	642.6214714050293
40503	orientation_diff	176.40483474731445	642.3718872070312
40504	orientation_diff	178.8341827392578	646.328311920166
40505	orientation_diff	178.94712448120117	644.6013793945312
40506	orientation_diff	177.49859619140625	641.4900779724121
40507	orientation_diff	180.75745391845703	645.3008995056152
40509	orientation_diff	178.81884002685547	640.6288261413574
40510	orientation_diff	176.88630294799805	642.4763603210449
40511	orientation_diff	178.19541549682617	639.415958404541
40513	orientation_diff	185.91595840454102	641.4463920593262
40514	orientation_diff	182.99337768554688	643.0090446472168
40515	orientation_diff	183.87563705444336	647.3284149169922
40516	orientation_diff	185.5962142944336	642.3770027160645
40517	orientation_diff	183.89883041381836	642.2210884094238
40518	orientation_diff	184.33969497680664	642.0190162658691
40519	orientation_diff	183.7439422607422	637.0047073364258
40520	orientation_diff	184.49721145629883	638.6577568054199
40521	orientation_diff	188.00287246704102	639.2525863647461
40522	orientation_diff	189.14245223999023	642.3339500427246
40523	orientation_diff	190.23418426513672	640.7877235412598
40524	orientation_diff	190.18351364135742	638.5961303710938
40525	orientation_diff	193.3717498779297	638.6196594238281
40526	orientation_diff	198.26982498168945	638.2338333129883
40527	orientation_diff	198.22095489501953	636.4608535766602
40528	orientation_diff	196.095703125	639.380672454834
40543	position_diff	237.95684115091962	639.0460205078125
40569	orientation_diff	543.4814262390137	119.05204772949219
40570	orientation_diff	542.8617782592773	120.45833587646484
40571	orientation_diff	544.8633079528809	126.66368103027344
40572	orientation_diff	544.0133571624756	132.92627334594727
40573	orientation_diff	542.6135406494141	135.23226928710938
40574	orientation_diff	535.9786682128906	136.26126861572266
40575	orientation_diff	542.5834732055664	138.66259765625
40576	orientation_diff	548.326997756958	138.54019927978516
40577	orientation_diff	554.0705223083496	138.4178009033203
40578	orientation_diff	552.848087310791	141.27463150024414
40579	orientation_diff	560.9074325561523	137.50986862182617
40580	orientation_diff	554.9240531921387	138.28067779541016
40581	orientation_diff	562.8232421875	138.74083709716797
40621	orientation_diff	547.6439679463704	143.29566955566406
40622	position_diff	548.3825976053874	142.19393157958984
40623	position_diff	546.9053382873535	144.39740753173828
40624	position_diff	547.5581893920898	143.15560913085938
40625	orientation_diff	548.7309341430664	140.69816207885742
40626	orientation_diff	549.4134788513184	139.66402053833008
40627	orientation_diff	554.352725982666	136.4482593536377
40749	orientation_diff	507.4367027282715	107.30043029785156
40755	orientation_diff	507.1585350036621	114.23007583618164
40761	orientation_diff	499.4696807861328	122.21833419799805
40764	orientation_diff	498.9502944946289	127.0445785522461
40765	orientation_diff	498.2946548461914	132.17206192016602
40766	orientation_diff	496.1917610168457	139.97251892089844
40813	orientation_diff	182.64946746826172	293.0124206542969
40814	orientation_diff	183.8478546142578	294.86649322509766
40818	orientation_diff	187.6322021484375	294.35802459716797
40823	orientation_diff	191.5032844543457	293.05175018310547
40824	orientation_diff	190.61622619628906	294.112117767334
40825	orientation_diff	191.0869903564453	293.1831283569336
40826	orientation_diff	191.06124877929688	292.920166015625
40827	orientation_diff	191.5662384033203	291.877140045166
40828	orientation_diff	191.27666091918945	291.2062110900879
40829	orientation_diff	187.6080093383789	292.1966552734375
40831	orientation_diff	188.2106056213379	293.0204315185547
40832	orientation_diff	188.87623977661133	290.94937896728516
40833	orientation_diff	191.8425407409668	289.4653549194336
40834	orientation_diff	189.92778778076172	293.9854164123535
40835	orientation_diff	191.82224655151367	295.02185440063477
40836	orientation_diff	195.13403701782227	291.0012741088867
40837	orientation_diff	196.19168853759766	291.3015937805176
40838	orientation_diff	196.73470306396484	289.9150390625
40839	orientation_diff	197.58126068115234	291.7543067932129
40840	orientation_diff	198.17453384399414	292.16674041748047
40841	orientation_diff	200.25128173828125	290.4771957397461
40842	orientation_diff	201.54893493652344	289.73268127441406
40843	orientation_diff	201.09589767456055	291.70477294921875
40844	orientation_diff	206.40101623535156	290.51976013183594
40848	orientation_diff	210.0134391784668	283.9050941467285
40866	orientation_diff	473.41805839538574	854.3614921569824
40867	orientation_diff	474.6693458557129	854.0649871826172
40868	orientation_diff	472.9774398803711	854.5905113220215
40869	orientation_diff	474.7451114654541	848.3033475875854
40870	orientation_diff	474.15588760375977	850.3990688323975
40871	orientation_diff	473.56666374206543	852.4947900772095
40872	orientation_diff	475.33433532714844	846.2076263427734
40873	orientation_diff	476.10571098327637	846.1593856811523
40874	orientation_diff	477.2358932495117	844.4524431228638
40875	orientation_diff	478.36607551574707	842.7455005645752
40876	orientation_diff	470.065673828125	847.8183879852295
40877	orientation_diff	471.45784759521484	843.6271266937256
40878	orientation_diff	471.7093811035156	847.0368690490723
40879	orientation_diff	476.5637016296387	843.0796947479248
40880	orientation_diff	474.4355583190918	844.436601638794
40881	orientation_diff	473.44153594970703	842.4003677368164
40882	orientation_diff	472.6233654022217	843.8994140625
40883	orientation_diff	477.76353645324707	840.2954864501953
40884	orientation_diff	475.0486717224121	845.9374961853027
40885	orientation_diff	468.93488693237305	841.1433811187744
40886	position_diff	480.1630401611328	836.639612197876
40891	orientation_diff	417.9113998413086	846.8926773071289
40893	orientation_diff	416.6814155578613	846.6038093566895
40894	orientation_diff	416.4868812561035	849.6055755615234
40895	orientation_diff	415.0890693664551	846.6814918518066
40896	orientation_diff	416.9435119628906	842.8774147033691
40897	orientation_diff	417.66669845581055	842.8380355834961
40898	orientation_diff	421.2307243347168	845.4559364318848
41001	position_diff	380.03144454956055	801.9417457580566
41002	position_diff	382.94777806599933	803.1242027282715
41003	position_diff	381.48961130777997	802.5329742431641
41004	position_diff	384.40594482421875	803.7154312133789
41023	orientation_diff	144.00815963745117	377.8226203918457
41024	orientation_diff	143.63374710083008	376.0584182739258
41025	orientation_diff	143.23036575317383	374.0487594604492
41026	orientation_diff	145.3239288330078	374.7879161834717
41027	orientation_diff	146.74644470214844	373.6112632751465
41028	orientation_diff	145.80705642700195	370.76660919189453
41029	orientation_diff	147.94037246704102	370.2986831665039
41030	orientation_diff	147.29277420043945	367.9199447631836
41031	orientation_diff	148.6081428527832	370.01554107666016
41032	orientation_diff	150.22511291503906	371.7219696044922
41033	orientation_diff	150.34206771850586	372.1110191345215
41034	orientation_diff	151.61056518554688	371.6184272766113
41035	orientation_diff	149.82879257202148	366.6010513305664
41036	orientation_diff	149.0901107788086	371.2491226196289
41037	orientation_diff	149.19903818766278	368.93564860026044
41038	orientation_diff	149.14457448323566	370.09238560994464
41039	orientation_diff	149.25350189208984	367.7789115905762
41045	orientation_diff	149.01520156860352	369.9495429992676
41046	orientation_diff	151.20988845825195	373.1231269836426
41047	orientation_diff	150.00564575195312	368.2613067626953
41048	orientation_diff	151.870849609375	367.29490915934247
41049	orientation_diff	150.93824768066406	367.77810796101886
41050	orientation_diff	152.80345153808594	366.811710357666
41051	orientation_diff	156.4676170349121	371.38757705688477
41052	orientation_diff	157.5400733947754	368.15654373168945
41053	orientation_diff	157.27191543579102	365.79553985595703
41054	orientation_diff	153.66090393066406	362.946964263916
41055	orientation_diff	155.69510650634766	364.3290710449219
41056	orientation_diff	158.27678680419922	373.0045356750488
41057	orientation_diff	538.2903861999512	774.8774147033691
41058	orientation_diff	160.71874237060547	375.575496673584
41060	orientation_diff	163.60174942016602	374.9188232421875
41061	orientation_diff	166.24814224243164	374.1244201660156
41062	orientation_diff	167.40415954589844	371.37255859375
41063	orientation_diff	167.58721923828125	371.0142059326172
41064	orientation_diff	166.83686065673828	365.50347900390625
41065	orientation_diff	167.35790634155273	369.1807556152344
41069	orientation_diff	172.8870849609375	373.1697463989258
41070	orientation_diff	172.44839096069336	374.38554763793945
41072	orientation_diff	171.2535285949707	372.3774642944336
41073	orientation_diff	172.51527404785156	376.02917098999023
41074	orientation_diff	175.01953506469727	377.4884948730469
41075	orientation_diff	177.1885643005371	378.676815032959
41076	orientation_diff	176.05449676513672	376.5798568725586
41077	orientation_diff	177.54375839233398	375.4092216491699
41078	orientation_diff	179.0612335205078	376.5618095397949
41139	orientation_diff	417.5669250488281	861.7011394500732
41142	orientation_diff	419.0488033294678	858.527195930481
41143	orientation_diff	420.75016021728516	857.7052631378174
41145	orientation_diff	418.33486557006836	854.5557556152344
41146	orientation_diff	418.5989398956299	854.1726064682007
41147	orientation_diff	418.8630142211914	853.789457321167
41148	orientation_diff	418.3975830078125	855.2193489074707
41149	orientation_diff	419.8087921142578	854.4657287597656
41154	orientation_diff	424.1867218017578	847.181224822998
41165	orientation_diff	431.65429306030273	837.6981525421143
41166	orientation_diff	430.17931365966797	837.3288497924805
41286	orientation_diff	155.2125015258789	308.7289505004883
41288	orientation_diff	155.7857551574707	312.42417907714844
41289	orientation_diff	155.17459869384766	313.9866600036621
41290	position_diff	250.74809646606445	750.3731880187988
41291	position_diff	251.22611236572266	749.1061820983887
41294	orientation_diff	157.41785049438477	314.8525924682617
41295	orientation_diff	157.31312942504883	317.1251449584961
41296	orientation_diff	155.74275970458984	314.91416931152344
41297	orientation_diff	154.22425079345703	315.8669319152832
41298	orientation_diff	251.44450759887695	742.3241004943848
41299	orientation_diff	157.4753303527832	318.8196334838867
41300	orientation_diff	246.93297958374023	740.5983810424805
41303	orientation_diff	162.62351608276367	315.13722229003906
41304	orientation_diff	168.58223152160645	312.9362487792969
41305	orientation_diff	170.74449157714844	313.76497650146484
41306	orientation_diff	169.85827255249023	315.05762481689453
41307	orientation_diff	172.08781623840332	315.92519760131836
41308	orientation_diff	173.61995315551758	314.30125427246094
41312	orientation_diff	302.18772888183594	785.130989074707
41313	orientation_diff	302.41478729248047	785.6869926452637
41314	orientation_diff	305.173828125	783.5628128051758
41315	orientation_diff	311.5352439880371	784.006160736084
41316	orientation_diff	309.6615982055664	787.1934051513672
41317	orientation_diff	303.89879989624023	782.1624755859375
41318	orientation_diff	307.16659927368164	782.9465084075928
41319	orientation_diff	307.0067558288574	781.9811820983887
41320	orientation_diff	307.3696403503418	779.2333068847656
41321	orientation_diff	309.8597755432129	777.7692222595215
41322	orientation_diff	317.9979591369629	780.6920127868652
41385	orientation_diff	217.7089385986328	312.17247772216797
41423	orientation_diff	388.61309814453125	843.5127182006836
41424	orientation_diff	390.3074378967285	842.5461616516113
41425	orientation_diff	391.3360366821289	842.3155555725098
41426	orientation_diff	392.2508316040039	842.5313529968262
41427	orientation_diff	392.9669494628906	843.2706260681152
41453	orientation_diff	477.8526954650879	864.9722518920898
41454	orientation_diff	473.62339782714844	865.0916194915771
41521	orientation_diff	328.50852966308594	825.6767807006836
41522	orientation_diff	327.86153411865234	824.1133193969727
41523	orientation_diff	326.46638107299805	821.1750259399414
41524	orientation_diff	328.754940032959	825.348762512207
41528	orientation_diff	330.5839080810547	823.2634735107422
41531	orientation_diff	326.9443778991699	818.6416091918945
41532	orientation_diff	330.88636779785156	819.372314453125
41533	orientation_diff	330.59554290771484	814.4491291046143
41534	orientation_diff	330.91968536376953	817.1042404174805
41536	orientation_diff	328.7065963745117	814.2928161621094
41537	orientation_diff	327.77251052856445	814.3821220397949
41538	orientation_diff	328.01021575927734	815.1797103881836
41539	orientation_diff	329.663818359375	818.1268157958984
41540	orientation_diff	329.23586654663086	817.6604499816895
41541	orientation_diff	329.415584564209	815.723991394043
41542	orientation_diff	328.42766189575195	815.7696685791016
41544	orientation_diff	330.3255386352539	814.4313774108887
41545	orientation_diff	329.8662414550781	817.3804359436035
41546	orientation_diff	329.98841094970703	817.8543281555176
41547	orientation_diff	328.32979583740234	815.4428291320801
41548	orientation_diff	328.70569610595703	817.3435440063477
41549	orientation_diff	329.59654235839844	816.7839469909668
41550	orientation_diff	331.95323944091797	815.6609535217285
41551	orientation_diff	332.5229301452637	813.1581687927246
41552	orientation_diff	331.4223327636719	812.6546897888184
41553	orientation_diff	333.26118087768555	812.9479942321777
41554	orientation_diff	333.0787925720215	811.8833999633789
41555	orientation_diff	334.1343688964844	810.284366607666
41688	orientation_diff	284.39501571655273	638.7698631286621
41891	orientation_diff	139.94021224975586	507.9185371398926
41902	orientation_diff	157.48697662353516	500.9754524230957
41905	orientation_diff	155.8257713317871	498.2997360229492
41908	orientation_diff	163.91691970825195	495.2322883605957
41909	orientation_diff	165.84240341186523	495.19971084594727
41910	orientation_diff	170.97480010986328	496.0408744812012
41911	orientation_diff	176.71713256835938	498.6911735534668
41912	orientation_diff	177.45672225952148	498.38829803466797
41913	orientation_diff	181.14372634887695	501.61032485961914
41914	orientation_diff	180.61635208129883	505.37244033813477
41915	orientation_diff	181.7873992919922	501.5414161682129
41916	orientation_diff	182.21552276611328	500.2165222167969
42259	orientation_diff	716.1223487854004	200.1033706665039
42260	orientation_diff	720.446216583252	198.7817611694336
42261	orientation_diff	717.8219890594482	197.48988342285156
42262	orientation_diff	718.3669853210449	199.71266174316406
42265	orientation_diff	719.01438331604	199.82781219482422
42266	position_diff	728.0150680541992	204.06976699829102
42267	orientation_diff	726.4081001281738	206.1578598022461
42268	orientation_diff	724.7532997131348	204.7436981201172
42269	orientation_diff	728.4508285522461	206.62361907958984
42270	orientation_diff	729.767333984375	208.24163055419922
42271	orientation_diff	729.9088249206543	205.32562637329102
42272	orientation_diff	729.6482849121094	202.4413948059082
42273	orientation_diff	727.5596809387207	202.58574295043945
42274	position_diff	727.5804786682129	202.39007568359375
42275	orientation_diff	726.4638061523438	207.20088577270508
42276	orientation_diff	726.9625129699707	207.6938018798828
42277	orientation_diff	728.0172500610352	209.0991439819336
42278	orientation_diff	724.7841377258301	207.6610565185547
42279	orientation_diff	728.5861320495605	212.20819854736328
42280	orientation_diff	727.388069152832	216.5435562133789
42281	orientation_diff	731.784481048584	216.11280822753906
42282	orientation_diff	727.626880645752	218.22653198242188
42283	orientation_diff	727.8696327209473	214.94888305664062
42284	orientation_diff	725.1262359619141	218.18658065795898
42285	orientation_diff	728.0879287719727	212.50740432739258
42286	orientation_diff	724.2620468139648	212.26824569702148
42287	orientation_diff	724.959888458252	217.68893432617188
42288	orientation_diff	722.7816925048828	220.51687622070312
42289	orientation_diff	724.4490661621094	221.9976043701172
42290	orientation_diff	723.2517280578613	222.27515411376953
42291	orientation_diff	726.031322479248	222.00016021728516
42292	orientation_diff	723.6550979614258	219.74253463745117
42293	orientation_diff	728.6337394714355	221.10432052612305
42294	orientation_diff	726.4618072509766	218.10326766967773
42295	orientation_diff	728.3082237243652	218.64032363891602
42296	orientation_diff	729.3121719360352	224.25466918945312
42297	orientation_diff	729.6746635437012	219.88821411132812
42301	orientation_diff	729.3196754455566	220.28031539916992
42302	orientation_diff	725.3472309112549	219.94794845581055
42409	orientation_diff	733.9571952819824	812.3339157104492
42410	orientation_diff	741.3634986877441	807.2650928497314
42411	orientation_diff	741.0614280700684	807.2202529907227
42412	orientation_diff	738.4538269042969	812.8753433227539
42413	orientation_diff	738.9855690002441	810.2047214508057
42414	orientation_diff	738.9490776062012	808.724925994873
42415	orientation_diff	740.6658325195312	807.7337684631348
42416	orientation_diff	738.2768058776855	808.4666919708252
42417	orientation_diff	736.1825065612793	808.1495742797852
42418	orientation_diff	735.3762474060059	808.3127269744873
42419	orientation_diff	732.7947998046875	809.8307209014893
42420	orientation_diff	733.5845642089844	807.9674835205078
42421	orientation_diff	735.0315755208333	800.9704449971516
42422	orientation_diff	734.3080698649089	804.4689642588298
42423	orientation_diff	735.7550811767578	797.4719257354736
42424	orientation_diff	731.1640090942383	800.248779296875
42425	orientation_diff	732.5356750488281	793.5081901550293
42426	orientation_diff	730.4044151306152	792.0415687561035
42428	orientation_diff	728.6629943847656	792.8805999755859
42429	orientation_diff	725.2164535522461	792.9244155883789
42431	orientation_diff	721.0575790405273	787.7685089111328
42433	orientation_diff	755.2087211608887	217.94746017456055
42451	orientation_diff	750.9825019836426	230.15383911132812
42452	orientation_diff	748.4316692352295	231.23218536376953
42453	orientation_diff	753.4723625183105	232.2967185974121
42454	orientation_diff	751.3199882507324	237.74127960205078
42456	orientation_diff	752.1363677978516	241.61500549316406
42461	orientation_diff	731.9043617248535	146.92972946166992
42462	orientation_diff	731.0035171508789	146.86312866210938
42463	orientation_diff	729.7762641906738	146.90864181518555
42467	orientation_diff	729.3045654296875	150.86895370483398
42468	orientation_diff	729.3074340820312	150.35565185546875
42469	orientation_diff	729.310302734375	149.84235000610352
42470	orientation_diff	729.9723129272461	151.10332870483398
42471	orientation_diff	729.3891181945801	149.76795959472656
42472	orientation_diff	729.7381973266602	152.3848419189453
42473	orientation_diff	730.7995529174805	155.16898727416992
42474	orientation_diff	727.9813690185547	151.76941299438477
42475	orientation_diff	727.4643440246582	156.03298568725586
42476	orientation_diff	726.6409606933594	152.73535537719727
42477	orientation_diff	725.3393859863281	156.1181411743164
42478	orientation_diff	727.5243148803711	150.46051406860352
42479	orientation_diff	726.815507888794	153.29914474487305
42480	orientation_diff	722.7401275634766	156.52222061157227
42481	orientation_diff	722.4587535858154	155.57260131835938
42482	orientation_diff	720.6147727966309	155.09873962402344
42483	orientation_diff	719.3454685211182	156.81270599365234
42484	orientation_diff	720.6779651641846	157.14835357666016
42485	orientation_diff	719.4240379333496	158.41254806518555
42486	orientation_diff	717.2358169555664	158.27065658569336
42495	orientation_diff	716.4888305664062	156.39093399047852
42497	orientation_diff	718.1561050415039	157.1707763671875
42501	orientation_diff	712.8698692321777	151.76684951782227
42503	orientation_diff	713.9375839233398	149.62821578979492
42600	orientation_diff	267.8269462585449	191.34224319458008
42601	orientation_diff	273.66674041748047	190.9152069091797
42602	orientation_diff	271.72740936279297	192.02106475830078
42603	orientation_diff	270.4355354309082	192.91615676879883
42604	orientation_diff	272.76134490966797	190.33414459228516
42605	orientation_diff	271.89912033081055	193.34405136108398
42606	orientation_diff	272.8653373718262	191.94713592529297
42607	orientation_diff	273.16537857055664	193.31241989135742
42608	orientation_diff	270.62530517578125	194.99578857421875
42609	orientation_diff	271.47948837280273	196.9683609008789
42610	orientation_diff	267.62927627563477	196.05745697021484
42611	orientation_diff	270.6767997741699	197.25303649902344
42612	orientation_diff	270.4781837463379	197.03116607666016
42613	orientation_diff	270.55022048950195	196.6344757080078
42614	orientation_diff	273.2108573913574	194.6574821472168
42615	orientation_diff	270.8718032836914	197.1768341064453
42616	orientation_diff	267.166316986084	198.89529418945312
42617	orientation_diff	269.0632667541504	199.99624633789062
42629	orientation_diff	280.830379486084	209.65375518798828
42630	orientation_diff	282.1149444580078	212.8448944091797
42631	orientation_diff	279.006139755249	214.71145629882812
42632	orientation_diff	279.8706398010254	215.1530303955078
42633	orientation_diff	282.61353302001953	216.53395462036133
42634	orientation_diff	282.238712310791	214.4075469970703
42640	orientation_diff	657.8919792175293	860.3118591308594
42641	orientation_diff	661.7171611785889	848.7811088562012
42642	orientation_diff	660.4649696350098	848.055814743042
42643	orientation_diff	660.1380043029785	847.9831886291504
42644	orientation_diff	658.3377513885498	845.2546443939209
42645	orientation_diff	658.5698108673096	844.8515968322754
42646	orientation_diff	655.5618762969971	844.3257026672363
42647	orientation_diff	657.0127868652344	844.8407974243164
42648	orientation_diff	651.1891326904297	848.2249603271484
42649	orientation_diff	648.7873420715332	844.129467010498
42650	orientation_diff	645.8310203552246	840.3190689086914
42651	orientation_diff	650.9311408996582	839.1989002227783
42652	orientation_diff	649.7596235275269	838.6061592102051
42653	orientation_diff	648.5881061553955	838.0134181976318
42654	orientation_diff	648.9083595275879	831.9606437683105
42655	orientation_diff	650.1227378845215	831.2397518157959
42656	orientation_diff	650.9646186828613	832.6881694793701
42657	orientation_diff	647.3791999816895	836.2588005065918
42659	orientation_diff	645.0326538085938	838.7290687561035
42667	orientation_diff	631.5224685668945	822.4427146911621
42705	orientation_diff	849.3407516479492	330.16755294799805
42706	orientation_diff	848.461124420166	334.1369285583496
42707	orientation_diff	848.1673164367676	334.3652992248535
42708	orientation_diff	848.2933082580566	334.51354598999023
42709	orientation_diff	846.8853988647461	334.640869140625
42710	orientation_diff	845.1272392272949	335.4414939880371
42711	orientation_diff	846.1420440673828	336.23688888549805
42712	orientation_diff	847.1150398254395	335.68358612060547
42713	orientation_diff	847.0700073242188	337.6876983642578
42714	orientation_diff	847.2222137451172	337.54426193237305
42718	orientation_diff	848.0949821472168	338.7016067504883
42719	orientation_diff	848.7504119873047	340.7427864074707
42720	orientation_diff	849.6168174743652	339.2958984375
42721	orientation_diff	849.8342704772949	341.7478942871094
42722	orientation_diff	847.3685646057129	340.393253326416
42723	orientation_diff	842.8776912689209	339.44889068603516
42724	orientation_diff	845.623779296875	342.87443923950195
42725	orientation_diff	844.9315528869629	342.9283866882324
42726	orientation_diff	845.8479347229004	345.5406494140625
42727	orientation_diff	846.0580139160156	345.35788345336914
42991	orientation_diff	387.1513252258301	865.9402599334717
42994	orientation_diff	391.47607803344727	865.1115627288818
42995	orientation_diff	391.4542121887207	866.6730289459229
42996	orientation_diff	391.34711837768555	865.5057487487793
43005	orientation_diff	303.4061813354492	496.32203674316406
43030	orientation_diff	419.0590057373047	834.7251052856445
43034	orientation_diff	498.2239074707031	772.0353775024414
43111	orientation_diff	623.4620552062988	709.7504463195801
43188	orientation_diff	120.72051620483398	541.784252166748
43189	orientation_diff	126.15904235839844	544.2941970825195
43190	orientation_diff	129.60181427001953	541.9964561462402
43191	orientation_diff	133.5111961364746	542.0142669677734
43192	orientation_diff	135.78961563110352	536.8416976928711
43193	orientation_diff	610.2907905578613	866.3383636474609
43201	orientation_diff	610.5049800872803	863.9138603210449
43217	orientation_diff	594.2443084716797	844.5695266723633
43231	orientation_diff	501.4111022949219	863.0577201843262
43232	orientation_diff	504.0012321472168	863.5231094360352
43233	orientation_diff	499.02356910705566	865.471076965332
43234	orientation_diff	498.65149307250977	863.7308006286621
43235	orientation_diff	497.32750701904297	863.4431457519531
43236	orientation_diff	500.3312759399414	865.5828895568848
43239	orientation_diff	325.91777420043945	811.5675621032715
43241	orientation_diff	494.64038467407227	852.5343990325928
43242	orientation_diff	495.9311828613281	854.3046722412109
43243	orientation_diff	327.5427837371826	806.5295677185059
43244	orientation_diff	328.12009048461914	804.2855949401855
43251	orientation_diff	356.0303268432617	717.6268615722656
43252	orientation_diff	367.9749526977539	705.7330417633057
43253	orientation_diff	385.92065811157227	690.7800998687744
43256	orientation_diff	172.27320861816406	486.8025817871094
43257	orientation_diff	171.49913024902344	492.19939041137695
43258	orientation_diff	511.3766098022461	774.1567077636719
43259	orientation_diff	528.2047920227051	605.5905876159668
43260	orientation_diff	556.3721332550049	601.7517967224121
43262	orientation_diff	598.5669860839844	614.0202560424805
43263	orientation_diff	605.708683013916	618.9034652709961
43264	orientation_diff	618.8497581481934	617.1066551208496
43265	orientation_diff	628.2285404205322	623.4012298583984
43266	orientation_diff	643.6633682250977	626.6493263244629
43267	position_diff	191.0974636077881	496.73131561279297
43268	position_diff	189.8215446472168	496.8921928405762
43269	orientation_diff	649.2435150146484	639.3231964111328
43270	orientation_diff	643.9273204803467	638.7592926025391
43271	orientation_diff	635.630220413208	641.5471458435059
43272	orientation_diff	632.2824478149414	644.1087799072266
43273	orientation_diff	623.2600402832031	644.5708961486816
43274	orientation_diff	187.97256088256836	493.7563247680664
43275	orientation_diff	554.440710067749	622.9310188293457
43276	orientation_diff	526.9239921569824	611.2074928283691
43277	orientation_diff	516.6060638427734	606.6971893310547
43280	orientation_diff	472.0904083251953	607.8092575073242
43281	orientation_diff	467.95731353759766	612.1144981384277
43474	orientation_diff	561.1824893951416	875.5342750549316
43475	orientation_diff	560.9063835144043	877.1933860778809
43485	position_diff	896.8472328186035	468.4315948486328
43486	position_diff	892.9270629882812	467.724609375
43488	orientation_diff	888.6960182189941	470.8322105407715
43489	position_diff	890.9994506835938	467.538516998291
43490	orientation_diff	841.5224227905273	700.8296318054199
43491	orientation_diff	887.6895523071289	473.68812561035156
43492	orientation_diff	887.6272888183594	471.91088485717773
43493	position_diff	888.3920288085938	469.323055267334
43494	orientation_diff	887.3769569396973	473.11086654663086
43495	orientation_diff	888.846435546875	472.2751350402832
43496	orientation_diff	886.7978401184082	472.36900329589844
43497	orientation_diff	886.5815601348877	472.0893020629883
43498	position_diff	889.0119972229004	471.8043670654297
43499	orientation_diff	884.0128364562988	475.6034698486328
43500	position_diff	884.5637092590332	476.3717575073242
43501	orientation_diff	879.8191471099854	478.327880859375
43502	orientation_diff	879.1818580627441	477.8537139892578
43503	orientation_diff	876.3087272644043	479.6323699951172
43504	orientation_diff	876.2977561950684	478.1053161621094
43505	orientation_diff	872.9183025360107	481.3699417114258
43506	orientation_diff	870.8525829315186	481.4175262451172
43507	orientation_diff	868.4448318481445	481.9651908874512
43508	orientation_diff	868.7167148590088	484.7687644958496
43509	position_diff	872.5169448852539	484.63740158081055
43510	orientation_diff	869.1921787261963	483.71239852905273
43511	orientation_diff	867.5705146789551	483.5886878967285
43512	orientation_diff	866.5838279724121	483.7084312438965
43513	orientation_diff	864.561803817749	485.96960830688477
43514	orientation_diff	864.0354290008545	487.3659553527832
43515	orientation_diff	860.4555797576904	487.75001525878906
43516	orientation_diff	858.6771183013916	487.3862533569336
43517	orientation_diff	857.4807891845703	487.2344436645508
43518	orientation_diff	856.9220695495605	484.2320556640625
43519	orientation_diff	856.4927387237549	488.78155517578125
43520	orientation_diff	856.358850479126	489.8885841369629
43521	orientation_diff	854.7427768707275	490.5098686218262
43522	orientation_diff	850.6879558563232	490.37804412841797
43523	orientation_diff	848.521785736084	490.24919509887695
43524	orientation_diff	845.9869041442871	492.9117774963379
43525	orientation_diff	806.6901321411133	684.919340133667
43526	orientation_diff	840.949390411377	495.52664947509766
43527	orientation_diff	839.1261978149414	498.9769821166992
43528	orientation_diff	839.3882217407227	492.89794158935547
43529	orientation_diff	833.9488983154297	491.87996673583984
43539	orientation_diff	567.1923484802246	858.7177276611328
43540	orientation_diff	570.8130149841309	861.5448417663574
43541	orientation_diff	573.9362144470215	863.908073425293
43542	orientation_diff	572.531665802002	858.4170951843262
43543	orientation_diff	574.4226570129395	859.4105834960938
43544	orientation_diff	576.775089263916	859.4587287902832
43545	orientation_diff	579.1275215148926	859.5068740844727
43609	orientation_diff	246.73588180541992	719.3092460632324
43610	orientation_diff	249.35099411010742	716.1881790161133
43611	orientation_diff	250.12746047973633	719.1903800964355
43612	orientation_diff	250.76225662231445	717.147144317627
43613	orientation_diff	252.34206771850586	718.9039993286133
43614	orientation_diff	255.18025588989258	717.6951713562012
43615	orientation_diff	261.67459869384766	721.3651123046875
43617	orientation_diff	253.9952049255371	718.7718486785889
43621	orientation_diff	262.4115867614746	719.0087432861328
43622	orientation_diff	260.74914932250977	719.4843139648438
43623	orientation_diff	261.2996406555176	716.7736206054688
43624	orientation_diff	261.94329833984375	712.9685401916504
43625	orientation_diff	263.87897872924805	713.3525924682617
43626	orientation_diff	268.1711845397949	717.5379161834717
43627	orientation_diff	270.3718070983887	718.4318866729736
43628	orientation_diff	265.3228645324707	711.2007293701172
43629	orientation_diff	272.5758819580078	714.2341384887695
43766	orientation_diff	391.5057907104492	873.3901634216309
43767	orientation_diff	390.51977920532227	871.2152824401855
43768	orientation_diff	391.60058212280273	868.924654006958
43769	orientation_diff	391.37038803100586	869.1562957763672
43770	orientation_diff	390.40111541748047	870.303918838501
43771	orientation_diff	393.5607147216797	871.4381637573242
43772	orientation_diff	392.13293838500977	868.1163177490234
43773	orientation_diff	391.02555084228516	865.9380722045898
43774	orientation_diff	391.18400955200195	864.325798034668
43775	orientation_diff	391.65457916259766	862.8807830810547
43776	orientation_diff	393.2995433807373	859.1311950683594
43777	orientation_diff	393.871826171875	857.3447132110596
43778	orientation_diff	393.8986511230469	855.3458805084229
43779	orientation_diff	391.12035942077637	851.9776306152344
43780	orientation_diff	388.38378143310547	852.9963798522949
43786	orientation_diff	878.4060955047607	370.25228118896484
43787	orientation_diff	875.8331909179688	369.77689361572266
43788	orientation_diff	874.9128093719482	372.1665916442871
43789	orientation_diff	875.8653907775879	375.3198432922363
43793	orientation_diff	872.2639312744141	375.6514205932617
43795	orientation_diff	868.7530841827393	379.14184951782227
43796	orientation_diff	867.356954574585	379.78588485717773
43797	orientation_diff	863.7515525817871	378.85253143310547
43798	orientation_diff	861.5572376251221	380.8633689880371
43799	orientation_diff	862.5080909729004	382.0166473388672
43800	orientation_diff	859.1442413330078	379.2829360961914
43801	orientation_diff	859.5481872558594	375.23987579345703
43802	orientation_diff	858.8881635665894	373.22748947143555
43803	orientation_diff	858.2281398773193	371.21510314941406
43887	orientation_diff	174.68963241577148	681.1033668518066
43888	orientation_diff	173.43887329101562	681.2394485473633
43889	orientation_diff	171.34920501708984	686.7952842712402
43890	orientation_diff	173.10518646240234	689.0212497711182
43891	orientation_diff	171.41880416870117	686.7690277099609
43892	orientation_diff	172.49009323120117	687.4684638977051
43912	orientation_diff	170.73967742919922	691.2554206848145
43914	orientation_diff	170.83837127685547	688.2972526550293
43915	orientation_diff	171.03149795532227	688.4418487548828
43916	orientation_diff	173.49252319335938	689.3970279693604
43917	orientation_diff	174.36030197143555	688.5148506164551
43918	orientation_diff	175.01135635375977	688.4284706115723
43919	orientation_diff	174.49639511108398	686.4449768066406
43920	orientation_diff	175.27765274047852	685.237434387207
43921	orientation_diff	176.2543182373047	686.5729942321777
43922	orientation_diff	176.8406867980957	687.9031829833984
43923	orientation_diff	177.01573944091797	688.243537902832
43924	orientation_diff	177.1575813293457	687.978687286377
43925	orientation_diff	176.09167861938477	687.4521808624268
43926	orientation_diff	180.1044044494629	690.3234519958496
43928	orientation_diff	184.0491714477539	688.8543319702148
43931	orientation_diff	194.42781448364258	686.2761116027832
43932	orientation_diff	194.2943115234375	692.5813941955566
43933	orientation_diff	199.30921936035156	686.8835716247559
43934	orientation_diff	197.13925552368164	689.3250885009766
43937	orientation_diff	196.69129180908203	683.9257373809814
43938	position_diff	205.17508697509766	686.1100311279297
43939	orientation_diff	201.53033065795898	685.2623710632324
43940	position_diff	207.06854438781738	686.1908988952637
43941	position_diff	209.28259658813477	684.9355163574219
43942	position_diff	208.26182174682617	684.3733825683594
43943	position_diff	205.54188346862793	679.2839603424072
43944	orientation_diff	201.3614730834961	666.1710166931152
43945	orientation_diff	199.21715545654297	663.1932945251465
43946	orientation_diff	408.0591096878052	858.1444940567017
43950	orientation_diff	413.8118324279785	856.220573425293
43954	orientation_diff	416.6991386413574	853.8012313842773
43955	orientation_diff	417.0593719482422	850.5168342590332
43956	orientation_diff	416.74010467529297	849.4828643798828
43957	orientation_diff	418.4591064453125	849.7628936767578
44074	orientation_diff	851.7953071594238	291.8336067199707
44077	orientation_diff	852.6152229309082	293.18907165527344
44078	orientation_diff	854.2020301818848	295.9134330749512
44079	orientation_diff	853.0934295654297	298.7770538330078
44080	orientation_diff	849.0687370300293	296.1325378417969
44081	orientation_diff	849.5998115539551	298.3244323730469
44082	orientation_diff	423.3579978942871	872.3362808227539
44083	orientation_diff	424.8723449707031	872.4472007751465
44084	orientation_diff	428.4554443359375	872.9637870788574
44085	orientation_diff	843.3226795196533	300.37517166137695
44086	orientation_diff	842.3838653564453	303.97089767456055
44087	orientation_diff	425.8539352416992	871.5196285247803
44088	orientation_diff	422.8562126159668	870.0485572814941
44089	orientation_diff	424.6045837402344	869.596248626709
44090	orientation_diff	423.6117973327637	870.8736610412598
44091	orientation_diff	422.97058868408203	869.0210628509521
44092	orientation_diff	425.7096061706543	870.962703704834
44093	orientation_diff	425.25070571899414	865.6880722045898
44094	orientation_diff	832.2341976165771	308.7889747619629
44095	orientation_diff	829.3485679626465	312.7145652770996
44096	orientation_diff	428.48899269104004	856.8479862213135
44097	orientation_diff	429.1778373718262	856.4421825408936
44098	orientation_diff	427.7382125854492	856.2911357879639
44099	orientation_diff	427.273250579834	855.9278678894043
44100	orientation_diff	425.55879974365234	854.8793525695801
44245	orientation_diff	590.9373626708984	122.94044494628906
44246	orientation_diff	592.6281661987305	124.28740310668945
44248	orientation_diff	589.2005386352539	124.68645477294922
44249	orientation_diff	587.9890975952148	126.00577926635742
44250	orientation_diff	590.5740051269531	126.13965225219727
44252	orientation_diff	587.5039901733398	124.5303955078125
44254	orientation_diff	586.4053535461426	124.70834350585938
44255	orientation_diff	587.811692237854	126.0751085281372
44256	orientation_diff	587.3429126739502	125.61952018737793
44257	orientation_diff	586.8741331100464	125.16393184661865
44258	orientation_diff	588.2804718017578	126.53069686889648
44259	orientation_diff	586.3002700805664	129.23197174072266
44260	orientation_diff	585.5516738891602	127.94863510131836
44261	orientation_diff	576.5959892272949	138.65841674804688
44262	orientation_diff	582.1321983337402	134.44440841674805
44264	orientation_diff	580.977855682373	140.91321182250977
44265	orientation_diff	582.3706321716309	136.70740127563477
44266	orientation_diff	585.0434474945068	142.58337020874023
44267	orientation_diff	583.7967281341553	143.87163925170898
44268	orientation_diff	584.5735130310059	147.55981826782227
44339	orientation_diff	305.30899810791016	813.9177932739258
44340	orientation_diff	305.0218276977539	812.4525356292725
44341	orientation_diff	305.0686340332031	810.5416793823242
44342	orientation_diff	305.8096923828125	806.734790802002
44343	orientation_diff	305.88593673706055	806.937614440918
44347	orientation_diff	311.1947422027588	805.344539642334
44348	orientation_diff	312.89565658569336	806.0498924255371
44349	orientation_diff	315.2567939758301	809.4036407470703
44350	orientation_diff	312.03905868530273	806.2086391448975
44351	orientation_diff	318.26608657836914	803.275468826294
44352	orientation_diff	315.15257263183594	804.7420539855957
44353	orientation_diff	321.37960052490234	801.8088836669922
44354	orientation_diff	323.627010345459	801.8790626525879
44355	orientation_diff	323.54663848876953	797.2636108398438
44356	orientation_diff	322.9752426147461	798.8482437133789
44360	orientation_diff	907.8298759460449	534.715145111084
44361	orientation_diff	906.6198616027832	532.5522499084473
44406	orientation_diff	146.6653060913086	484.65044021606445
44407	orientation_diff	147.10941696166992	483.9672546386719
44408	orientation_diff	149.31790924072266	487.85849380493164
44409	orientation_diff	150.59226989746094	484.1273593902588
44410	orientation_diff	150.66683959960938	484.5876159667969
44411	orientation_diff	152.17745208740234	487.3020706176758
44412	orientation_diff	150.7440643310547	485.50965881347656
44413	orientation_diff	154.02267837524414	484.8174057006836
44414	orientation_diff	154.57393646240234	483.18398094177246
44415	orientation_diff	155.12519454956055	481.5505561828613
44417	orientation_diff	159.21862411499023	479.50242614746094
44418	orientation_diff	157.1719093322754	480.52649116516113
44421	orientation_diff	167.86333465576172	473.482723236084
44508	orientation_diff	406.49465560913086	853.2719078063965
44509	orientation_diff	404.60120010375977	855.7607917785645
44515	orientation_diff	400.9900817871094	860.0323905944824
44523	orientation_diff	401.9578552246094	857.2705535888672
44524	orientation_diff	402.8214225769043	855.1741428375244
44525	orientation_diff	403.16682052612305	854.9394493103027
44526	orientation_diff	403.4535369873047	853.6251583099365
44527	orientation_diff	404.48147201538086	853.0167980194092
44528	orientation_diff	402.67281341552734	852.508222579956
44529	orientation_diff	869.487307548523	578.1955509185791
44530	orientation_diff	868.8330936431885	574.2824974060059
44531	orientation_diff	870.6914329528809	573.8414497375488
44532	orientation_diff	309.0122375488281	696.7112312316895
44533	orientation_diff	405.1319465637207	850.204267501831
44534	orientation_diff	407.0381622314453	851.246545791626
44535	orientation_diff	407.6471252441406	849.5388488769531
44536	orientation_diff	411.3194580078125	849.7319049835205
44537	orientation_diff	412.8890838623047	849.0829315185547
44538	orientation_diff	412.72220611572266	849.3870086669922
44539	orientation_diff	413.47217559814453	851.2091846466064
44540	orientation_diff	409.5594902038574	852.6924057006836
44541	orientation_diff	409.7470474243164	852.4857654571533
44542	orientation_diff	412.11693572998047	851.6767063140869
44543	orientation_diff	411.00048446655273	851.3211116790771
44544	orientation_diff	413.27191162109375	852.3151607513428
44545	orientation_diff	414.4414176940918	851.8379402160645
44546	orientation_diff	416.259708404541	849.2394104003906
44547	orientation_diff	418.9890594482422	850.8224067687988
44548	orientation_diff	416.19208908081055	850.3320560455322
44549	orientation_diff	417.3071479797363	852.4798793792725
44551	orientation_diff	417.4323310852051	848.3538309733074
44553	orientation_diff	422.5500717163086	834.6011924743652
44618	orientation_diff	175.8209524154663	405.3752546310425
44619	orientation_diff	173.60230827331543	404.25605964660645
44620	orientation_diff	171.38366413116455	403.1368646621704
44696	orientation_diff	161.34376525878906	285.9092483520508
44697	orientation_diff	161.3905143737793	285.39989471435547
44708	orientation_diff	843.2957954406738	303.4557113647461
44709	orientation_diff	843.0828189849854	304.7802619934082
44710	orientation_diff	843.0539302825928	305.16772842407227
44711	position_diff	172.02519416809082	310.9877624511719
44712	orientation_diff	840.7511730194092	304.062255859375
44713	orientation_diff	837.7792701721191	300.62950134277344
44714	orientation_diff	833.293529510498	297.90510177612305
44715	orientation_diff	828.9295959472656	298.2911376953125
44716	orientation_diff	820.8975529670715	300.56618881225586
44717	orientation_diff	823.5749006271362	299.8078384399414
44718	orientation_diff	826.2522482872009	299.04948806762695
44719	orientation_diff	818.2202053070068	301.3245391845703
44720	orientation_diff	813.8082895278931	303.15992736816406
44721	orientation_diff	809.3963737487793	304.9953155517578
44724	position_diff	182.4031524658203	305.99924087524414
44725	position_diff	183.69933891296387	305.26528549194336
44726	position_diff	185.0466709136963	304.3280258178711
44727	position_diff	184.5710792541504	305.0982437133789
44728	position_diff	188.88034057617188	305.02653884887695
44729	position_diff	187.52008438110352	301.930477142334
44732	orientation_diff	190.4316349029541	304.83931732177734
44733	orientation_diff	190.88055610656738	305.12059783935547
44734	position_diff	191.466890335083	301.16439056396484
44735	position_diff	189.78094100952148	301.2830047607422
44736	orientation_diff	267.8782272338867	772.0621528625488
44737	orientation_diff	268.441463470459	770.8867111206055
44738	orientation_diff	269.884822845459	767.4138793945312
44739	orientation_diff	266.92311096191406	767.0401153564453
44740	orientation_diff	268.99281311035156	767.5501098632812
44741	orientation_diff	277.9043083190918	763.8038101196289
44742	orientation_diff	277.0242118835449	761.9390754699707
44743	orientation_diff	278.46014404296875	760.1011009216309
44744	orientation_diff	275.9341354370117	759.4332733154297
44746	orientation_diff	198.81310653686523	298.0981788635254
44748	position_diff	292.88381576538086	743.1772193908691
44749	orientation_diff	203.29674530029297	295.0992126464844
44750	orientation_diff	296.90930557250977	737.554859161377
44751	orientation_diff	207.07485961914062	293.90338134765625
44752	position_diff	207.179105758667	295.0513381958008
44753	orientation_diff	207.74012756347656	294.07644844055176
44754	orientation_diff	208.26049995422363	292.9170341491699
44755	orientation_diff	208.82783889770508	290.5858383178711
44756	position_diff	207.60072708129883	292.19908332824707
44758	position_diff	206.46074867248535	285.9045886993408
44759	position_diff	205.0968837738037	287.2847099304199
44760	position_diff	204.6520881652832	287.3349418640137
44761	position_diff	203.38402557373047	288.7669563293457
44762	position_diff	205.03325843811035	289.55491638183594
44763	position_diff	205.07545471191406	290.7928161621094
44785	orientation_diff	138.92887496948242	533.7276077270508
44786	orientation_diff	139.24956512451172	532.4487571716309
44835	wrong_count	nan	nan
44836	wrong_count	nan	nan
44837	wrong_count	nan	nan
44838	wrong_count	nan	nan
44839	position_diff	413.6438522338867	784.7001533508301
44843	orientation_diff	238.64142990112305	232.70542526245117
44859	orientation_diff	855.7487983703613	650.2743110656738
44860	orientation_diff	856.9008617401123	648.8533515930176
44861	orientation_diff	854.269624710083	650.8924140930176
44862	orientation_diff	853.6951789855957	650.1525611877441
44863	orientation_diff	851.610071182251	648.052360534668
44864	orientation_diff	852.5118732452393	649.0612525939941
44866	orientation_diff	850.3957112630209	647.932430267334
44938	orientation_diff	397.2342211405436	717.8998190561931
44992	orientation_diff	283.861270904541	187.79961776733398
45020	orientation_diff	839.7951507568359	247.72513961791992
45022	orientation_diff	840.046745300293	244.85647201538086
45023	orientation_diff	838.3858966827393	251.76947784423828
45024	orientation_diff	842.4416236877441	248.63072204589844
45025	orientation_diff	838.9755325317383	249.5558853149414
45026	orientation_diff	843.2168388366699	246.84256744384766
45027	orientation_diff	843.1032810211182	247.83102416992188
45029	orientation_diff	838.9027805328369	252.9955940246582
45030	orientation_diff	838.2490062713623	251.17604446411133
45031	orientation_diff	835.4427719116211	252.83991241455078
45032	orientation_diff	834.8178424835205	254.5274200439453
45033	orientation_diff	838.1235218048096	250.82640838623047
45034	orientation_diff	834.8452777862549	250.43218994140625
45035	orientation_diff	829.9355964660645	256.87532806396484
45036	orientation_diff	832.3425407409668	250.9724464416504
45183	orientation_diff	589.5795936584473	867.1189346313477
45184	orientation_diff	589.1396331787109	870.1503295898438
45185	orientation_diff	586.3633422851562	866.1664505004883
45186	orientation_diff	587.0120277404785	871.8094520568848
45193	orientation_diff	587.4850425720215	859.8665084838867
45194	orientation_diff	590.8056297302246	857.513837814331
45195	orientation_diff	592.2968063354492	855.5743293762207
45196	orientation_diff	583.9756927490234	860.0511817932129
45197	orientation_diff	584.5403060913086	855.4751262664795
45198	orientation_diff	580.0718536376953	854.2838554382324
45199	orientation_diff	580.9910659790039	851.2959289550781
45200	orientation_diff	581.3904056549072	851.0771656036377
45201	orientation_diff	581.7897453308105	850.8584022521973
45202	orientation_diff	585.9973602294922	848.4537239074707
45203	orientation_diff	586.7366256713867	846.6205749511719
45205	orientation_diff	593.4388160705566	836.9012451171875
45206	position_diff	587.278491973877	843.8739204406738
45207	orientation_diff	593.7445449829102	833.8294162750244
45208	orientation_diff	594.7528381347656	831.1868362426758
45209	orientation_diff	596.1362495422363	827.922290802002
45210	orientation_diff	597.3843307495117	824.2461967468262
45211	orientation_diff	598.6324119567871	820.5701026916504
45227	orientation_diff	180.9530906677246	684.4336338043213
45228	orientation_diff	181.55078125	680.9584846496582
45229	orientation_diff	180.2978973388672	677.9342288970947
45230	orientation_diff	178.3907012939453	676.6319465637207
45231	orientation_diff	181.58194732666016	676.5126399993896
45232	orientation_diff	183.92108154296875	674.9901371002197
45233	orientation_diff	184.39094161987305	674.6512908935547
45234	orientation_diff	184.11217880249023	672.5061340332031
45235	orientation_diff	185.3912811279297	670.7623348236084
45236	orientation_diff	187.0883903503418	671.2913990020752
45237	orientation_diff	188.66700744628906	670.9480304718018
45238	orientation_diff	184.9783821105957	671.2619190216064
45322	orientation_diff	226.24475860595703	627.7793426513672
45323	orientation_diff	230.23807525634766	626.9783020019531
45324	position_diff	336.38489532470703	656.7261772155762
45325	orientation_diff	250.63677597045898	616.1649322509766
45326	orientation_diff	252.04179763793945	613.3022384643555
45327	orientation_diff	267.71260261535645	601.5297203063965
45328	orientation_diff	273.6600875854492	590.4272232055664
45329	orientation_diff	274.402400970459	575.6329040527344
45330	orientation_diff	266.1303291320801	576.011604309082
45331	orientation_diff	267.60742568969727	569.6242752075195
45336	orientation_diff	207.88792419433594	600.6683235168457
45337	position_diff	212.85032272338867	607.6140556335449
45339	orientation_diff	189.80430221557617	603.7037887573242
45340	orientation_diff	185.28743743896484	593.1384391784668
45453	orientation_diff	383.6298713684082	848.1372509002686
45454	orientation_diff	387.09274673461914	846.8464221954346
45455	orientation_diff	388.19317626953125	847.5148601531982
45456	orientation_diff	386.5908432006836	845.2986278533936
45457	orientation_diff	388.338191986084	846.2749423980713
45458	orientation_diff	384.53799057006836	846.7432632446289
45459	orientation_diff	385.4720916748047	845.5222663879395
45460	orientation_diff	386.4321594238281	844.7153167724609
45461	orientation_diff	384.98773193359375	841.2678184509277
45462	orientation_diff	386.5187072753906	838.9373970031738
45463	orientation_diff	385.7532196044922	840.1026077270508
45464	orientation_diff	387.28419494628906	837.7721862792969
45465	orientation_diff	352.4735679626465	146.9574089050293
45466	orientation_diff	356.34670639038086	147.00085830688477
45467	orientation_diff	357.4003372192383	149.13431549072266
45468	orientation_diff	356.6431312561035	149.69620895385742
45469	orientation_diff	358.35014724731445	153.22233200073242
45470	orientation_diff	356.32151794433594	153.9048728942871
45471	orientation_diff	358.18284606933594	154.37467575073242
45472	orientation_diff	357.30041885375977	155.84596633911133
45473	orientation_diff	358.7420768737793	154.2935028076172
45474	orientation_diff	360.6429328918457	156.24164581298828
45606	orientation_diff	220.53453063964844	725.1722106933594
45618	orientation_diff	226.4723663330078	726.5897369384766
45619	orientation_diff	228.8440704345703	722.0097999572754
45620	orientation_diff	226.96342849731445	724.6754150390625
45621	orientation_diff	228.5288848876953	723.7934417724609
45622	orientation_diff	229.6637191772461	720.5599575042725
45624	orientation_diff	229.8069953918457	724.7223014831543
45625	orientation_diff	230.89433670043945	725.3884449005127
45626	orientation_diff	231.73173904418945	723.9438591003418
45627	orientation_diff	234.33409881591797	722.5763893127441
45628	orientation_diff	235.2727928161621	721.1819934844971
45629	orientation_diff	236.03297805786133	719.4023952484131
45630	orientation_diff	236.41990280151367	719.0705070495605
45631	orientation_diff	237.6564712524414	717.9782028198242
45632	orientation_diff	238.8527946472168	715.1955013275146
45633	orientation_diff	237.66514587402344	717.6170558929443
45634	orientation_diff	237.05946731567383	716.7020416259766
45635	orientation_diff	235.57319259643555	713.2015514373779
45636	orientation_diff	238.49193954467773	714.3515167236328
45674	orientation_diff	418.25231170654297	692.5785160064697
45704	orientation_diff	384.0094299316406	120.88502883911133
45705	orientation_diff	384.29845428466797	119.03172302246094
45706	orientation_diff	383.40658950805664	116.45166397094727
45715	position_diff	522.9944343566895	894.1945686340332
45724	orientation_diff	524.5502624511719	869.814582824707
45725	orientation_diff	521.2483596801758	866.8769130706787
45729	orientation_diff	526.4329986572266	870.6413612365723
45730	orientation_diff	525.7774887084961	869.4258918762207
45731	orientation_diff	527.5300903320312	864.9657440185547
45732	orientation_diff	534.691593170166	865.365608215332
45886	orientation_diff	523.092903137207	893.1486663818359
45891	orientation_diff	525.0117874145508	884.0526638031006
45892	orientation_diff	524.7509536743164	884.1189832687378
45893	orientation_diff	524.490119934082	884.185302734375
45894	orientation_diff	525.9584159851074	888.6473617553711
45895	orientation_diff	526.170783996582	888.071460723877
45896	orientation_diff	528.3150520324707	890.5380935668945
45897	orientation_diff	522.8069438934326	886.546012878418
45898	orientation_diff	523.1002388000488	886.1405944824219
45899	orientation_diff	524.3243188858032	881.9040474891663
45900	orientation_diff	523.9162921905518	883.3162298202515
45901	orientation_diff	523.5082654953003	884.7284121513367
45902	orientation_diff	524.7323455810547	880.491865158081
45903	orientation_diff	526.470890045166	876.1235256195068
45904	orientation_diff	529.9987411499023	872.184061050415
45905	orientation_diff	534.0585632324219	872.754316329956
45906	orientation_diff	534.6894645690918	873.137622833252
45907	orientation_diff	532.3368835449219	873.9542636871338
45925	orientation_diff	544.70458984375	882.1254367828369
45926	orientation_diff	544.3339328765869	881.6642026901245
45927	orientation_diff	543.9632759094238	881.2029685974121
45928	orientation_diff	305.78116607666016	799.2605934143066
45931	position_diff	431.07442474365234	817.7680549621582
45941	orientation_diff	855.5986709594727	723.1072731018066
45942	orientation_diff	853.2288017272949	719.6442947387695
45943	orientation_diff	851.5323905944824	721.8159027099609
45944	orientation_diff	852.2891006469727	718.9028930664062
45945	orientation_diff	849.3205337524414	722.2728652954102
45946	orientation_diff	849.06103515625	720.3625736236572
45947	orientation_diff	850.2818908691406	721.9568138122559
45948	orientation_diff	849.2397537231445	721.9401016235352
45949	orientation_diff	848.8673095703125	722.1379299163818
45950	orientation_diff	848.4009475708008	718.4705142974854
45952	orientation_diff	842.2532539367676	713.1791934967041
45953	orientation_diff	835.3198318481445	720.6931343078613
45954	orientation_diff	835.5763282775879	716.4926738739014
45955	orientation_diff	832.3564796447754	716.4236793518066
45956	orientation_diff	832.8164882659912	716.0466938018799
45957	orientation_diff	831.9739322662354	716.6105194091797
45958	orientation_diff	830.0797119140625	718.1184577941895
45959	orientation_diff	829.7424163818359	718.1012783050537
45960	orientation_diff	829.1041145324707	718.7908840179443
45961	orientation_diff	828.6785182952881	717.1504573822021
45962	orientation_diff	825.8673515319824	715.0274200439453
45963	orientation_diff	825.8456077575684	720.809850692749
45964	orientation_diff	824.7534866333008	720.8509559631348
45965	orientation_diff	822.9935111999512	722.0168228149414
45966	orientation_diff	820.826358795166	722.172176361084
45967	orientation_diff	818.257755279541	723.5846862792969
45968	orientation_diff	818.075382232666	717.4180526733398
45969	orientation_diff	809.7705383300781	724.1222038269043
45970	orientation_diff	810.2599220275879	722.4311447143555
46075	orientation_diff	840.5963611602783	579.1446723937988
46076	orientation_diff	840.8648853302002	579.1392211914062
46077	orientation_diff	840.896162033081	578.8600616455078
46080	orientation_diff	841.7109031677246	580.0348434448242
46081	orientation_diff	838.6772079467773	580.1864166259766
46082	orientation_diff	836.4541931152344	581.0243186950684
46085	orientation_diff	250.27919006347656	712.6233386993408
46086	orientation_diff	252.41437149047852	712.1254749298096
46087	orientation_diff	252.0605010986328	710.8870544433594
46088	orientation_diff	253.76479721069336	711.0347995758057
46089	orientation_diff	256.2036666870117	713.8633041381836
46090	orientation_diff	256.4451789855957	712.2387104034424
46091	orientation_diff	256.1218566894531	712.2679271697998
46092	orientation_diff	256.70613861083984	713.0720252990723
46093	orientation_diff	257.2883720397949	715.2087631225586
46094	orientation_diff	257.401065826416	713.891227722168
46095	orientation_diff	834.0930557250977	571.7158203125
46096	orientation_diff	257.7850341796875	715.6097869873047
46097	orientation_diff	828.4105453491211	573.4828491210938
46098	orientation_diff	827.1191749572754	572.1112480163574
46099	orientation_diff	828.3125038146973	573.8007926940918
46100	orientation_diff	254.73630142211914	712.7914733886719
46101	orientation_diff	822.9616317749023	574.0835647583008
46102	orientation_diff	255.01087474822998	715.519775390625
46103	orientation_diff	254.2463092803955	714.8206024169922
46104	orientation_diff	821.6032867431641	567.6836738586426
46105	orientation_diff	255.77544021606445	716.2189483642578
46106	orientation_diff	810.8943862915039	567.3422393798828
46107	orientation_diff	260.8035011291504	710.9782981872559
46108	orientation_diff	261.63327407836914	711.106029510498
46109	orientation_diff	257.5892333984375	709.8119926452637
46111	orientation_diff	255.65034103393555	709.4534225463867
46112	orientation_diff	255.0873031616211	711.9623107910156
46113	orientation_diff	254.199951171875	711.4474048614502
46115	orientation_diff	842.0571327209473	344.71419525146484
46117	orientation_diff	841.5958671569824	343.76041412353516
46118	orientation_diff	840.7205047607422	343.57887268066406
46119	orientation_diff	841.6394348144531	344.99552154541016
46120	orientation_diff	842.7568473815918	341.3851089477539
46121	orientation_diff	840.2797241210938	342.6617317199707
46124	orientation_diff	838.6254463195801	343.14771270751953
46125	orientation_diff	318.6783676147461	813.6837882995605
46126	orientation_diff	318.5947723388672	807.1061515808105
46127	orientation_diff	318.8041458129883	812.5672588348389
46128	orientation_diff	319.2277603149414	808.4421463012695
46129	orientation_diff	320.8313980102539	810.1826782226562
46130	orientation_diff	316.84043884277344	815.0628967285156
46131	orientation_diff	315.0030975341797	814.5974102020264
46132	orientation_diff	313.16575622558594	814.1319236755371
46133	orientation_diff	260.5962371826172	700.6319980621338
46134	orientation_diff	260.011287689209	703.6844215393066
46135	orientation_diff	258.31561279296875	700.0788860321045
46136	orientation_diff	839.8894805908203	345.17731857299805
46137	orientation_diff	262.1814384460449	700.2681541442871
46138	orientation_diff	262.1504325866699	700.1577548980713
46139	orientation_diff	261.9857482910156	700.3117809295654
46140	orientation_diff	260.40142822265625	700.8549709320068
46141	orientation_diff	264.540225982666	699.110185623169
46142	orientation_diff	840.3202438354492	345.10174560546875
46147	orientation_diff	838.1332206726074	347.64044189453125
46148	orientation_diff	836.7389831542969	348.2590560913086
46149	orientation_diff	838.5486717224121	346.61798095703125
46150	orientation_diff	841.7000427246094	346.95490646362305
46151	position_diff	844.8579654693604	347.965633392334
46152	orientation_diff	835.0790615081787	349.7776298522949
46153	orientation_diff	835.3564567565918	345.90910720825195
46154	orientation_diff	834.0010032653809	347.999698638916
46155	orientation_diff	835.7525062561035	347.4163017272949
46156	orientation_diff	834.1380271911621	348.8376808166504
46157	orientation_diff	835.5583915710449	344.9776439666748
46158	orientation_diff	834.2544136047363	345.7148132324219
46159	orientation_diff	833.5652008056641	346.4603843688965
46160	orientation_diff	830.3180294036865	349.35157012939453
46161	orientation_diff	829.6724987030029	351.0433654785156
46162	orientation_diff	828.8936653137207	351.5109748840332
46163	orientation_diff	829.194896697998	348.62707901000977
46164	orientation_diff	833.3071727752686	346.73724365234375
46165	orientation_diff	831.960132598877	347.8308296203613
46166	orientation_diff	832.7961292266846	347.07065200805664
46167	orientation_diff	830.8333320617676	348.83569717407227
46168	orientation_diff	832.3069801330566	342.3436527252197
46169	orientation_diff	828.6896648406982	345.5303039550781
46170	orientation_diff	826.4154720306396	345.2488250732422
46171	orientation_diff	824.6221961975098	352.1034698486328
46172	orientation_diff	820.3381385803223	351.67187881469727
46173	orientation_diff	825.5518989562988	345.6231994628906
46174	orientation_diff	829.9442195892334	343.4903964996338
46175	orientation_diff	822.8215599060059	346.6792678833008
46176	orientation_diff	817.3429107666016	350.00746726989746
46177	orientation_diff	817.1147270202637	351.47092056274414
46178	orientation_diff	818.6677207946777	346.3503723144531
46179	orientation_diff	810.4803981781006	345.4113082885742
46182	orientation_diff	807.767499923706	351.32289123535156
46333	position_diff	831.3320426940918	720.9039611816406
46340	position_diff	837.7433166503906	719.5118026733398
46341	position_diff	835.6078109741211	718.4308166503906
46359	orientation_diff	828.8498382568359	714.5131664276123
46360	orientation_diff	828.4523048400879	714.7125473022461
46367	orientation_diff	820.5581245422363	717.0142707824707
46369	orientation_diff	821.760814666748	714.0465831756592
46370	orientation_diff	822.1280364990234	716.8107795715332
46371	orientation_diff	820.8863010406494	716.5150623321533
46372	orientation_diff	819.4394950866699	714.4362678527832
46373	orientation_diff	820.7823867797852	711.9538917541504
46374	orientation_diff	821.7200584411621	714.9953365325928
46375	position_diff	823.0760765075684	711.8157863616943
46376	orientation_diff	822.0089950561523	710.5536842346191
46377	position_diff	823.5551261901855	707.8535079956055
46378	orientation_diff	821.1721458435059	708.1590957641602
46379	orientation_diff	820.4552803039551	705.7407283782959
46380	orientation_diff	819.7273025512695	706.549186706543
46381	orientation_diff	817.4603004455566	707.1323394775391
46382	orientation_diff	819.0701599121094	710.8865261077881
46384	orientation_diff	816.591365814209	713.4771537780762
46385	orientation_diff	817.0390892028809	707.3542747497559
46386	orientation_diff	818.2569351196289	703.1799373626709
46387	orientation_diff	815.2500877380371	706.6675148010254
46388	orientation_diff	812.3671379089355	703.8654747009277
46389	orientation_diff	812.987720489502	700.6669845581055
46390	orientation_diff	810.1079769134521	699.2723579406738
46391	orientation_diff	807.025749206543	703.0281867980957
46392	orientation_diff	811.9136409759521	698.861988067627
46393	orientation_diff	806.7232131958008	698.3113059997559
46394	orientation_diff	803.6239738464355	700.6693706512451
46395	orientation_diff	803.9025802612305	700.5117530822754
46396	orientation_diff	800.2967071533203	700.3062515258789
46397	orientation_diff	797.4729595184326	699.2852058410645
46398	orientation_diff	797.2383060455322	700.8630027770996
46399	orientation_diff	799.8550262451172	705.9597091674805
46402	orientation_diff	798.400899887085	699.7789440155029
46403	orientation_diff	799.9573841094971	700.0663738250732
46404	orientation_diff	800.7127876281738	699.9657497406006
46405	orientation_diff	800.780387878418	700.3983459472656
46406	orientation_diff	799.8857803344727	701.4588851928711
46407	orientation_diff	799.0108299255371	701.7246742248535
46408	orientation_diff	797.2991638183594	700.3795509338379
46409	orientation_diff	795.2084922790527	698.8084030151367
46564	orientation_diff	191.68925094604492	410.23625564575195
46565	orientation_diff	193.00270080566406	408.1011543273926
46567	orientation_diff	193.38502502441406	405.6524772644043
46568	orientation_diff	192.2563247680664	407.9617729187012
46569	orientation_diff	191.93114852905273	409.58044815063477
46572	orientation_diff	193.19271850585938	406.1002769470215
46573	orientation_diff	197.18417739868164	411.4438934326172
46574	orientation_diff	198.81303024291992	412.7096405029297
46575	orientation_diff	200.55377578735352	410.7088317871094
46576	orientation_diff	201.9414520263672	411.6366653442383
46577	orientation_diff	201.96258163452148	412.6262626647949
46578	orientation_diff	203.1870880126953	410.6603355407715
46579	orientation_diff	203.05195236206055	411.8572006225586
46580	orientation_diff	205.46100234985352	410.0981140136719
46581	orientation_diff	202.60509872436523	406.5584030151367
46582	orientation_diff	203.18931198120117	403.04859161376953
46583	orientation_diff	205.432191212972	400.77250162760413
46584	orientation_diff	204.3107515970866	401.9105466206869
46585	orientation_diff	206.55363082885742	399.6344566345215
46641	position_diff	511.72171656290686	386.9774284362793
46668	orientation_diff	273.82140731811523	793.7728996276855
46673	orientation_diff	267.612117767334	800.1148338317871
46674	orientation_diff	266.399112701416	799.7204895019531
46676	orientation_diff	266.79470443725586	793.9112129211426
46677	orientation_diff	265.6004810333252	792.6840591430664
46678	orientation_diff	264.40625762939453	791.4569053649902
46679	orientation_diff	262.9345169067383	794.5946311950684
46680	orientation_diff	262.95081329345703	794.1076443990071
46681	orientation_diff	262.94266510009766	794.3511377970378
46683	orientation_diff	261.9297332763672	790.6470336914062
46705	orientation_diff	273.4950141906738	780.3187637329102
46706	orientation_diff	274.4742126464844	781.085075378418
46707	orientation_diff	275.44042587280273	782.8071899414062
46708	orientation_diff	275.40831756591797	781.3582725524902
46709	orientation_diff	275.4239311218262	777.3968238830566
46712	orientation_diff	276.22126388549805	780.0662422180176
46714	orientation_diff	275.6136245727539	775.186840057373
46715	orientation_diff	277.1236991882324	778.9770774841309
46717	orientation_diff	279.66834259033203	778.5462417602539
46718	orientation_diff	281.01390838623047	779.7119026184082
46719	orientation_diff	283.7867736816406	775.9294128417969
46862	orientation_diff	213.31562042236328	255.74494171142578
46863	orientation_diff	214.1874885559082	252.45735549926758
46864	orientation_diff	212.2947998046875	252.51227188110352
46865	orientation_diff	213.15298461914062	251.44141387939453
46866	orientation_diff	213.4807586669922	251.22935104370117
46867	orientation_diff	214.3967628479004	251.11877059936523
46868	orientation_diff	214.4012908935547	252.13151741027832
46869	orientation_diff	213.2083854675293	252.7995376586914
46871	orientation_diff	216.05121994018555	253.80350494384766
46872	orientation_diff	215.58399963378906	254.98134231567383
46873	orientation_diff	217.06066131591797	254.60951232910156
46875	orientation_diff	806.9581604003906	306.9683647155762
46876	orientation_diff	806.6714057922363	304.3598861694336
46877	orientation_diff	806.6795597076416	300.8090362548828
46878	orientation_diff	809.2926425933838	301.2972412109375
46879	position_diff	811.8686790466309	303.78000259399414
46880	orientation_diff	809.0094242095947	301.8819923400879
46881	orientation_diff	462.06087493896484	867.0578136444092
46882	orientation_diff	460.7270622253418	865.2782020568848
46883	orientation_diff	460.8226318359375	864.1367282867432
46884	orientation_diff	457.0273094177246	869.1893463134766
46885	orientation_diff	450.88301849365234	868.2475395202637
46886	orientation_diff	452.6555919647217	867.5663566589355
46887	orientation_diff	454.74750328063965	865.5016098022461
46888	orientation_diff	454.47390842437744	863.0891971588135
46889	orientation_diff	454.20031356811523	860.6767845153809
46890	orientation_diff	802.0838241577148	303.29261016845703
46891	orientation_diff	800.5758800506592	306.4958267211914
46892	orientation_diff	801.4499778747559	306.50657653808594
46893	orientation_diff	799.3034706115723	307.47620010375977
46894	orientation_diff	798.7752437591553	307.82656478881836
46895	orientation_diff	228.47125244140625	263.44512939453125
46896	orientation_diff	797.6049861907959	308.22559356689453
46897	orientation_diff	792.7985363006592	312.3031425476074
46898	orientation_diff	457.72514724731445	844.5641841888428
46899	orientation_diff	461.34553146362305	842.674388885498
46900	orientation_diff	792.9821739196777	313.54247283935547
46901	orientation_diff	792.4861469268799	316.85645294189453
46902	orientation_diff	795.3093585968018	315.56854248046875
46903	orientation_diff	790.3243675231934	317.93418884277344
46904	orientation_diff	789.1985340118408	315.90449142456055
46905	orientation_diff	791.9429187774658	316.02819061279297
46906	orientation_diff	790.6233787536621	316.60189056396484
46907	orientation_diff	791.4317665100098	317.0694274902344
46908	orientation_diff	791.4546909332275	316.75916290283203
46909	orientation_diff	791.0557460784912	314.96598052978516
46910	orientation_diff	786.905158996582	315.80711364746094
46911	orientation_diff	784.2422828674316	318.65722274780273
46912	orientation_diff	783.2712421417236	318.5513343811035
46913	orientation_diff	782.9007835388184	322.52198028564453
46914	orientation_diff	213.9513282775879	327.6860694885254
46915	orientation_diff	218.85558700561523	326.4643898010254
46916	orientation_diff	218.41613006591797	327.400821685791
46917	orientation_diff	219.60136795043945	326.8342399597168
46918	orientation_diff	224.03831481933594	324.251953125
46919	orientation_diff	226.59201431274414	327.2889175415039
46923	orientation_diff	233.26618003845215	321.3373603820801
46924	position_diff	238.4871482849121	314.081844329834
46925	position_diff	238.4730453491211	311.41297149658203
46926	orientation_diff	258.1615524291992	297.463960647583
46927	position_diff	237.16242218017578	315.6467297871908
46953	orientation_diff	253.72854614257812	249.2248363494873
46954	position_diff	255.37156295776367	259.017418384552
46955	position_diff	254.82389068603516	255.75322437286377
46956	position_diff	254.27621841430664	252.48903036117554
47000	orientation_diff	262.32817459106445	264.69481658935547
47001	orientation_diff	265.2124366760254	257.7023124694824
47084	position_diff	204.7886619567871	249.72062301635742
47088	position_diff	206.29796600341797	253.97447204589844
47091	orientation_diff	216.40069961547852	255.11717224121094
47092	orientation_diff	217.25191497802734	254.64710235595703
47093	orientation_diff	222.42330932617188	253.71541595458984
47094	orientation_diff	217.17078399658203	251.01278686523438
47095	orientation_diff	219.85001373291016	252.61095428466797
47096	orientation_diff	222.1276512145996	252.46549224853516
47097	orientation_diff	222.13293838500977	251.81237030029297
47098	orientation_diff	220.5496940612793	255.05537160237628
47099	orientation_diff	221.34131622314453	253.43387095133465
47100	orientation_diff	219.75807189941406	256.67687225341797
47101	orientation_diff	220.50678253173828	263.14596939086914
47102	orientation_diff	221.2076416015625	263.3761100769043
47103	orientation_diff	221.40533828735352	262.66185760498047
47104	orientation_diff	224.4805793762207	264.7810821533203
47105	orientation_diff	225.11908721923828	262.0599555969238
47106	orientation_diff	225.24646377563477	265.4741516113281
47107	orientation_diff	225.07119750976562	262.42939376831055
47108	orientation_diff	225.09723663330078	263.3321838378906
47109	orientation_diff	225.61676025390625	265.4302635192871
47114	orientation_diff	229.13429355621338	263.4670000076294
47115	orientation_diff	233.48482513427734	265.90441131591797
47116	orientation_diff	233.83429718017578	263.98461151123047
47117	orientation_diff	235.51950073242188	270.93807220458984
47119	orientation_diff	239.4374656677246	270.1726531982422
47120	orientation_diff	246.263427734375	276.14952850341797
47273	orientation_diff	856.6821422576904	670.4739112854004
47274	orientation_diff	855.5852394104004	675.6323127746582
47368	orientation_diff	505.8839683532715	888.9364624023438
47369	orientation_diff	504.1396179199219	889.3013687133789
47370	orientation_diff	504.13576889038086	888.5744590759277
47382	orientation_diff	835.9155578613281	719.0426788330078
47383	orientation_diff	834.3112182617188	719.7692203521729
47384	orientation_diff	832.8379859924316	721.5943660736084
47385	orientation_diff	832.5723571777344	720.5399971008301
47386	orientation_diff	504.4512367248535	872.3640213012695
47387	orientation_diff	505.8158359527588	871.2496376037598
47395	orientation_diff	196.97955703735352	298.8826904296875
47396	orientation_diff	198.6521987915039	302.96631240844727
47397	orientation_diff	202.04193115234375	302.97900009155273
47401	orientation_diff	207.6795310974121	301.23397064208984
47402	orientation_diff	207.20343780517578	303.00120544433594
47403	orientation_diff	206.69915771484375	300.2605285644531
47404	orientation_diff	207.2938117980957	304.79085540771484
47405	orientation_diff	209.01814651489258	301.8586082458496
47406	orientation_diff	211.5501937866211	305.7840042114258
47407	orientation_diff	213.57180404663086	304.02904891967773
47408	orientation_diff	215.65140533447266	305.8379821777344
47409	orientation_diff	219.33978652954102	305.76065826416016
47410	orientation_diff	219.6369743347168	305.45991134643555
47411	orientation_diff	220.58630752563477	307.7225341796875
47412	orientation_diff	221.67663955688477	305.12035179138184
47413	orientation_diff	217.03487396240234	306.44336318969727
47414	orientation_diff	215.23843383789062	308.93299102783203
47415	orientation_diff	222.47159576416016	306.03121185302734
47454	position_diff	794.1226577758789	283.76874923706055
47455	orientation_diff	790.3309860229492	287.24364471435547
47458	orientation_diff	789.9396553039551	282.98254013061523
47463	position_diff	791.2324371337891	290.28068923950195
47465	orientation_diff	788.8714179992676	290.6748733520508
47466	orientation_diff	783.1979656219482	283.5466499328613
47468	position_diff	787.92506980896	280.3728790283203
47469	position_diff	787.8083019256592	279.00543212890625
47470	orientation_diff	784.8612461090088	284.59771728515625
47471	position_diff	787.9369125366211	281.7151298522949
47472	orientation_diff	786.0806636810303	283.1813316345215
47473	orientation_diff	782.9393348693848	283.8123664855957
47478	orientation_diff	776.2276630401611	281.18525314331055
47480	orientation_diff	773.9350337982178	279.6096611022949
47482	orientation_diff	777.1051502227783	280.7057647705078
47485	orientation_diff	775.3913230895996	279.56742095947266
47486	position_diff	782.1967830657959	273.7731628417969
47487	orientation_diff	773.5252437591553	277.77845001220703
47488	orientation_diff	771.4711322784424	277.1632843017578
47489	orientation_diff	773.5253143310547	278.75627517700195
47490	orientation_diff	774.8463840484619	271.4151916503906
47491	orientation_diff	772.9588489532471	273.2315559387207
47492	orientation_diff	769.4056434631348	272.2285842895508
47493	orientation_diff	769.773853302002	270.21683502197266
47494	orientation_diff	769.1389274597168	270.1357841491699
47495	orientation_diff	772.6464385986328	265.16370010375977
47496	orientation_diff	773.0788249969482	273.77657318115234
47497	orientation_diff	776.8019847869873	267.1054744720459
47498	orientation_diff	775.6822052001953	269.2627410888672
47499	orientation_diff	769.8246574401855	264.5612335205078
47500	orientation_diff	767.9748153686523	261.0657653808594
47501	orientation_diff	769.6861572265625	262.8554039001465
47502	orientation_diff	767.2073783874512	265.0909061431885
47503	orientation_diff	765.1541633605957	265.0242500305176
47504	orientation_diff	763.6532135009766	262.51817321777344
47505	orientation_diff	763.5226898193359	257.4322032928467
47538	orientation_diff	920.912971496582	533.6244297027588
47539	orientation_diff	918.7077980041504	538.0991554260254
47540	orientation_diff	918.9275817871094	535.2263698577881
47541	orientation_diff	914.0599479675293	536.6452026367188
47542	orientation_diff	913.493408203125	531.4771919250488
47543	orientation_diff	915.5247688293457	533.5580997467041
47544	orientation_diff	911.9710655212402	535.2650527954102
47545	orientation_diff	910.2342567443848	534.5353813171387
47546	orientation_diff	909.837833404541	534.5084743499756
47547	orientation_diff	911.9677925109863	533.2977695465088
47548	orientation_diff	906.8391036987305	538.0855674743652
47549	orientation_diff	908.6710319519043	537.2230758666992
47550	orientation_diff	908.3928985595703	536.6279067993164
47551	orientation_diff	908.8968658447266	532.9478378295898
47552	orientation_diff	908.0375099182129	537.1580200195312
47553	orientation_diff	907.0507431030273	532.6107692718506
47604	orientation_diff	427.6355323791504	334.7553939819336
47606	orientation_diff	461.07947158813477	334.8258972167969
47607	orientation_diff	470.7136688232422	330.66918182373047
47611	orientation_diff	475.91385777791345	308.6755962371826
47623	orientation_diff	810.3449363708496	762.0520668029785
47626	orientation_diff	811.4277229309082	758.1078758239746
47627	orientation_diff	815.129861831665	751.9212894439697
47628	orientation_diff	812.5197219848633	751.1432723999023
47629	orientation_diff	812.6318511962891	751.519115447998
47630	orientation_diff	809.2623252868652	751.7790985107422
47632	orientation_diff	809.3270034790039	749.4853706359863
47640	orientation_diff	802.3727855682373	744.6503562927246
47830	orientation_diff	909.8539962768555	520.2545433044434
47877	orientation_diff	860.905101776123	698.596700668335
47878	orientation_diff	860.4033813476562	698.1150016784668
47879	orientation_diff	859.7345809936523	701.3516464233398
47880	orientation_diff	856.0174357096355	697.9306894938151
47881	orientation_diff	857.8760083516438	699.6411679585775
47882	orientation_diff	854.158863067627	696.2202110290527
47988	orientation_diff	596.0861892700195	412.7192916870117
47989	orientation_diff	589.152660369873	419.35932540893555
47990	orientation_diff	579.3493061065674	429.3235778808594
48121	orientation_diff	280.92285537719727	786.6054916381836
48128	orientation_diff	279.94839096069336	773.1033630371094
48135	orientation_diff	285.76859283447266	776.1904239654541
48136	orientation_diff	280.75843811035156	773.7033176422119
48137	orientation_diff	281.024845123291	775.7852592468262
48138	orientation_diff	288.9088668823242	773.7283344268799
48139	orientation_diff	287.38654708862305	771.576997756958
48140	orientation_diff	281.76469802856445	770.9175930023193
48148	orientation_diff	288.66148376464844	768.8766937255859
48149	orientation_diff	286.9697380065918	767.1885242462158
48150	orientation_diff	291.16094970703125	771.0845775604248
48151	orientation_diff	290.23590087890625	769.1309013366699
48152	orientation_diff	290.74769592285156	767.1848640441895
48153	orientation_diff	290.605712890625	763.8414897918701
48156	orientation_diff	634.8944282531738	345.02098846435547
48161	orientation_diff	606.752269744873	170.1684455871582
48162	orientation_diff	596.7646331787109	176.0497817993164
48163	orientation_diff	591.3018550872803	174.38445281982422
48164	orientation_diff	582.0304260253906	168.4274139404297
48165	orientation_diff	581.2469062805176	166.06269073486328
48166	orientation_diff	580.6659469604492	164.2343406677246
48167	orientation_diff	580.0849876403809	162.40599060058594
48168	orientation_diff	580.7736015319824	158.44588470458984
48169	orientation_diff	583.5091972351074	155.49356079101562
48170	orientation_diff	579.3558254241943	154.14502334594727
48260	orientation_diff	641.4694652557373	189.14904975891113
48261	orientation_diff	662.8706893920898	197.85254669189453
48296	orientation_diff	306.0878257751465	618.6314563751221
48297	orientation_diff	306.57861709594727	614.4876232147217
48302	orientation_diff	312.2267036437988	619.4303550720215
48303	orientation_diff	311.39783096313477	616.7881107330322
48304	orientation_diff	312.00867462158203	617.531120300293
48305	orientation_diff	311.9757652282715	616.8613624572754
48306	orientation_diff	308.37232971191406	614.545238494873
48307	orientation_diff	309.76584243774414	617.4594612121582
48308	orientation_diff	309.8662986755371	617.7781677246094
48309	orientation_diff	309.0490036010742	615.2827033996582
48310	orientation_diff	309.60157775878906	615.3602676391602
48311	orientation_diff	309.81974029541016	614.0803565979004
48312	orientation_diff	304.88414001464844	608.7375106811523
48313	orientation_diff	313.1137008666992	609.1065788269043
48314	orientation_diff	310.4637336730957	608.7291221618652
48315	orientation_diff	308.47312927246094	609.2175598144531
48316	orientation_diff	308.2948417663574	608.1280364990234
48317	orientation_diff	309.9832077026367	612.361644744873
48318	orientation_diff	313.685359954834	609.5710334777832
48319	orientation_diff	315.1814956665039	608.9575119018555
48320	orientation_diff	310.7796096801758	609.7016487121582
48321	orientation_diff	313.8373680114746	607.1599197387695
48322	orientation_diff	316.5661926269531	607.2792739868164
48323	orientation_diff	317.0023307800293	604.6847553253174
48324	orientation_diff	319.42269134521484	603.8717269897461
48325	orientation_diff	319.3762512207031	603.715238571167
48326	orientation_diff	321.8092803955078	604.3286781311035
48327	orientation_diff	323.7270393371582	605.0252056121826
48328	orientation_diff	326.92300033569336	601.2270431518555
48329	orientation_diff	325.9701728820801	601.4355087280273
48330	orientation_diff	322.8032808303833	600.9117441177368
48331	orientation_diff	323.8589115142822	601.086332321167
48332	orientation_diff	324.91454219818115	601.2609205245972
48338	orientation_diff	323.16767501831055	599.0305976867676
48339	orientation_diff	329.20629119873047	599.0221061706543
48340	orientation_diff	325.20902252197266	601.0753593444824
48341	orientation_diff	571.647331237793	126.4191780090332
48342	orientation_diff	567.8637771606445	130.2337303161621
48343	orientation_diff	565.6370544433594	128.50600814819336
48344	position_diff	861.3648433685303	583.584041595459
48345	orientation_diff	332.3304901123047	590.1563243865967
48346	orientation_diff	570.6037483215332	129.28872299194336
48347	orientation_diff	570.8917694091797	129.32986450195312
48348	orientation_diff	568.1633758544922	128.7306785583496
48349	orientation_diff	565.7849044799805	131.09618186950684
48350	orientation_diff	563.4064331054688	133.46168518066406
48352	orientation_diff	562.0732269287109	137.41530227661133
48354	orientation_diff	562.6872520446777	135.5189094543457
48355	orientation_diff	562.2628765106201	133.28367614746094
48360	orientation_diff	561.929256439209	133.17069625854492
48361	orientation_diff	559.7182579040527	132.97270965576172
48362	orientation_diff	558.3265686035156	134.75300979614258
48363	orientation_diff	560.8214530944824	134.78891372680664
48364	orientation_diff	558.781608581543	135.19661712646484
48365	orientation_diff	559.0662040710449	138.4221534729004
48366	orientation_diff	558.3599605560303	138.0201187133789
48367	orientation_diff	558.9244480133057	139.75864791870117
48368	orientation_diff	558.6983184814453	140.60890197753906
48586	orientation_diff	223.18264770507812	770.5508308410645
48587	orientation_diff	219.7544174194336	770.9775428771973
48588	orientation_diff	215.2942008972168	769.8459358215332
48589	orientation_diff	220.27470779418945	767.2473106384277
48590	orientation_diff	224.12089729309082	767.1339721679688
48594	orientation_diff	680.1950187683105	152.04943084716797
48595	orientation_diff	682.2627906799316	151.65736770629883
48596	orientation_diff	678.6276187896729	150.4659080505371
48597	orientation_diff	680.3430976867676	149.9100341796875
48598	orientation_diff	680.7806549072266	152.11806869506836
48599	orientation_diff	680.3307456970215	153.99466705322266
48600	orientation_diff	232.38136291503906	759.3685836791992
48601	orientation_diff	236.0508689880371	761.6397247314453
48602	orientation_diff	679.5400428771973	156.90768432617188
48603	orientation_diff	236.91780853271484	760.1579055786133
48604	orientation_diff	679.7091541290283	155.0840721130371
48605	orientation_diff	680.1404418945312	154.96038055419922
48606	orientation_diff	679.531982421875	155.37588500976562
48607	orientation_diff	679.556396484375	155.67555618286133
48608	orientation_diff	675.1130352020264	155.65641403198242
48609	orientation_diff	231.6926612854004	753.6246147155762
48610	orientation_diff	234.88518905639648	752.3097915649414
48611	orientation_diff	232.64453125	750.6972999572754
48612	orientation_diff	232.57326698303223	750.3030204772949
48613	orientation_diff	232.50200271606445	749.9087409973145
48614	orientation_diff	233.57935333251953	751.0873527526855
48615	orientation_diff	233.52218627929688	751.5005645751953
48616	orientation_diff	232.77168655395508	750.1247253417969
48617	orientation_diff	232.51512145996094	749.4565887451172
48618	orientation_diff	232.0049533843994	747.592212677002
48619	orientation_diff	226.9201889038086	745.4740600585938
48620	orientation_diff	228.4477310180664	744.9338302612305
48621	orientation_diff	228.82227325439453	745.4071350097656
48622	orientation_diff	679.9528846740723	155.98928451538086
48623	orientation_diff	676.510181427002	156.36926651000977
48624	orientation_diff	680.6024513244629	158.77236938476562
48625	orientation_diff	679.40380859375	159.0368194580078
48626	orientation_diff	679.2391204833984	160.34424591064453
48627	orientation_diff	678.3494873046875	164.54689025878906
48640	orientation_diff	265.71507263183594	716.0310211181641
48641	orientation_diff	264.50920486450195	715.3684387207031
48709	orientation_diff	377.2294807434082	847.4444236755371
48710	orientation_diff	378.85189056396484	849.51344871521
48711	orientation_diff	379.72926330566406	847.8101043701172
48712	orientation_diff	380.6604118347168	848.6282138824463
48713	orientation_diff	383.06552505493164	850.2471885681152
48714	orientation_diff	379.5850524902344	843.7857875823975
48715	orientation_diff	379.6509094238281	841.5005512237549
48716	orientation_diff	379.8762092590332	838.393310546875
48717	orientation_diff	382.8317642211914	838.2937660217285
48813	orientation_diff	613.7043361663818	900.081672668457
48815	orientation_diff	613.7275886535645	897.9944610595703
48818	orientation_diff	612.0898056030273	896.7744293212891
48819	orientation_diff	612.6674537658691	893.0686721801758
48838	position_diff	325.8332176208496	735.3373069763184
48841	position_diff	325.60377502441406	735.3022003173828
48940	orientation_diff	317.1033477783203	827.6822662353516
48941	orientation_diff	316.2247505187988	828.7203102111816
48942	orientation_diff	320.6925582885742	828.8628787994385
48943	orientation_diff	319.21105575561523	826.0557880401611
48944	orientation_diff	320.6310272216797	825.4688453674316
48946	position_diff	266.78199768066406	760.9702453613281
48947	position_diff	302.06969451904297	801.0242309570312
48948	position_diff	306.5248336791992	806.9628295898438
48949	position_diff	301.6734428405762	798.9584655761719
48950	position_diff	296.3268013000488	780.9751319885254
48951	position_diff	298.724308013916	782.292121887207
49116	orientation_diff	173.8554573059082	660.7064247131348
49128	orientation_diff	323.0981101989746	845.3950309753418
49129	orientation_diff	322.25879287719727	843.9643802642822
49134	orientation_diff	325.77481842041016	843.6337852478027
49139	orientation_diff	328.4852066040039	851.9801979064941
49148	orientation_diff	329.2170600891113	846.4439926147461
49149	orientation_diff	336.8066215515137	843.7732639312744
49150	orientation_diff	332.86767768859863	843.5048370361328
49151	orientation_diff	334.35404205322266	842.5028686523438
49212	orientation_diff	255.27183151245117	772.405933380127
49213	orientation_diff	254.4005355834961	769.4172821044922
49214	orientation_diff	258.2046356201172	769.9777145385742
49215	orientation_diff	256.9204788208008	771.7191581726074
49216	orientation_diff	256.2731170654297	770.2420654296875
49217	orientation_diff	254.58925247192383	768.5116577148438
49220	orientation_diff	257.2627067565918	767.144287109375
49221	orientation_diff	258.034423828125	769.2546310424805
49222	orientation_diff	257.3975944519043	768.8831443786621
49223	orientation_diff	254.86365127563477	772.2032432556152
49234	orientation_diff	264.314998626709	766.2327194213867
49235	orientation_diff	265.2771415710449	763.8969535827637
49236	orientation_diff	265.5084743499756	763.2762260437012
49237	orientation_diff	265.73980712890625	762.6554985046387
49238	orientation_diff	266.1374111175537	761.3985176086426
49239	orientation_diff	267.05456161499023	760.519115447998
49240	orientation_diff	267.98648834228516	758.6949405670166
49241	orientation_diff	270.0964660644531	751.5732917785645
49242	orientation_diff	273.3223991394043	753.0062103271484
49273	orientation_diff	135.8888168334961	411.2200698852539
49274	orientation_diff	139.5672721862793	409.62496757507324
49275	orientation_diff	140.8129539489746	411.555233001709
49276	orientation_diff	143.53227996826172	413.75682067871094
49277	orientation_diff	145.47956466674805	410.83544158935547
49278	orientation_diff	146.7443504333496	412.2498779296875
49358	position_diff	230.96601486206055	723.8468589782715
49359	orientation_diff	232.25784301757812	722.6799621582031
49368	orientation_diff	334.7269592285156	840.9320964813232
49544	position_diff	890.318977355957	495.87352180480957
49545	orientation_diff	888.5075378417969	499.01646614074707
49546	orientation_diff	887.4225921630859	499.6190357208252
49548	orientation_diff	884.3152923583984	500.18777656555176
49549	orientation_diff	886.9153518676758	499.9170799255371
49550	orientation_diff	885.6102523803711	502.66943740844727
49552	orientation_diff	881.7303810119629	495.7349052429199
49706	orientation_diff	537.851245880127	905.529411315918
49707	orientation_diff	537.7871437072754	904.8719291687012
49708	orientation_diff	538.0505638122559	906.7848930358887
49709	orientation_diff	541.6882972717285	903.2583084106445
49713	orientation_diff	535.6653289794922	902.411678314209
49714	orientation_diff	538.0956497192383	901.9144668579102
49715	orientation_diff	537.5372009277344	898.8971786499023
49716	orientation_diff	534.0712776184082	899.6743812561035
49717	orientation_diff	537.5655708312988	896.3005409240723
49718	orientation_diff	535.5088424682617	897.3947525024414
49719	orientation_diff	540.0680408477783	892.5041236877441
49720	orientation_diff	541.0981903076172	892.8877449035645
49721	orientation_diff	542.0327682495117	892.2673377990723
49882	orientation_diff	432.3910789489746	844.8797760009766
49883	orientation_diff	431.8179130554199	845.0388526916504
49886	orientation_diff	175.1175308227539	356.14698791503906
49887	orientation_diff	176.1356430053711	355.0936508178711
49892	orientation_diff	173.44220733642578	362.1426658630371
49895	orientation_diff	176.88788986206055	359.8525085449219
49896	orientation_diff	178.42428588867188	359.8098659515381
49897	orientation_diff	179.9606819152832	359.7672233581543
49898	orientation_diff	182.29154586791992	358.51284408569336
49899	orientation_diff	184.49136543273926	358.6088218688965
49900	orientation_diff	186.6911849975586	358.7047996520996
49901	orientation_diff	186.86720657348633	355.5183219909668
49916	orientation_diff	261.9859809875488	337.5445747375488
49917	position_diff	251.88787460327148	357.891300201416
49918	orientation_diff	233.2609748840332	213.56348037719727
49919	orientation_diff	232.87463760375977	214.0820655822754
49920	orientation_diff	233.7977752685547	213.81431579589844
49921	orientation_diff	232.4141845703125	215.1062355041504
49922	orientation_diff	234.9228057861328	213.72020721435547
49923	orientation_diff	237.43976211547852	213.77081680297852
49924	orientation_diff	236.03428649902344	214.67267990112305
49925	orientation_diff	236.02870178222656	214.5965461730957
49929	orientation_diff	238.0301628112793	215.6190528869629
49930	orientation_diff	240.41343307495117	219.97491073608398
49931	orientation_diff	242.64841079711914	221.24969482421875
49989	orientation_diff	300.6649055480957	342.12816619873047
49990	orientation_diff	298.6774024963379	341.52946853637695
50044	orientation_diff	156.92454147338867	381.18720626831055
50045	orientation_diff	159.9879493713379	380.14377212524414
50053	orientation_diff	792.9662666320801	246.59019088745117
50054	orientation_diff	793.1536617279053	247.09092712402344
50055	orientation_diff	790.8417091369629	246.17133712768555
50231	orientation_diff	444.60425567626953	888.6724090576172
50232	orientation_diff	444.9096031188965	887.9332618713379
50233	orientation_diff	442.6044807434082	887.1110610961914
50234	orientation_diff	443.0060729980469	886.3396377563477
50241	orientation_diff	446.5557518005371	879.7776679992676
50242	orientation_diff	444.24809646606445	879.2614822387695
50243	orientation_diff	441.70123291015625	878.346866607666
50244	orientation_diff	443.36207580566406	878.8927059173584
50245	orientation_diff	441.6113090515137	880.8611106872559
50246	orientation_diff	440.6904182434082	883.8228034973145
50247	orientation_diff	442.01710510253906	877.8053874969482
50248	orientation_diff	440.45866775512695	880.8629493713379
50249	orientation_diff	441.36910247802734	877.9551773071289
50250	orientation_diff	441.35747146606445	879.8313236236572
50251	orientation_diff	385.07609939575195	878.9855880737305
50252	orientation_diff	384.07140350341797	879.3478298187256
50253	orientation_diff	443.58742904663086	878.727180480957
50254	orientation_diff	442.72654724121094	878.8219718933105
50255	orientation_diff	442.181209564209	879.807336807251
50256	orientation_diff	442.3569145202637	879.6438941955566
50257	orientation_diff	441.97564697265625	879.8409576416016
50258	orientation_diff	442.23432540893555	879.740406036377
50259	orientation_diff	441.8982353210449	879.628080368042
50260	orientation_diff	446.2941207885742	884.7643928527832
50261	orientation_diff	445.690975189209	881.1230850219727
50262	orientation_diff	444.26559829711914	878.9038925170898
50263	orientation_diff	445.38794326782227	879.098352432251
50264	orientation_diff	445.2413330078125	877.5298118591309
50265	orientation_diff	445.89638900756836	875.5524139404297
50266	orientation_diff	449.1974639892578	875.4564018249512
50272	orientation_diff	448.4273376464844	864.9676551818848
50296	orientation_diff	384.3652038574219	857.7874565124512
50342	orientation_diff	425.8831367492676	848.8801422119141
50376	orientation_diff	608.9322280883789	125.245849609375
50377	orientation_diff	609.6661351521809	128.95037841796875
50378	orientation_diff	609.29918162028	127.09811401367188
50379	orientation_diff	610.033088684082	130.80264282226562
50380	orientation_diff	607.4204711914062	133.10136795043945
50481	orientation_diff	666.7990016937256	143.9595718383789
50482	orientation_diff	667.8416690826416	144.2877197265625
50484	orientation_diff	667.0259456634521	143.75081634521484
50485	orientation_diff	670.2110233306885	140.04341506958008
50486	orientation_diff	668.4371604919434	140.23844528198242
50487	orientation_diff	671.0310554504395	142.69068908691406
50488	orientation_diff	670.4422454833984	141.23843383789062
50489	orientation_diff	669.7935180664062	142.73463439941406
50490	orientation_diff	670.9611396789551	145.6780776977539
50491	orientation_diff	668.4109764099121	146.83564376831055
50492	orientation_diff	213.56248474121094	265.1311683654785
50493	orientation_diff	670.5173568725586	147.72980117797852
50494	orientation_diff	669.9768028259277	149.60691833496094
50495	orientation_diff	217.15372467041016	265.15389251708984
50496	orientation_diff	217.30389404296875	266.71018981933594
50497	orientation_diff	217.08767318725586	266.2385902404785
50498	orientation_diff	215.11092376708984	268.73322677612305
50499	orientation_diff	214.06806182861328	270.3673973083496
50500	orientation_diff	212.48116302490234	269.40709686279297
50501	orientation_diff	215.31720352172852	268.10095977783203
50502	orientation_diff	215.93848037719727	269.518497467041
50505	orientation_diff	215.16966247558594	284.6192092895508
50506	orientation_diff	218.046875	287.30469512939453
50507	orientation_diff	224.86795043945312	288.71284103393555
50508	orientation_diff	227.0797882080078	291.06110763549805
50509	orientation_diff	231.19227600097656	294.02941131591797
50510	orientation_diff	229.57384490966797	293.37205505371094
50511	orientation_diff	443.5703887939453	861.4260692596436
50512	orientation_diff	439.2946300506592	865.9377040863037
50513	orientation_diff	438.15746307373047	865.6571006774902
50514	orientation_diff	437.68688774108887	864.9814224243164
50515	orientation_diff	437.42677116394043	864.9057833353679
50516	orientation_diff	437.55682945251465	864.943602879842
50517	orientation_diff	437.2967128753662	864.8679637908936
50518	orientation_diff	437.1830654144287	863.8855514526367
50519	orientation_diff	435.73247718811035	863.7152404785156
50520	orientation_diff	436.53918838500977	861.5616836547852
50521	orientation_diff	435.1174545288086	858.6995620727539
50522	orientation_diff	434.9958152770996	857.7595024108887
50523	orientation_diff	435.36991119384766	853.0217056274414
50524	orientation_diff	439.00084686279297	852.6014022827148
50525	orientation_diff	436.1261177062988	848.5500774383545
50526	orientation_diff	436.28064346313477	847.1808586120605
50527	orientation_diff	434.9768524169922	840.1487102508545
50528	orientation_diff	435.03120613098145	838.0905590057373
